Using pre-set license
Built from '2022.3/respin/2022.3.62f2-4af31df585-v2' branch; Version is '2022.3.62f3 (96770f904ca7) revision 9860879'; Using compiler version '192829333'; Build Type 'Release'
OS: 'Windows 11  (10.0.26200) 64bit Professional' Language: 'en' Physical Memory: 16310 MB
BatchMode: 1, IsHumanControllingUs: 0, StartBugReporterOnCrash: 0, Is64bit: 1, IsPro: 1

COMMAND LINE ARGUMENTS:
C:\Program Files\Unity\Hub\Editor\2022.3.62f3\Editor\Unity.exe
-adb2
-batchMode
-noUpm
-name
AssetImportWorker4
-projectPath
C:/Users/user/Documents/Unity Projects/Paws
-logFile
Logs/AssetImportWorker4.log
-srvPort
61808
Successfully changed project path to: C:/Users/user/Documents/Unity Projects/Paws
C:/Users/user/Documents/Unity Projects/Paws
[UnityMemory] Configuration Parameters - Can be set up in boot.config
    "memorysetup-bucket-allocator-granularity=16"
    "memorysetup-bucket-allocator-bucket-count=8"
    "memorysetup-bucket-allocator-block-size=33554432"
    "memorysetup-bucket-allocator-block-count=8"
    "memorysetup-main-allocator-block-size=16777216"
    "memorysetup-thread-allocator-block-size=16777216"
    "memorysetup-gfx-main-allocator-block-size=16777216"
    "memorysetup-gfx-thread-allocator-block-size=16777216"
    "memorysetup-cache-allocator-block-size=4194304"
    "memorysetup-typetree-allocator-block-size=2097152"
    "memorysetup-profiler-bucket-allocator-granularity=16"
    "memorysetup-profiler-bucket-allocator-bucket-count=8"
    "memorysetup-profiler-bucket-allocator-block-size=33554432"
    "memorysetup-profiler-bucket-allocator-block-count=8"
    "memorysetup-profiler-allocator-block-size=16777216"
    "memorysetup-profiler-editor-allocator-block-size=1048576"
    "memorysetup-temp-allocator-size-main=16777216"
    "memorysetup-job-temp-allocator-block-size=2097152"
    "memorysetup-job-temp-allocator-block-size-background=1048576"
    "memorysetup-job-temp-allocator-reduction-small-platforms=262144"
    "memorysetup-allocator-temp-initial-block-size-main=262144"
    "memorysetup-allocator-temp-initial-block-size-worker=262144"
    "memorysetup-temp-allocator-size-background-worker=32768"
    "memorysetup-temp-allocator-size-job-worker=262144"
    "memorysetup-temp-allocator-size-preload-manager=33554432"
    "memorysetup-temp-allocator-size-nav-mesh-worker=65536"
    "memorysetup-temp-allocator-size-audio-worker=65536"
    "memorysetup-temp-allocator-size-cloud-worker=32768"
    "memorysetup-temp-allocator-size-gi-baking-worker=262144"
    "memorysetup-temp-allocator-size-gfx=262144"
Player connection [19620]  Target information:

Player connection [19620]  * "[IP] 192.168.100.239 [Port] 0 [Flags] 2 [Guid] 732551050 [EditorId] 732551050 [Version] 1048832 [Id] WindowsEditor(7,potata-prime) [Debug] 1 [PackageName] WindowsEditor [ProjectName] Editor" 

Player connection [19620] Host joined multi-casting on [225.0.0.222:54997]...
Player connection [19620] Host joined alternative multi-casting on [225.0.0.222:34997]...
Input System module state changed to: Initialized.
[PhysX] Initialized MultithreadedTaskDispatcher with 12 workers.
Refreshing native plugins compatible for Editor in 9.90 ms, found 4 plugins.
Preloading 0 native plugins for Editor in 0.00 ms.
Initialize engine version: 2022.3.62f3 (96770f904ca7)
[Subsystems] Discovering subsystems at path C:/Program Files/Unity/Hub/Editor/2022.3.62f3/Editor/Data/Resources/UnitySubsystems
[Subsystems] Discovering subsystems at path C:/Users/user/Documents/Unity Projects/Paws/Assets
GfxDevice: creating device client; threaded=0; jobified=0
Direct3D:
    Version:  Direct3D 11.0 [level 11.1]
    Renderer: NVIDIA GeForce RTX 4060 (ID=0x2882)
    Vendor:   NVIDIA
    VRAM:     7957 MB
    Driver:   32.0.15.7680
Initialize mono
Mono path[0] = 'C:/Program Files/Unity/Hub/Editor/2022.3.62f3/Editor/Data/Managed'
Mono path[1] = 'C:/Program Files/Unity/Hub/Editor/2022.3.62f3/Editor/Data/MonoBleedingEdge/lib/mono/unityjit-win32'
Mono config path = 'C:/Program Files/Unity/Hub/Editor/2022.3.62f3/Editor/Data/MonoBleedingEdge/etc'
Using monoOptions --debugger-agent=transport=dt_socket,embedding=1,server=y,suspend=n,address=127.0.0.1:56644
Begin MonoManager ReloadAssembly
Registering precompiled unity dll's ...
Register platform support module: C:/Program Files/Unity/Hub/Editor/2022.3.62f3/Editor/Data/PlaybackEngines/WindowsStandaloneSupport/UnityEditor.WindowsStandalone.Extensions.dll
Registered in 0.004777 seconds.
- Loaded All Assemblies, in  0.255 seconds
Native extension for WindowsStandalone target not found
Mono: successfully reloaded assembly
- Finished resetting the current domain, in  0.206 seconds
Domain Reload Profiling: 460ms
	BeginReloadAssembly (81ms)
		ExecutionOrderSort (0ms)
		DisableScriptedObjects (0ms)
		BackupInstance (0ms)
		ReleaseScriptingObjects (0ms)
		CreateAndSetChildDomain (1ms)
	RebuildCommonClasses (24ms)
	RebuildNativeTypeToScriptingClass (7ms)
	initialDomainReloadingComplete (44ms)
	LoadAllAssembliesAndSetupDomain (97ms)
		LoadAssemblies (79ms)
		RebuildTransferFunctionScriptingTraits (0ms)
		AnalyzeDomain (96ms)
			TypeCache.Refresh (94ms)
				TypeCache.ScanAssembly (85ms)
			ScanForSourceGeneratedMonoScriptInfo (0ms)
			ResolveRequiredComponents (0ms)
	FinalizeReload (206ms)
		ReleaseScriptCaches (0ms)
		RebuildScriptCaches (0ms)
		SetupLoadedEditorAssemblies (171ms)
			LogAssemblyErrors (0ms)
			InitializePlatformSupportModulesInManaged (8ms)
			SetLoadedEditorAssemblies (5ms)
			RefreshPlugins (0ms)
			BeforeProcessingInitializeOnLoad (2ms)
			ProcessInitializeOnLoadAttributes (119ms)
			ProcessInitializeOnLoadMethodAttributes (37ms)
			AfterProcessingInitializeOnLoad (0ms)
			EditorAssembliesLoaded (0ms)
		ExecutionOrderSort2 (0ms)
		AwakeInstancesAfterBackupRestoration (0ms)
========================================================================
Worker process is ready to serve import requests
Caller must complete domain reload
Begin MonoManager ReloadAssembly
- Loaded All Assemblies, in  0.475 seconds
Native extension for WindowsStandalone target not found
Mono: successfully reloaded assembly
- Finished resetting the current domain, in  0.619 seconds
Domain Reload Profiling: 1093ms
	BeginReloadAssembly (109ms)
		ExecutionOrderSort (0ms)
		DisableScriptedObjects (4ms)
		BackupInstance (0ms)
		ReleaseScriptingObjects (0ms)
		CreateAndSetChildDomain (16ms)
	RebuildCommonClasses (25ms)
	RebuildNativeTypeToScriptingClass (7ms)
	initialDomainReloadingComplete (32ms)
	LoadAllAssembliesAndSetupDomain (300ms)
		LoadAssemblies (217ms)
		RebuildTransferFunctionScriptingTraits (0ms)
		AnalyzeDomain (145ms)
			TypeCache.Refresh (126ms)
				TypeCache.ScanAssembly (116ms)
			ScanForSourceGeneratedMonoScriptInfo (14ms)
			ResolveRequiredComponents (4ms)
	FinalizeReload (619ms)
		ReleaseScriptCaches (0ms)
		RebuildScriptCaches (0ms)
		SetupLoadedEditorAssemblies (497ms)
			LogAssemblyErrors (0ms)
			InitializePlatformSupportModulesInManaged (4ms)
			SetLoadedEditorAssemblies (3ms)
			RefreshPlugins (0ms)
			BeforeProcessingInitializeOnLoad (53ms)
			ProcessInitializeOnLoadAttributes (414ms)
			ProcessInitializeOnLoadMethodAttributes (17ms)
			AfterProcessingInitializeOnLoad (5ms)
			EditorAssembliesLoaded (0ms)
		ExecutionOrderSort2 (0ms)
		AwakeInstancesAfterBackupRestoration (6ms)
Launched and connected shader compiler UnityShaderCompiler.exe after 0.03 seconds
Refreshing native plugins compatible for Editor in 7.08 ms, found 4 plugins.
Preloading 0 native plugins for Editor in 0.00 ms.
Unloading 3942 Unused Serialized files (Serialized files now loaded: 0)
Unloading 24 unused Assets / (56.4 KB). Loaded Objects now: 4412.
Memory consumption went from 138.1 MB to 138.0 MB.
Total: 6.073000 ms (FindLiveObjects: 0.423400 ms CreateObjectMapping: 0.226200 ms MarkObjects: 5.289900 ms  DeleteObjects: 0.132600 ms)

AssetImportParameters requested are different than current active one (requested -> active):
  custom:scripting/monoscript/fileName/PreferenceKeys.cs: 7859eba8df811149af48f0f2276a4bdd -> 
  custom:scripting/monoscript/fileName/AbsFilter.cs: eec45da3078262aefb7938df118ad87a -> 
  custom:scripting/monoscript/fileName/FbxAnimCurveKey.cs: 9fbd8256730f9061582d48eb9944b171 -> 
  custom:scripting/monoscript/fileName/FbxConstraintParent.cs: 567cb2edc39ae3219c9b505daf674f7b -> 
  custom:scripting/monoscript/fileName/SmoothGroupEditor.cs: 8bc2610f365dc4634fc8c31ccc969585 -> 
  custom:scripting/monoscript/fileName/BaseBrushUIGroup.cs: f3d79f09b8f41da79d38531e5168ee2f -> 
  custom:scripting/monoscript/fileName/DTSweep.cs: b489dbbdebbb3b9e956ffbc2a0d88071 -> 
  custom:scripting/monoscript/fileName/MeshValidation.cs: 96702c51dfa78152e589ae8ca081a783 -> 
  custom:scripting/monoscript/fileName/EditorHandleUtility.cs: 0ac2d22f358476e1b744f1f8895e1aba -> 
  custom:scripting/monoscript/fileName/NoneFractalType.cs: 25da773c57ca61106ec7fc86eb6373a7 -> 
  custom:scripting/monoscript/fileName/Filter.cs: 44a41dc767ec5f748893880acf05c662 -> 935824dbebf762a19f2d4c4751625fe2
  custom:scripting/monoscript/fileName/VertexPositionEditor.cs: 46d235253e54e23a363ea17144ac2a77 -> 
  custom:scripting/monoscript/fileName/ConnectElements.cs: b040b3cb3e9da34e655bb3a47bd46193 -> 
  custom:scripting/monoscript/fileName/FractalType.cs: f0a68b0494c41002f9f945e7b71b1216 -> 
  custom:scripting/monoscript/fileName/FbxShape.cs: 2a21f02fd9e62c646acad319734f118d -> 
  custom:scripting/monoscript/fileName/MeshHandle.cs: 4fb552a16b062d468ef698bbde7ead52 -> 
  custom:scripting/monoscript/fileName/Spline.cs: 4e387ee563fd6b588142d262df330d27 -> 
  custom:scripting/monoscript/fileName/EditorToolbarLoader.cs: fdf9b8f64a6e826326906d3119503c10 -> 
  custom:scripting/monoscript/fileName/TerrainToolboxUtilities.cs: a5dc108d5220e4b94b4ed137a0e429e4 -> 
  custom:scripting/monoscript/fileName/ShaderUtil.cs: 8aa3744413fbeaaae190f8c6dee6905f -> 
  custom:scripting/monoscript/fileName/DestroyListener.cs: 6be46e6f4b52a4b0718c2fb44268f9ce -> 
  custom:scripting/monoscript/fileName/MirrorObjects.cs: 352699d4a7651efc5cce5eea885082ac -> 
  custom:scripting/monoscript/fileName/ICustomSettings.cs: 4bc47e9c00373f861b48f19fe8f6ae73 -> 
  custom:scripting/monoscript/fileName/FbxNodeAttribute.cs: ad02766235b43e67881cc4772606f552 -> 
  custom:scripting/monoscript/fileName/SmudgeHeight.cs: 1462c04302f0981db09154b1f7d81802 -> 
  custom:scripting/monoscript/fileName/FbxLayerElementTemplateFbxColor.cs: 67fe6682d5c4e04a833c363e4d758dc1 -> 
  custom:scripting/monoscript/fileName/IHasDefault.cs: 01d6444158df331a838a77d2f5fc6309 -> 
  custom:scripting/monoscript/fileName/TriangulationPoint.cs: 32917afe2890c1499ece497286a4d04a -> 
  custom:scripting/monoscript/fileName/FbxExportTimelineAction.cs: e559b4fb29542e203982b9a404316b7b -> 
  custom:scripting/monoscript/fileName/LoadoutInfo.cs: 660f9f99b06f3cfdf56e6fc4f679894f -> 
  custom:container-demuxer-ogg: 62fdf1f143b41e24485cea50d1cbac27 -> 
  custom:scripting/monoscript/fileName/OpenMaterialEditor.cs: e48180fa4e846a1c9510af46c88df99b -> 
  custom:scripting/monoscript/fileName/UVEditor.cs: bb46d5bac7199bd3c17dd891460f80ff -> 
  custom:scripting/monoscript/fileName/FbxManager.cs: 23552d9ea4b9cd586cf62f846c77ccc9 -> 
  custom:scripting/monoscript/fileName/TriangulationContext.cs: c42f2501129644a7463ca94823659aca -> 
  custom:scripting/monoscript/fileName/StripProBuilderScripts.cs: 8d1118df1b038f5729efd517ae8a88bb -> 
  custom:scripting/monoscript/fileName/NoiseLib.cs: b7278e7e0a44a273dd60f7ead0b281ae -> 
  custom:scripting/monoscript/fileName/ExportObj.cs: c18a1561185a459c7d8d09a4d25283a2 -> 
  custom:scripting/monoscript/fileName/Heightmap.cs: b6d87f35c7d6c551db3a13a7afd2d798 -> 
  custom:scripting/monoscript/fileName/FbxAnimCurveBase.cs: 9fe9d6e0aecd8db0e60172d04d297415 -> 
  custom:scripting/monoscript/fileName/Fbx.cs: 7bfebcc1ae7f4cf3cf082b1383ace187 -> 
  custom:scripting/monoscript/fileName/FbxBlendShapeChannel.cs: 3a215ea3695097f400752aee08963ccf -> 
  custom:scripting/monoscript/fileName/ProBuilderAnalytics.cs: 2cd7a59044f39493e703b05f32b66c91 -> 
  custom:scripting/monoscript/fileName/EditorUtility.cs: 7f5f8fc8fe54686322795cdc77449b58 -> e48e64602babe8d4e820c8a476f3e0cb
  custom:scripting/monoscript/fileName/TerrainFillUtility.cs: bb73b867a8925602f4fa7777c7a52e7a -> 
  custom:scripting/monoscript/fileName/LogEditor.cs: 40340fd10eb0d8176aa6afc39bccbaf4 -> 
  custom:scripting/monoscript/fileName/PositionTool.cs: 2fd18bf8664a011c4421990ba96d6342 -> 
  custom:scripting/monoscript/fileName/Smoothing.cs: 330a1dd6217f1894b6d80984c74f9c02 -> 
  custom:scripting/monoscript/fileName/Debug.cs: 4c2f10687bd0c87c831e6811e627e0e6 -> 
  custom:scripting/monoscript/fileName/MergeElements.cs: c9b3400349305ddcd54accbdabf30f58 -> 
  custom:scripting/monoscript/fileName/IBrushUIGroup.cs: c361cdf51dd0f7ebe4a43835a80dab24 -> 
  custom:scripting/monoscript/fileName/ToolbarGroup.cs: 61877aef40bf12b94f4563196b114281 -> 
  custom:scripting/monoscript/fileName/FbxLayerElementTemplateFbxSurfaceMaterial.cs: e1cbaa144cc286681d8503e6027ad7eb -> 
  custom:scripting/monoscript/fileName/FbxPropertyEDecayType.cs: 52925515d890eaaad1885ac2cab26e28 -> 
  custom:scripting/monoscript/fileName/FbxLayerElementUV.cs: 3768c80af8f548fba07e2c5faa6364cd -> 
  custom:scripting/monoscript/fileName/BrushModeSmooth.cs: 9762aefe2e037dcf4702e36265e35152 -> 
  custom:scripting/monoscript/fileName/PolybrushMeshEditor.cs: a5ec6b3755e05d7130319baf99889a45 -> 
  custom:scripting/monoscript/fileName/DelaunayTriangle.cs: 908235f5d5e291f50089ca6a8bdf4c13 -> 
  custom:scripting/monoscript/fileName/BillowNoise.cs: 42426f7a4645fd7a235799b5cdc32b0b -> 
  custom:scripting/monoscript/fileName/FixedBitArray3.cs: bc9279bedd3a6bc1feb5645d9911ddcf -> 
  custom:scripting/monoscript/fileName/ConcavityFilter.cs: c1dd85d05ea4b694d69b549cc2dca1a3 -> 
  custom:scripting/monoscript/fileName/ConnectEdges.cs: 8f686a7fff4566a6aa5be848bd67c552 -> 
  custom:scripting/monoscript/fileName/GrowSelection.cs: de1d66ff5d47fd9485b62f0576610afb -> 
  custom:scripting/monoscript/fileName/DistributionSliderGUI.cs: cd4735ccbcd1478ef10d1340797ec107 -> 
  custom:scripting/monoscript/fileName/pb_Stl_Exporter.cs: a0bbf115d527a544930104c2dcebd300 -> 
  custom:scripting/monoscript/fileName/PaintTextureTool.cs: e6a804b11f28ca65760cf1d61e47057b -> 
  custom:scripting/monoscript/fileName/BrushModePaint.cs: ad731ab0efa5cd31747f925ba0a64283 -> 
  custom:scripting/monoscript/fileName/FbxConstraintRotation.cs: 3333049bba08581233d423cbcae9458d -> 
  custom:scripting/monoscript/fileName/EntityEditor.cs: a91f91f5e306a57ac3e888e91213305d -> 
  custom:scripting/monoscript/fileName/IntVec3.cs: 2c04041d253e07e499b1153625966a9e -> 
  custom:scripting/monoscript/fileName/DTSweepBasin.cs: 245db94975c479306e3cbdfe84d22fb1 -> 
  custom:video-codec-MediaFoundation-h265: 746d11721c4dcdbdad8f713fa42b33f4 -> 
  custom:scripting/monoscript/fileName/GenerateUV2.cs: 7e9f55032cd43909a50ad3d71fd47174 -> 
  custom:scripting/monoscript/fileName/Transform2D.cs: 99c230faf7d8b1d82d86bcfe0bdd121e -> 
  custom:scripting/monoscript/fileName/FbxIOBase.cs: b7908a419727520f0eb24140c7edaad4 -> 
  custom:scripting/monoscript/fileName/Math.cs: d29cb048762ac684bfa2f1f4430774cb -> 
  custom:scripting/monoscript/fileName/UVEditing.cs: 282cce0694f10e0de5a3bd7509995bd0 -> 
  custom:scripting/monoscript/fileName/PolygonSet.cs: 1d5b94bd81a36884686c2f6dc3640c06 -> 
  custom:scripting/monoscript/fileName/EditorShapeUtility.cs: b01457005654bb980604fba5d004d802 -> 
  custom:scripting/monoscript/fileName/ShapeMenuItems.cs: 5f7ac6f810ef27e38f22b209ac1fc203 -> 
  custom:scripting/monoscript/fileName/TextureRotateTool.cs: c2d0baad66e4308f6143c552f0536843 -> 
  custom:scripting/monoscript/fileName/TextureStitching.cs: 282cce0694f10e0de5a3bd7509995bd0 -> 
  custom:scripting/monoscript/fileName/FileUtility.cs: 04beb84589e064b503995a508183ab3a -> 2d70b80c72be1fb3b2b89ce0939e8cef
  custom:scripting/monoscript/fileName/VoronoiNoise.cs: ee0a21c6257a3f0f119e4e766436da28 -> 
  custom:scripting/monoscript/fileName/FbxSkeleton.cs: 5f421fe218c2cb9ba0356a7a8279fbcd -> 
  custom:scripting/monoscript/fileName/Prism.cs: c53bfe8cdbfb08eaf3dbf8c35a208bd4 -> 
  custom:scripting/monoscript/fileName/ExportStlBinary.cs: 5c64685a83bd5cbedf78a40252f3b12d -> 
  custom:scripting/monoscript/fileName/FillHole.cs: 49c97a483d8d6d36ce8ef90c74d4a79f -> 
  custom:scripting/monoscript/fileName/IBrushTerrainCache.cs: 90369d5d4a044058c0a92f0a57cff9cd -> 
  custom:scripting/monoscript/fileName/FbxLayer.cs: 7f5bb0bfd9e60d05e9ff383d46ec8267 -> 
  custom:scripting/monoscript/fileName/FbxFileTexture.cs: 093fe1d8d33acdb09ab59ebb9b725168 -> 
  custom:video-decoder-ogg-theora: a1e56fd34408186e4bbccfd4996cb3dc -> 
  custom:scripting/monoscript/fileName/ConstrainedPointSet.cs: c9342aea7930c4ca55cd85acb4b82d33 -> 
  custom:scripting/monoscript/fileName/PointOnEdgeException.cs: 9e0012c09b9fee63c09ec06c54fbb87d -> 
  custom:scripting/monoscript/fileName/PostProcessPrefabs.cs: 13d01213489803effa3f907206256e3e -> 
  custom:scripting/monoscript/fileName/SelectMaterial.cs: 9a86428319d18f00e00cf559df42df52 -> 
  custom:scripting/monoscript/fileName/TerrainToolboxVisualization.cs: 51cab2dadf57114a9411397e4253d36c -> 
  custom:scripting/monoscript/fileName/FbxScene.cs: 71ae3ce294fa1135cc2c4e9db34b0d1f -> 
  custom:scripting/monoscript/fileName/MenuItems.cs: 0d42edcc13b27bdfaeac15a126e93734 -> 
  custom:scripting/monoscript/fileName/FbxBindingTableEntry.cs: 605bd69e9b5692d5effddbfc32526f7b -> 
  custom:scripting/monoscript/fileName/SharpenPeaksTool.cs: 4c81589f7e304310b9bf07e39770a962 -> 
  custom:scripting/monoscript/fileName/DTSweepEdgeEvent.cs: 0fd87cf929642b86af7d774c6fbe71c0 -> 
  custom:scripting/monoscript/fileName/ContrastTool.cs: 4c1951307605f0beec328a06a898d6af -> 
  custom:scripting/monoscript/fileName/ProGridsInterface.cs: 495262c8bdcccdf28a7c22cd60c9f4e7 -> 
  custom:scripting/monoscript/fileName/PolybrushSettings.cs: 7a86956bdb6482957dafe063643fbd0f -> 
  custom:scripting/monoscript/fileName/HierarchyListener.cs: df959326ae23895096fc25ce5eee65bb -> 
  custom:scripting/monoscript/fileName/PolybrushMesh.cs: b13535429dd7631295d7f30f10258036 -> 
  custom:scripting/monoscript/fileName/Model.cs: 9856304bdbd2e76ecd815f3a6141f1cd -> 
  custom:scripting/monoscript/fileName/EntityVisibility.cs: 813cb3e764ffc83643f0aca9bfa0af07 -> 
  custom:scripting/monoscript/fileName/ExportAsset.cs: 64ea3c10f23669e99308cf5709607fe7 -> 
  custom:scripting/monoscript/fileName/BrushScatterVariator.cs: 4b7c31aad2fb4696955a4c583080b06a -> 
  custom:scripting/monoscript/fileName/TerrainSettings.cs: b5aea35d6e71e77b46eeffa77017f635 -> 
  custom:scripting/monoscript/fileName/PinchHeight.cs: c73bbe9e2240fabf64b31107b1b23686 -> 
  custom:scripting/monoscript/fileName/ProBuilderBridge.cs: 186617cd7b3fcd59d01fb5d92e4d7d07 -> 
  custom:scripting/monoscript/fileName/HydroErosion.cs: 84af384610ac3cf14ed423f2a226188b -> 
  custom:scripting/monoscript/fileName/EditorGUILayout.cs: af6b60ff05c0a0b5e8b12b58eeee0a3d -> 
  custom:scripting/monoscript/fileName/NoiseWindow.cs: 0d20bf0d60a95f1f4ca7bb9fe67398f3 -> 
  custom:scripting/monoscript/fileName/MaxFilter.cs: b81408d5c0bb352d5436a4eace4516b2 -> 
  custom:scripting/monoscript/fileName/ToggleHandleOrientation.cs: ff423b63e0ebde3f2c92755b6b7ee322 -> 
  custom:scripting/monoscript/fileName/EditorSnapping.cs: df92563ba70f0b4fd00aaa62e5c8ce20 -> 
  custom:framework-win-MediaFoundation: 216162199b28c13a410421893ffa2e32 -> 
  custom:scripting/monoscript/fileName/Normal.cs: 8aabbd74ea5a1bafd9f9f458ee31f0ea -> 
  custom:scripting/monoscript/fileName/FbxPropertyEWrapMode.cs: 27e00afb727c68841210366fd4f5c513 -> 
  custom:scripting/monoscript/fileName/SelectEdgeLoop.cs: 2335c8d843b8886988200cdd4d6db849 -> 
  custom:scripting/monoscript/fileName/FbxBlendShape.cs: a98858c64d72c6e061f0cb0d29151c84 -> 
  custom:scripting/monoscript/fileName/PolyGUILayout.cs: a2d931728dcc1c9d50835161d4589cd6 -> 
  custom:scripting/monoscript/fileName/DefaultBrushModifierKeys.cs: 6c3a5d7cd4a937da22e560786986baaa -> 
  custom:scripting/monoscript/fileName/Handles.cs: f2195f809ec78e95742e559ce449999f -> 
  custom:scripting/monoscript/fileName/PrefabAndSettings.cs: 0a674363a29bc97c29543bf4c51859b9 -> 
  custom:scripting/monoscript/fileName/MeshDebugTool.cs: 37611c9d109cb7f09200abdfa0dae3d7 -> 
  custom:scripting/monoscript/fileName/ThermalEroder.cs: 7e69c1378b1cd9cce2a8340a7e2b8578 -> 
  custom:scripting/monoscript/fileName/SplatSet.cs: 8cd131b8adb46833879b9eb4ec56c4d8 -> 
  custom:scripting/monoscript/fileName/FbxPropertyFlags.cs: 31b311a0ff82ed3ccc169e76c482eff1 -> 
  custom:scripting/monoscript/fileName/BrushTarget.cs: 1cebe5f4fedf7901a801065b3aa48d37 -> 
  custom:scripting/monoscript/fileName/HydraulicEroder.cs: 64e38060f50350f17719a98702355076 -> 
  custom:scripting/monoscript/fileName/InsertEdgeLoop.cs: 79633fa178da92a5c6294668ef444484 -> 
  custom:scripting/monoscript/fileName/FbxTimeSpan.cs: 5d2607b0cda668430aeb31b79ceef216 -> 
  custom:scripting/monoscript/fileName/VertexManipulationToolSettings.cs: c46b46378b08a08e84560f649870b305 -> 
  custom:scripting/monoscript/fileName/ExportModelEditorWindow.cs: cf701718ac83fb293467c7c3e1c28063 -> 
  custom:scripting/monoscript/fileName/IExportData.cs: fe9878291c2fc74de885772c14372b76 -> 
  custom:scripting/monoscript/fileName/PolybrushEditor.cs: bb02f12000caf1a044e160301581e313 -> 
  custom:scripting/monoscript/fileName/Util.cs: 8faf186b4bbf64a176189fb2de23bb5e -> 
  custom:scripting/monoscript/fileName/NoiseShaderGenerator.cs: da5831cc2231959a934e78f759d5ded8 -> 
  custom:scripting/monoscript/fileName/ProGridsIgnoreSnap.cs: a6e9a46f7d1ca1bca90f5934e2b8f31e -> 
  custom:scripting/monoscript/fileName/BrushModeRaiseLower.cs: 278f820d50964cad6079414acbcbd89a -> 
  custom:scripting/monoscript/fileName/SelectFaceLoop.cs: 41e1c4627a230cc32925e760a4ea1602 -> 
  custom:scripting/monoscript/fileName/FbxLayerElementTangent.cs: 2b2abf74c10dcaf3633f4d98533e4487 -> 
  custom:scripting/monoscript/fileName/LicenseEditor.cs: 63763a27e13858a79a8d582236d3aff4 -> 
  custom:scripting/monoscript/fileName/ExportModelSettings.cs: 50088f8dc6633493a2439a5a9c1e7481 -> 
  custom:scripting/monoscript/fileName/SelectPathFaces.cs: 80c6b565b5df1b6163de14f2f5623788 -> 
  custom:scripting/monoscript/fileName/ColorPaletteEditor.cs: b4a36a6140cfa45f721e8c6e642dd0be -> 
  custom:scripting/monoscript/fileName/NegateFilter.cs: 7c13689d916cde667e62e8d68c682c17 -> 
  custom:scripting/monoscript/fileName/ShapeState.cs: 3749e2c667cecc0f702ff706b018e886 -> 
  custom:scripting/monoscript/fileName/FbxSurfacePhong.cs: 813b21c1960d4edd5c5f62353114802e -> 
  custom:scripting/monoscript/fileName/PriorityQueue.cs: 0cdf409b5aa8d4c25876d72b5c6a3b60 -> 
  custom:scripting/monoscript/fileName/MaterialEditor.cs: f530beda68d4162ffebd1ab086eac73e -> 
  custom:scripting/monoscript/fileName/ProBuilderToolManager.cs: b1a465d81a664e6bb35ec8ea83bc4b74 -> 
  custom:scripting/monoscript/fileName/BrushTool.cs: 85d9c1772f81bc51861a29793c33aa6f -> 
  custom:scripting/monoscript/fileName/WindErosionTool.cs: c4fabfff0628525ee3df83e562f7560c -> 
  custom:scripting/monoscript/fileName/ObjExporter.cs: c82ccdbcc64a076a13c2f8aab8afbc5a -> 
  custom:scripting/monoscript/fileName/SlopeFilter.cs: e667eecb9e19a65e593fbc4a499591c2 -> 
  custom:scripting/monoscript/fileName/OpenVertexColorEditor.cs: 30ff560893ac054d11bcf5e0433eccba -> 
  custom:scripting/monoscript/fileName/PackageImporter.cs: 1fe0039e0f1efd9d08d3a2da485c6f93 -> 
  custom:scripting/monoscript/fileName/AttributeLayout.cs: 9b89cd2462186d7967cf59ff7451342c -> 
  custom:scripting/monoscript/fileName/UVRenderOptions.cs: cbafaf027c1745bc7e47ed02d4fc6533 -> 
  custom:scripting/monoscript/fileName/TooltipEditor.cs: 051c4adf0743255fa06a6508fb451a66 -> 
  custom:scripting/monoscript/fileName/SemVer.cs: 7dc1c3d122fbe1b513f4ed067a79851c -> 
  custom:scripting/monoscript/fileName/IBrushRotationController.cs: e23e00c29daa2db4793adaf7bb5003c3 -> 
  custom:scripting/monoscript/fileName/NoiseComponentEditor.cs: a42f479c5eae3b41397b90f2a38d3f4a -> 
  custom:scripting/monoscript/fileName/AttributeLayoutJsonEditor.cs: 8988a927113e14ef60e525a5f398a3d9 -> 
  custom:scripting/monoscript/fileName/IntVec4.cs: 4a457fdc2b6edfff9af20f31f74bc367 -> 
  custom:scripting/monoscript/fileName/FbxSurfaceLambert.cs: 913f4d72375b7f7e78565ef67e10c9da -> 
  custom:scripting/monoscript/fileName/FbxLayerContainer.cs: b8551e2966ce622b87cc1c0d7efe8675 -> 
  custom:scripting/monoscript/fileName/ShapeGenerator.cs: 8279205acb8a1e8bdcbaa5ab6a730a68 -> 
  custom:scripting/monoscript/fileName/InternalUtility.cs: b46a4bbee8883c649a48eca82d9c5113 -> 
  custom:scripting/monoscript/fileName/FbxPrefab.cs: 0d37a0275409adc5d549e4d1fc6d5bf7 -> 
  custom:scripting/monoscript/fileName/ConvertToPrefabEditorWindow.cs: 3236649dc377dd18cad8e7f8b876ec5b -> 
  custom:scripting/monoscript/fileName/FbxLayerElementArrayTemplateFbxSurfaceMaterial.cs: 21e550ba2ba7280355bc56f25c8e734e -> 
  custom:scripting/monoscript/fileName/GradientSerializer.cs: 6b7fa6800afb71dec66666b9d562e855 -> 
  custom:scripting/monoscript/fileName/FbxDocument.cs: 0550a92e67733c3dc5a87f70d596a44e -> 
  custom:scripting/monoscript/fileName/FbxPropertyELightType.cs: 4ac91b0f1a9bbd09fc595f357b2c3c6f -> 
  custom:scripting/monoscript/fileName/MenuAction.cs: 898ec4fe99f46e9006b47eb12b400bce -> 
  custom:scripting/monoscript/fileName/FbxQuaternion.cs: 50f937e4494a3493328884eacd695857 -> 
  custom:scripting/monoscript/fileName/FaceRebuildData.cs: 84b2db0355125c47a227c7fa1701067f -> 
  custom:scripting/monoscript/fileName/PreferenceDictionaryEditor.cs: 774f10560422addd57a825e7dbfea984 -> 
  custom:scripting/monoscript/fileName/PolyShapeTool.cs: 7bc678380b9081ce72ddf75ffd2e71dd -> 
  custom:scripting/monoscript/fileName/FbxAMatrix.cs: ceeb6eba84b583e8ed408cffdde01580 -> 
  custom:scripting/monoscript/fileName/FbxBindingTable.cs: 740dc5c493e5cc9529c43633fb8185b3 -> 
  custom:scripting/monoscript/fileName/Plane.cs: 10495ff9b800b2afa8268aeffb6ada07 -> 
  custom:scripting/monoscript/fileName/MeshSelection.cs: 1023d69f6dc6c80d3619702d1b000c52 -> 
  custom:scripting/monoscript/fileName/BuiltinMaterials.cs: f1801187dcebf42d4c70a9f4b283cc9a -> 
  custom:scripting/monoscript/fileName/AutoUVEditor.cs: a2d70cd5a5b723a42dd96d8849970c6c -> 
  custom:scripting/monoscript/fileName/HandleConstraint2D.cs: 0be005422d79e45e5239b3f12629e4ee -> 
  custom:scripting/monoscript/fileName/FbxStatus.cs: e0f858a177f1c1fb39ef05202160624e -> 
  custom:scripting/monoscript/fileName/IconImporter.cs: 2d62c02cc4cb901de901ddb71ac0c829 -> 
  custom:scripting/monoscript/fileName/PrefUtility.cs: 71ce90803e8fdc60b7b4c0d7ea11d3d2 -> 
  custom:scripting/monoscript/fileName/Experimental.cs: 91e9d2d4ec28f211f51aa6b3c2d6addc -> 
  custom:scripting/monoscript/fileName/ProbuilderScaleTool.cs: 2b819c71d43921e551cd144d387df88b -> 
  custom:scripting/monoscript/fileName/FbxMesh.cs: acc21884ec9f91bbf3a8d1f8e7820800 -> 
  custom:scripting/monoscript/fileName/ElementSelection.cs: c68aacab4736cb88931cbda58954f8b2 -> 
  custom:scripting/monoscript/fileName/BakeAdditionalVertexStreams.cs: 0cd348ed4de98c84c7963da5e66b5b47 -> 
  custom:CustomObjectIndexerAttribute: 9a22284fe3817be447336de3de66b15e -> 
  custom:scripting/monoscript/fileName/ConfigurableWindow.cs: 7bb4fff24b9a669048427ac0ab95d6c4 -> 
  custom:scripting/monoscript/fileName/TextureMoveTool.cs: ce8cacc59824d8cf57a35f09c16f8711 -> 
  custom:scripting/monoscript/fileName/SmartConnect.cs: 8e54477dfa9d32f8770b42f4e609398c -> 
  custom:scripting/monoscript/fileName/StrataFractalType.cs: ded195ca740e1d5403d9cd63e10add13 -> 
  custom:scripting/monoscript/fileName/FilterContext.cs: ed947e57b2f8dfddca5bb2ca357713a8 -> 
  custom:scripting/monoscript/fileName/HeightFilter.cs: 93c471cfcb972607d950b4436271ba09 -> 
  custom:scripting/monoscript/fileName/FlipObjectNormals.cs: 5609faa163c9a11dab9cd43e902b823c -> 
  custom:scripting/monoscript/fileName/Edge.cs: 057c878f971a98ac6fecd89263127db8 -> 
  custom:scripting/monoscript/fileName/Globals.cs: be110017fafd9c73fa3c7cb5418284c9 -> 
  custom:scripting/monoscript/fileName/BezierPoint.cs: 34833cc72fdb3a48f1f4d008cbd59fdb -> 
  custom:scripting/monoscript/fileName/ProBuilderShapeEditor.cs: e9de23e6a3e5ceebe7af47bb766a8898 -> 
  custom:scripting/monoscript/fileName/Projection.cs: ed09dc3fa75f6d964258c142443c8e2f -> 
  custom:scripting/monoscript/fileName/EditorHandleDrawingScopes.cs: fa69dc0aae38f933c4768b1a381f6f16 -> 
  custom:scripting/monoscript/fileName/FbxConstraint.cs: bef035e770af75152f9736986a060ae9 -> 
  custom:scripting/monoscript/fileName/NoiseFilter.cs: 26ebbe64769f7ff707c19b1da586af35 -> 
  custom:scripting/monoscript/fileName/MaterialUtility.cs: 39fc2b5fdbf10826d74b00a710dbbd4b -> 
  custom:scripting/monoscript/fileName/BrushModeMesh.cs: 0d383ad89d94110c67474666931f1f36 -> 
  custom:scripting/monoscript/fileName/VectorMask.cs: f37b197a0f2e7d76768feac2551f97f2 -> 
  custom:scripting/monoscript/fileName/BridgeEdges.cs: 7b3cbd3298c1cacf3fd10a2c13fb2858 -> 
  custom:scripting/monoscript/fileName/TwistHeight.cs: 4d6e84dc15af95271f9879bac25b45a0 -> 
  custom:scripting/monoscript/fileName/ExportPly.cs: 570e49f6204b40b7c2281c056489e701 -> 
  custom:scripting/monoscript/fileName/FbxAxisSystem.cs: 3ba61d9c458d48f1830eeaf919a573ab -> 
  custom:scripting/monoscript/fileName/ToggleDragSelectionMode.cs: 6a922485a12d7e52256776f0adc1d3b0 -> 
  custom:scripting/monoscript/fileName/ExportSettings.cs: 4fe3228d8cec84cbd2fe7ccb66c3e931 -> 
  custom:scripting/monoscript/fileName/NativeMethods.cs: 3feaaf1e162570d34e42584823c3cd96 -> 
  custom:scripting/monoscript/fileName/IBrushEventHandler.cs: 648ef116e9374d8323af7e53add8a21d -> 
  custom:scripting/monoscript/fileName/SmartSubdivide.cs: e83627bb1da7bd1a9a208feb135dee35 -> 
  custom:scripting/monoscript/fileName/EdgeLookup.cs: 1933ab40224290e9191c61e11eab2868 -> 
  custom:scripting/monoscript/fileName/TriangulateFaces.cs: 7d58267eca67ed800671b3fe1771472b -> 
  custom:scripting/monoscript/fileName/HandleUtility.cs: 3a2b940ef1063bb7ed90d70b8e902cf5 -> 
  custom:container-demuxer-webm: 4f35f7cbe854078d1ac9338744f61a02 -> 
  custom:scripting/monoscript/fileName/IPriorityQueue.cs: 90647cc400823b41df847a6cbfc29026 -> 
  custom:scripting/monoscript/fileName/BoundsUtility.cs: 9cfbb798a4ff3aff949740a99108a287 -> 
  custom:scripting/monoscript/fileName/SurfaceTopology.cs: 9526d30cd2f928b0eb81e56b5d034cc7 -> 
  custom:scripting/monoscript/fileName/DrawShapeTool.cs: ac1712ae32bc97f8f4f25c7ab7b85183 -> 
  custom:scripting/monoscript/fileName/BrushModePrefab.cs: 97ff9cf27cf7c218e6eeb4707f634ecd -> 
  custom:scripting/monoscript/fileName/DetachFaces.cs: cf9073f1266f2923b20679a1bde3c8c0 -> 
  custom:scripting/monoscript/fileName/FbxCluster.cs: da8abc8a471c252ab20f37672a71294e -> 
  custom:scripting/monoscript/fileName/MergeObjects.cs: 11f6d640a9d3c77be19a9d5930aa559d -> 
  custom:scripting/monoscript/fileName/ShapeState_DrawBaseShape.cs: e0d5b8da05d52dbfb8f12dcc42366618 -> 
  custom:scripting/monoscript/fileName/Cylinder.cs: c1df0163afb2da9cb82c7acacf1ed730 -> 
  custom:scripting/monoscript/fileName/FbxLayerElementBinormal.cs: 79b92f8d75f3392867b4e08b0bc010bc -> 
  custom:scripting/monoscript/fileName/FbxPropertyEGateFit.cs: d574bcd3d387155bb8ad22d046aba357 -> 
  custom:scripting/monoscript/fileName/FbxLayerElementMaterial.cs: 8c9dc6eccc3eb760e041679d54fb684e -> 
  custom:scripting/monoscript/fileName/BlurFilter.cs: 4bded063ee5a1d630a11ba413c1b48a1 -> 
  custom:scripting/monoscript/fileName/ThermalErosionTool.cs: 5f881ed20a33bb3f8edf03dcbde9dd39 -> 
  custom:scripting/monoscript/fileName/ArrayUtility.cs: 1a4a57b6fbdf126f88c3fded2fdb776b -> 
  custom:scripting/monoscript/fileName/NoiseSettingsAssetEditor.cs: 73af756cb55ed1a080c1e5070b684cf8 -> 
  custom:scripting/monoscript/fileName/BrushModeTexture.cs: beb1027957a0f11b7e4308b7086a5289 -> 
  custom:scripting/monoscript/fileName/ProbuilderRotateTool.cs: 46e8d522aca3344981cffc698ba16ada -> 
  custom:scripting/monoscript/fileName/ProBuilderShape.cs: 3618f60e8d988cd8a0d66f0d060fd11a -> 
  custom:scripting/monoscript/fileName/UnwrapParameters.cs: 644d0ce037708f9b6663416e490c0d59 -> 
  custom:scripting/monoscript/fileName/FbxDocumentInfo.cs: 863cb0899b508f7826edd27548c99530 -> 
  custom:scripting/monoscript/fileName/FbxSkin.cs: 72472130cbf13c197e5a2956817d0bbe -> 
  custom:scripting/monoscript/fileName/FbxConstraintAim.cs: 8042fd5ecfe9611849c3efd3eae14f36 -> 
  custom:scripting/monoscript/fileName/ComplementFilter.cs: 8c6d904118843bd7c3ac329072b1e7bf -> 
  custom:scripting/monoscript/fileName/OverlayRenderer.cs: 0388742b1599d907de14c6da1495e0b9 -> 
  custom:scripting/monoscript/fileName/ITriangulatable.cs: 5f8974429dff74ed7b6ecd00071f21a9 -> 
  custom:scripting/monoscript/fileName/FbxLayerElementArrayTemplateFbxVector4.cs: abba7e9bde8ed41768aeb11419eadebe -> 
  custom:scripting/monoscript/fileName/UnityScenePostProcessor.cs: 3af372e3e8128a470ce2c75685918c73 -> 
  custom:scripting/monoscript/fileName/FbxImporter.cs: c3c30d73aea4c9486679b1cb2c42fcc9 -> 
  custom:scripting/monoscript/fileName/DuplicateFaces.cs: 5ac5a69e6f038f9fa1492c8090a28996 -> 
  custom:scripting/monoscript/fileName/IHasPreferences.cs: a5f85efc1fefea988fce750a73fadae7 -> 
  custom:scripting/monoscript/fileName/SelectionPickerRendererHDRP.cs: e1a12a27c7781421a618a7721df48c68 -> 
  custom:scripting/monoscript/fileName/LayerFilter.cs: e077d2014f1431925e82af8979171080 -> 
  custom:scripting/monoscript/fileName/FbxAnimCurveDef.cs: 740d8ae75b4a6076bf9e3e485b5b77f1 -> 
  custom:scripting/monoscript/fileName/ValueNoise.cs: 5fd3e80ed38b7f3cbaad41b4857480dd -> 
  custom:scripting/monoscript/fileName/DTSweepPointComparator.cs: 797b86f3c76f8674cd07c1b4091aebb1 -> 
  custom:scripting/monoscript/fileName/FixedArray3.cs: 90647cc400823b41df847a6cbfc29026 -> 
  custom:scripting/monoscript/fileName/ProBuilderSnapping.cs: 299be986ce6dd2a383c58b87f56cf5bc -> 
  custom:scripting/monoscript/fileName/FbxAnimCurve.cs: 1c6d4e7669f1bc6ab32b5099f00d5d1f -> 
  custom:scripting/monoscript/fileName/MenuToolToggle.cs: 2abf8abff0704256700f4bae8074325c -> 
  custom:scripting/monoscript/fileName/Cone.cs: 3ac9bedd6ed3a29bf5087d05f2c8a2a9 -> 
  custom:scripting/monoscript/fileName/BrushModeSculpt.cs: edc8d8b85023ef5748d55f9a342b38d1 -> 
  custom:scripting/monoscript/fileName/SelectRing.cs: 6912c38cf645b01b143799d78cd61ef1 -> 
  custom:scripting/monoscript/fileName/EntityUtility.cs: b021dbc0e14e8512304615a12fc46603 -> 
  custom:scripting/monoscript/fileName/SubdivideEdges.cs: ea38859c9b60817b797cd0bc73fe7421 -> 
  custom:scripting/monoscript/fileName/EditorToolbarMenuItems.cs: 46058aaf6133ec8b6c96241a03c62a3a -> 
  custom:scripting/monoscript/fileName/ProbuilderMoveTool.cs: 0bc95615dcf63b5cbaf368eee6b40041 -> 
  custom:scripting/monoscript/fileName/TriangulationDebugContext.cs: 87fbe3212c108a097e48e0b9075b23af -> 
  custom:scripting/monoscript/fileName/CutTool.cs: e6300f07efa58b123cc9c4077043e15d -> 
  custom:scripting/monoscript/fileName/FbxAnimCurveNode.cs: 045cd34a26302a4340887f5c3df9fa56 -> 
  custom:scripting/monoscript/fileName/NoiseFieldView.cs: b7a2dbb01a6982fddace5cd39506bf87 -> 
  custom:scripting/monoscript/fileName/TerrainCreationSettings.cs: 498edb7316432962e83cd369d4324ec0 -> 
  custom:scripting/monoscript/fileName/SplitVertices.cs: 30ce1208e3cd3ede28dd939c947c561b -> 
  custom:scripting/monoscript/fileName/ActionResult.cs: 878c00c54fb54c01804190a9d0655ed4 -> 
  custom:scripting/monoscript/fileName/Polygon.cs: 5ac035759c9f8a76e3cbcd97006ade55 -> 
  custom:scripting/monoscript/fileName/BrushSettings.cs: e0c059dbf8095a9b329bb54ea9bbd088 -> 
  custom:scripting/monoscript/fileName/KdTree.cs: fa1071bf87824d896f817aa60401970b -> 
  custom:scripting/monoscript/fileName/ConvertToPrefabSettings.cs: 51fc9323133a3116f2cf5fdc2eaf37af -> 
  custom:scripting/monoscript/fileName/ExportNoiseWindow.cs: 0f5b6bac20cd34fc9fda83fb4100c836 -> 
  custom:scripting/monoscript/fileName/SceneUtility.cs: 437e63f17d37986a83cc39fdecbc1360 -> 
  custom:scripting/monoscript/fileName/TerrainToolUtility.cs: 244a0f70e48dd3483087b7779dcf1761 -> 
  custom:scripting/monoscript/fileName/FbxNull.cs: 36aaf400046069e6292d17219d1c069c -> 
  custom:scripting/monoscript/fileName/OpenUVEditor.cs: cb3d61ee3cb3d622ab4668fb4c46395b -> 
  custom:scripting/monoscript/fileName/FbxEntryView.cs: dda744d71a7635018a7cc355b067f8de -> 
  custom:scripting/monoscript/fileName/DeleteFaces.cs: 6b563d42d9e83bc675dc19702c968415 -> 
  custom:scripting/monoscript/fileName/ExportNoiseGUI.cs: bdf46c6765465a3b579f10c67c7b8bc9 -> 
  custom:scripting/monoscript/fileName/SetCollider.cs: eae49933455a2c9b95713257135e4d8f -> 
  custom:scripting/monoscript/fileName/PrefabPalette.cs: 020ad89cb8deeb7ff64c8fe341cedae5 -> 
  custom:scripting/monoscript/fileName/BezierShape.cs: b5801eb32f53d6731ef1dbd52394d0d7 -> 
  custom:scripting/monoscript/fileName/Changelog.cs: e4a5e52a389250dd1ed5a9c2a15fa8a1 -> 
  custom:scripting/monoscript/fileName/FbxImplementation.cs: 7b47a353c3978648ba37a31403bb9735 -> 
  custom:scripting/monoscript/fileName/pb_Stl_Importer.cs: d65407d7fe02c27f450e320f523317a6 -> 
  custom:scripting/monoscript/fileName/z_AdditionalVertexStreams.cs: 9fd252dcba4c7c9f6d2907502793e3f5 -> 
  custom:scripting/monoscript/fileName/FbxLayerElementTemplateFbxVector4.cs: 33022fe870edf908b370d76dc35c9c8f -> 
  custom:scripting/monoscript/fileName/AdvancingFrontNode.cs: 03e5d4b9222c4095e8449306398434f5 -> 
  custom:scripting/monoscript/fileName/ProBuilderInterface.cs: f687b6f4d626c6ac55e929eee00e1d6d -> 
  custom:scripting/monoscript/fileName/FbxPropertyEBlendMode.cs: b3f5b36afebc764d62687b9487a92855 -> 
  custom:scripting/monoscript/fileName/ProBuilderize.cs: 006fb89e624c26dbea4b2af78139477c -> 
  custom:scripting/monoscript/fileName/TerrainToolboxSettings.cs: 6c9485898c1d0d4e212a8c7253774f20 -> 
  custom:scripting/monoscript/fileName/CommonEdge.cs: 62a0f10b1b5f789c5f3080b78656547e -> 
  custom:scripting/monoscript/fileName/DeleteElements.cs: 4c13bc6aa328361166e449ea1ebb36f9 -> 
  custom:scripting/monoscript/fileName/Door.cs: 01c9614e23978f328b71d053948f991a -> 
  custom:container-muxer-webm: aa71ff27fc2769a1b78a27578f13a17b -> 
  custom:scripting/monoscript/fileName/PolyMesh.cs: 0a933c4b0e6fac014dea4a50ccafb456 -> 
  custom:scripting/monoscript/fileName/FbxCollection.cs: a7719a3c7d0f9755fa5160248c6f774d -> 
  custom:scripting/monoscript/fileName/TerrainPalette.cs: 442c8043e3a423e9bfc363913f2310bc -> 
  custom:scripting/monoscript/fileName/BrushSpacingVariator.cs: fffe8cd5ea384ad91e99ec1323918e4a -> 
  custom:scripting/monoscript/fileName/VertexManipulationTool.cs: 285f01fa4b22517173c175fb8dc94e60 -> 
  custom:scripting/monoscript/fileName/VertexUtility.cs: 052e4b725d8884d92d676e6d212b34e9 -> 
  custom:scripting/monoscript/fileName/RemapFilter.cs: 239f78308a6dad0764aa10ce8b541586 -> 
  custom:scripting/monoscript/fileName/EditorToolsContexts.cs: 2d17066c287657c5db318975da74e7af -> 
  custom:scripting/monoscript/fileName/CloneBrushTool.cs: 5d261fbce7065a31431e535fdc703077 -> 
  custom:scripting/monoscript/fileName/Version.cs: 2ea90d0bd9a7e2100b7bd9e5a7cff1d5 -> 
  custom:scripting/monoscript/fileName/ObjectPool.cs: 90647cc400823b41df847a6cbfc29026 -> 
  custom:scripting/monoscript/fileName/SubMesh.cs: c705873f5fbdc7fc35376f4b71cd91a3 -> 
  custom:scripting/monoscript/fileName/PowerFilter.cs: 3f83b308f8aa1802eb1e2d6a05319c53 -> 
  custom:video-decoder-webm-vp8: 9c59270c3fd7afecdb556c50c9e8de78 -> 
  custom:scripting/monoscript/fileName/FbxRotationCurve.cs: b3d987039abb603e65dafcc714be9395 -> 
  custom:scripting/monoscript/fileName/ShaderMetaDataUtility.cs: 0f68828362ed09bc31792cb99e3af962 -> 
  custom:scripting/monoscript/fileName/PolyAsset.cs: bbbee96ae71f7894696168a6e787ec75 -> 
  custom:scripting/monoscript/fileName/FbxNurbsCurve.cs: 7351470297bac997ad5edd9cd3f442bd -> 
  custom:scripting/monoscript/fileName/ToggleSelectBackFaces.cs: cd800d355c36b0670ead69c584432936 -> 
  custom:scripting/monoscript/fileName/MultiplyFilter.cs: dd63ab1d299eac3771ba4417ba375f67 -> 
  custom:scripting/monoscript/fileName/MinFilter.cs: 2c244a65e7fa98d1553885f153f1aceb -> 
  custom:scripting/monoscript/fileName/IBrushSmoothController.cs: 6eba50a9110366b69fa8939e6df9659e -> 
  custom:scripting/monoscript/fileName/EditorStyles.cs: d933620442e94f395abad499f0a07844 -> 
  custom:scripting/monoscript/fileName/PrefabLoadoutEditor.cs: 56c8937838f8f6e498a5c031b5c9e8b2 -> 
  custom:scripting/monoscript/fileName/IconUtility.cs: 81e7ae93b6e16efdad5e6106b1358486 -> 
  custom:scripting/monoscript/fileName/FbxPropertyChannelPair.cs: 762d796c1a9204bcde8e30ce0bfeb4d9 -> 
  custom:scripting/monoscript/fileName/FbxGeometry.cs: 48013c33c3d7f63d61eeadad3653c3fa -> 
  custom:scripting/monoscript/fileName/FbxDataType.cs: 8afa2284a1d3520c6c7b056b41c013dd -> 
  custom:scripting/monoscript/fileName/IntVec2.cs: 08f3ad76946da3616135c08e32f0dd9a -> 
  custom:scripting/monoscript/fileName/FbxLayerElementVertexColor.cs: a848de8bf2124bd81bf8bcb7a2d65b0d -> 
  custom:scripting/monoscript/fileName/PointSet.cs: 856b6b7048d351f3361fd73be98c133e -> 
  custom:scripting/monoscript/fileName/GeneratedShaderInfo.cs: e2948832f770475796b32f4675121e14 -> 
  custom:SearchIndexIgnoredProperties: e643bd26f0fe6173181afceb89e7c659 -> 
  custom:scripting/monoscript/fileName/FbxDouble4x4.cs: ae149be842cc8e03152b34b334239b73 -> 
  custom:scripting/monoscript/fileName/SelectionPickerRenderer.cs: ebb4947fce4540eba10b7d1df3164b8c -> 
  custom:scripting/monoscript/fileName/Extrude.cs: 34a5e82da627ee072b8b3873fd02e1ab -> 
  custom:AudioImporter_EditorPlatform: d09bf68614088b80899f8185d706f6e7 -> 
  custom:scripting/monoscript/fileName/PolybrushSettingsProvider.cs: 3c64d14a3715108eee2d8c87a1464b1e -> 
  custom:scripting/monoscript/fileName/ReflectionUtility.cs: bc1f54119a20b567a654dbc9d2a6ed7f -> 
  custom:scripting/monoscript/fileName/AspectFilter.cs: fb0af1ff0282a61b75d780590b69db91 -> 
  custom:scripting/monoscript/fileName/FbxPropertyFloat.cs: c363c4af4c6e907f7bd3c82665343894 -> 
  custom:scripting/monoscript/fileName/EditableObject.cs: d43824d7166c8897567beda97b909355 -> 
  custom:scripting/monoscript/fileName/ComponentIndex.cs: 39b22662a9da5e85c836f667f01f70c7 -> 
  custom:scripting/monoscript/fileName/LightmapUVEditor.cs: 4a5ea877356561228eed906adcd3bedb -> 
  custom:scripting/monoscript/fileName/PreferencesUpdater.cs: 83612b3eb5c9f939088fe8899554f47b -> 
  custom:scripting/monoscript/fileName/FbxLayerElementNormal.cs: 26c5093132973342a1cf62e727ceabf9 -> 
  custom:scripting/monoscript/fileName/PrefabPaletteEditor.cs: 5692ef0c2f7b13184145c5b987dfcc29 -> 
  custom:scripting/monoscript/fileName/FbxIOPluginRegistry.cs: 80f28650270352b658e89584ba53cf78 -> 
  custom:scripting/monoscript/fileName/Arch.cs: b067ac6b52031bd7322d6f3511ad169c -> 
  custom:scripting/monoscript/fileName/FbxConstraintPosition.cs: d2eff2c9ae30cc45f159fb343326a38b -> 
  custom:scripting/monoscript/fileName/FbxEmitter.cs: d089011a2111ed9ba11a9c8860650eb8 -> 
  custom:scripting/monoscript/fileName/ConnectVertices.cs: 8257d8a693dec45e625c35a99914af6f -> 
  custom:scripting/monoscript/fileName/NoiseUtils.cs: faeef5320eb33c91850ada4ff1b45027 -> 
  custom:scripting/monoscript/fileName/FbxMatrix.cs: 2c5d11da739bae5ab7a9e6287e3f635f -> 
  custom:scripting/monoscript/fileName/EntityBehaviour.cs: 7a0182fad58e8b86f5d1052d96507e02 -> 
  custom:scripting/monoscript/fileName/ColorMask.cs: a25e82598c03d90bc54d67eeaeb16981 -> 
  custom:scripting/monoscript/fileName/FbxExporterRepairMissingScripts.cs: 820d40b5e304f02a2207f1df5b1786dd -> 
  custom:scripting/monoscript/fileName/Entity.cs: 46f49b609c478dd10de66061000fec95 -> 
  custom:scripting/monoscript/fileName/ProBuilderEditor.cs: 2dba96b7748ca8a4b559fcb455a58b78 -> 
  custom:scripting/monoscript/fileName/FbxDoubleTemplates.cs: 1f4bbdb65eab2cdcb62f8165d2d82517 -> 
  custom:scripting/monoscript/fileName/MeshTransform.cs: 558feaf5ce4456f3514221266af9489f -> 
  custom:scripting/monoscript/fileName/ExportStlAscii.cs: 9a4dfdfba98097a3c691a44b59f67ad6 -> 
  custom:scripting/monoscript/fileName/SplatWeightEditor.cs: 97d595152c4387609ea4f2515eb6fcb7 -> 
  custom:scripting/monoscript/fileName/CenterPivot.cs: 0540fa0c3bb9c7b452e63f89e313456c -> 
  custom:scripting/monoscript/fileName/OffsetElements.cs: 112aeff604960ea9032670cfb4a87fc1 -> 
  custom:scripting/monoscript/fileName/IBrushRenderWithTerrain.cs: cf6f1366b8d01719796bb34375dff90e -> 
  custom:scripting/monoscript/fileName/AppendElements.cs: 48197571f7c160b8c47e348465caee55 -> 
  custom:scripting/monoscript/fileName/IKdTree.cs: 90647cc400823b41df847a6cbfc29026 -> 
  custom:scripting/monoscript/fileName/CSG.cs: fddebc96510ce08c125abace9d05eafd -> 
  custom:scripting/monoscript/fileName/DetailsScatterTool.cs: e6f6e1739db2e6af452adcd451b1bac2 -> 
  custom:scripting/monoscript/fileName/ProBuilderEditorShortcuts.cs: 2e87be32c8a93b1377e99b0795a6bb9d -> 
  custom:scripting/monoscript/fileName/FbxLayerElementTemplateFbxVector2.cs: d2cb18b2db40df38e585413819958705 -> 
  custom:scripting/monoscript/fileName/TerrainToolsAnalytics.cs: 65cc3f66f269f7f523161150ae21c342 -> 
  custom:scripting/monoscript/fileName/ProBuilderMenuActionAttribute.cs: 3674968d5ee67384faaf101c9d3dcda8 -> 
  custom:scripting/monoscript/fileName/SimpleTuple.cs: 0cdf409b5aa8d4c25876d72b5c6a3b60 -> 
  custom:scripting/monoscript/fileName/SetTrigger.cs: 286b69f4327b4c46524ba1c15eb198ce -> 
  custom:scripting/monoscript/fileName/Vertex.cs: c33a8579f06fb5ec710638da284dce30 -> 
  custom:scripting/monoscript/fileName/Triangle.cs: 38f2dea2cbf63a10d865b3c93a929d93 -> 
  custom:scripting/monoscript/fileName/P2T.cs: 0aa69cc22c33e17e24d809b0c56993bc -> 
  custom:scripting/monoscript/fileName/OpenLightmapUVEditor.cs: 1e75a505fb05c16310e33b72465177ef -> 
  custom:scripting/monoscript/fileName/ErosionUtility.cs: d23fb9b5d906b1cad40cc60e934bb2ac -> 
  custom:scripting/monoscript/fileName/BrushJitterHandler.cs: fb326f0fb299994955e1d208d56f8fa5 -> 
  custom:scripting/monoscript/fileName/Shape.cs: 0c1bd185dc308e7f1b0ad86de0300f5a -> 
  custom:scripting/monoscript/fileName/FbxLayerElementArrayTemplateInt.cs: 6ef48c5951f82f75d16dff92ec083434 -> 
  custom:scripting/monoscript/fileName/SplatWeight.cs: e12e48d501be17a1969934095154e7e6 -> 
  custom:scripting/monoscript/fileName/IBrushSpacingController.cs: 87c16920c3444812b8c039df8e539072 -> 
  custom:scripting/monoscript/fileName/IValid.cs: 27e1a7910f7152539582dd746f0a479a -> 
  custom:scripting/monoscript/fileName/SceneDragAndDropListener.cs: 07a111f362d027d85d45bdb7a902f14e -> 
  custom:scripting/monoscript/fileName/Cube.cs: adf8d58792eaf50687787b68f170b6d6 -> 
  custom:scripting/monoscript/fileName/FbxProperty.cs: 3819dd05a82badd129a7f6e365473927 -> 
  custom:scripting/monoscript/fileName/Eroder.cs: f6882f2a548240ebabdfee90e26d61a0 -> 
  custom:scripting/monoscript/fileName/TerrainToolboxLayer.cs: 754aecac0474dff6a654507c8effe965 -> 
  custom:scripting/monoscript/fileName/Face.cs: a341fcdb31a7309723bdeb224f913433 -> 
  custom:scripting/monoscript/fileName/ProBuilderMeshPreview.cs: 2c7c631c64eeea962429990f92666a51 -> 
  custom:scripting/monoscript/fileName/SelectEdgeRing.cs: a765561d8bccdd9a6baf3be3ef9ae6db -> 
  custom:scripting/monoscript/fileName/Stairs.cs: 172b180c42a148fadf6415c52210a729 -> 
  custom:scripting/monoscript/fileName/FbxSystemUnit.cs: 3295634c7fc9bdf2758f5d5c17ce2c9f -> 
  custom:scripting/monoscript/fileName/FbxTransform.cs: 23a8d5f81f4b3a51c97bab2fcfe349f0 -> 
  custom:scripting/monoscript/fileName/DTSweepConstraint.cs: d620e55901dd883c92623a89c42030d5 -> 
  custom:scripting/monoscript/fileName/PreferencesInternal.cs: bfcfc9829daeeacc6e112df0986f85a6 -> 
  custom:scripting/monoscript/fileName/VersionValidator.cs: bbb65e8a50d52b88a89cdeafda2af2f0 -> 
  custom:scripting/monoscript/fileName/UvAutoManualConversion.cs: 762f54589cdc906e3e1c04a57cf8ef9a -> 
  custom:scripting/monoscript/fileName/SelectVertexColor.cs: 7f0acb641efa7529c84cdbc924192168 -> 
  custom:scripting/monoscript/fileName/PolyEdge.cs: 45320c7be4fae1b068438d4e6bc5b336 -> 
  custom:scripting/monoscript/fileName/FbxPropertyNullELook.cs: b3c41a31e7c05e33d492c05e29faefd0 -> 
  custom:scripting/monoscript/fileName/SelectFaceRing.cs: 3c7218fc27e261315951073ae7a7ef33 -> 
  custom:scripting/monoscript/fileName/SelectHole.cs: 331dc98cef43e5c9a3f6963fcc1bfe76 -> 
  custom:scripting/monoscript/fileName/ConformFaceNormals.cs: 05b09c7c65b09cbd069b7d54a7757b98 -> 
  custom:scripting/monoscript/fileName/FbxBindingTableBase.cs: b215adae3ec7fbfda953323d2a2d2314 -> 
  custom:scripting/monoscript/fileName/ShapeFactory.cs: 0502fb9700fa7e8a16f4ae24254c8fb0 -> 
  custom:scripting/monoscript/fileName/FbxLayerElementArrayTemplateFbxColor.cs: 5152d886d8a25c3888aae80f96bce43d -> 
  custom:scripting/monoscript/fileName/ZoomOverride.cs: 7c310863cacc8aa98eaa83358cc868f4 -> 
  custom:scripting/monoscript/fileName/ComputeUtility.cs: 3377ececa5b8f78274f4b404ca1e56f3 -> 
  custom:scripting/monoscript/fileName/MirrorSettingsEditor.cs: 033e9fb698bac953886bdede9bf9f483 -> 
  custom:scripting/monoscript/fileName/OptimizeHeightRange.cs: 33cd2a6f98a1fc3e3692f3dd5a328559 -> 
  custom:scripting/monoscript/fileName/HlslDescriptions.cs: 2e5c0ec6d81804374463b441c6144b12 -> 
  custom:scripting/monoscript/fileName/FbxIOSettings.cs: 3fd153d39b55fff27e36563685561a58 -> 
  custom:scripting/monoscript/fileName/NearestNeighbourList.cs: 0cdf409b5aa8d4c25876d72b5c6a3b60 -> 
  custom:scripting/monoscript/fileName/PreviewDatabase.cs: edee20e34a1ca90f8a6d44fe594dc7f8 -> 
  custom:scripting/monoscript/fileName/IBrushController.cs: 2c9ed248ab1dc4dc1a8342a91b58bb95 -> 
  custom:scripting/monoscript/fileName/RidgeNoise.cs: ccf89751d2894a59fb771f5c3ce128d2 -> 
  custom:scripting/monoscript/fileName/MenuActionShortcutAttribute.cs: 8ee1e1f0f987fedec31fbb0f30bf1447 -> 
  custom:scripting/monoscript/fileName/MenuOption.cs: ec547da010b1f775387dac0d6dfc2379 -> 
  custom:scripting/monoscript/fileName/Normals.cs: 2fceabbe4457a8c2cd17103527fc3999 -> 
  custom:scripting/monoscript/fileName/FbxMarker.cs: f0c12d9017c19e89cf779f137b396c51 -> 
  custom:scripting/monoscript/fileName/BrushShortcutHandler.cs: 90647cc400823b41df847a6cbfc29026 -> 
  custom:scripting/monoscript/fileName/ExportEmptyFbx.cs: cd15797793c8de7703f841d592f40745 -> 
  custom:scripting/monoscript/fileName/BevelEdges.cs: 900660c27c5ca8704eace46fcb229e08 -> 
  custom:scripting/monoscript/fileName/FbxExporter.cs: 14d203fdccc1574fb517ce4360deed0b -> 
  custom:scripting/monoscript/fileName/PolygonPoint.cs: 5deffe9741b5d71ba54cbaa302167698 -> 
  custom:scripting/monoscript/fileName/ToolboxHelper.cs: dbd204f22d75718cc368defb63c01120 -> 
  custom:scripting/monoscript/fileName/DimensionsEditor.cs: ec4125bca3b24bfc179b302c1fca5bf2 -> 
  custom:scripting/monoscript/fileName/PointGenerator.cs: a1aa7e0803f517e32a9376a405ccf247 -> 
  custom:scripting/monoscript/fileName/SelectionPicker.cs: 0497fef85e2b96a812879276bdcae9cf -> 
  custom:scripting/monoscript/fileName/PaintHeightTool.cs: 3c73e63bf78c395ca6006c67bab6dede -> 
  custom:scripting/monoscript/fileName/HydraulicErosionSettings.cs: ef4c5763f4fa0ad6b8fa4119fe4f1dbd -> 
  custom:scripting/monoscript/fileName/ProBuilderMeshEditor.cs: 409e7369087b8f191734315fac6dc594 -> 
  custom:scripting/monoscript/fileName/ConformObjectNormals.cs: ea6076ebe43da4b8ba6bcf8b94771359 -> 
  custom:scripting/monoscript/fileName/PolyShapeEditor.cs: fe3b7706705ed3c4dd84e573dcfcf6ed -> 
  custom:scripting/monoscript/fileName/FbxPropertyInt.cs: 6df0f2671e699b6498dcabcaa8c11ccd -> 
  custom:scripting/monoscript/fileName/FilterStackEditor.cs: 5cfe9165094bfe24e8679354fbf3353e -> 
  custom:scripting/monoscript/fileName/NoiseComponent.cs: faac9ad071075a736b49e9501682bff0 -> 
  custom:scripting/monoscript/fileName/EditorSceneViewPicker.cs: 13df4fde3106db2f1cf39c7820e34ef1 -> 
  custom:scripting/monoscript/fileName/TerrainGroup.cs: d28e044962126e2fa219bbc37336fe18 -> 
  custom:scripting/monoscript/fileName/BrushMirror.cs: 900f96e57d476b8480556e2883774ffd -> 
  custom:scripting/monoscript/fileName/FbxSubDeformer.cs: f5160f8ddaa4b846839699b92041e395 -> 
  custom:scripting/monoscript/fileName/PerlinNoise.cs: f085172d1d085480f961f1bc9b17d375 -> 
  custom:scripting/monoscript/fileName/IBrushSizeController.cs: a8dfdaac0314a368de1885929b574f29 -> 
  custom:scripting/monoscript/fileName/PolyShape.cs: 68d98358b4f6d4a567396bfd2d8fb6a8 -> 
  custom:scripting/monoscript/fileName/pb_ObjectArray.cs: 23d64ec5390756f20b8935c6d27ae727 -> 
  custom:scripting/monoscript/fileName/Triangulation.cs: 09054241e6b66b6bff40ad35686c73c1 -> 
  custom:scripting/monoscript/fileName/BrushRenderWithTerrainUiGroup.cs: 28abd307e1aeeb8776dc5c8c9af0228b -> 
  custom:scripting/monoscript/fileName/MirrorSettings.cs: 253af48b43d6bcbf1cd0c60207c381e7 -> 
  custom:scripting/monoscript/fileName/EditorMaterialUtility.cs: b048d9073a287734afa3e8a672786fb9 -> 
  custom:scripting/monoscript/fileName/OpenVertexPositionEditor.cs: 8383d3bdff3fd2a102f368cd27c823e5 -> 
  custom:scripting/monoscript/fileName/TerrainToolsShaderImporter.cs: 8ec1f896531cfc761ca14d07d2628d75 -> 
  custom:scripting/monoscript/fileName/WindEroder.cs: e01803fb8046a3bccb677e259da160b8 -> 
  custom:scripting/monoscript/fileName/DefaultBrushUIGroup.cs: 9a4ee807c9986c373bc11882e51d4f13 -> 
  custom:scripting/monoscript/fileName/PolygonGenerator.cs: 2aafe12f9c6b9da7c8245101147d5dd8 -> 
  custom:scripting/monoscript/fileName/SelectLoop.cs: 03ac0ad9679c503b1c8b7fe6c371f29c -> 
  custom:scripting/monoscript/fileName/BezierSplineEditor.cs: 3ad6df2b7420af9029add9cd3b037737 -> 
  custom:scripting/monoscript/fileName/Sphere.cs: fc1a890637c16d42bea0288fac0d32cf -> 
  custom:scripting/monoscript/fileName/VertexPositioning.cs: 72fdeca4b408d9862267b32f667e1074 -> 
  custom:scripting/monoscript/fileName/ColorPalette.cs: b6e5c149eac810eae44b02c730ce4857 -> 079510324a1c49ced22d2a909747c573
  custom:scripting/monoscript/fileName/VectorHash.cs: 73efb1b59aa72f6931fc7c991c4eeae6 -> 
  custom:scripting/monoscript/fileName/FbxSurfaceMaterial.cs: eb900b126346156d69160840468ae69c -> 
  custom:scripting/monoscript/fileName/FbxNode.cs: 19ee172d8b678ec052a7c50adc93089f -> 
  custom:scripting/monoscript/fileName/FbxPropertyDouble.cs: 86532092f8e5ac4165190f00bc6ddac1 -> 
  custom:scripting/monoscript/fileName/FbxLimits.cs: 88b1e072f91c043e0a42a1ace2ad849c -> 
  custom:scripting/monoscript/fileName/FbxPropertyDouble3.cs: 7214a26730fd8b30e98740c4804cff61 -> 
  custom:scripting/monoscript/fileName/FbxPropertyEProjectionType.cs: 1f2afeb1b2c72f62924f8d131875efd5 -> 
  custom:scripting/monoscript/fileName/FlipFaceNormals.cs: b425fafc3a8e4b16ac0ff7feea8fc66b -> 
  custom:scripting/monoscript/fileName/AssetIdRemapEditor.cs: c3f34756c8a6598c4cf15f5e847bf414 -> 
  custom:scripting/monoscript/fileName/TriangulateObject.cs: 552194489d8ee542e612ed9b3681ec44 -> 
  custom:scripting/monoscript/fileName/DoubleMath.cs: d3a713d6df919a256ea9b090c3b84b43 -> 
  custom:scripting/monoscript/fileName/AdvancingFront.cs: ba4e7f8c74fb24a84261ff39b2535119 -> 
  custom:scripting/monoscript/fileName/FbxTexture.cs: f97a3797113512f7d0d907cbda6684fc -> 
  custom:scripting/monoscript/fileName/FbxPose.cs: 88c58779797f89edb2d34cfb8d39c646 -> 
  custom:video-encoder-webm-vp8: eb34c28f22e8b96e1ab97ce403110664 -> 
  custom:scripting/monoscript/fileName/FbxPropertyEInheritType.cs: d98edf98fb0d376c66dfc7407ff7569f -> 
  custom:scripting/monoscript/fileName/RndVec3.cs: 0823606673dce2b8dfd547046891a6c9 -> 
  custom:scripting/monoscript/fileName/WingedEdgeEnumerator.cs: adbd097edcaa08879624b3dbf9fed71f -> 
  custom:scripting/monoscript/fileName/HyperRect.cs: 90647cc400823b41df847a6cbfc29026 -> 
  custom:scripting/monoscript/fileName/ColorUtility.cs: d3a18077d0d39afd62dec292c83f0dfc -> d200961113112fafc99dca6b1317a37b
  custom:scripting/monoscript/fileName/FloatMath.cs: 0fe73a55cac7bdb87b1e039ac908242b -> 
  custom:scripting/monoscript/fileName/UvUnwrapping.cs: 6dc18e949826aea52a2968ed7b10cc47 -> 
  custom:scripting/monoscript/fileName/FbxConstraintScale.cs: bceae67b357d03a6f01e0d2a41c8fe70 -> 
  custom:scripting/monoscript/fileName/RepairActions.cs: c98caac95a1bd550b46a8909c4bd3f4b -> 
  custom:scripting/monoscript/fileName/BrushRenderUIGroupUnderCursor.cs: 1f9c25dc6fe37aa84c0261e472067510 -> 
  custom:scripting/monoscript/fileName/ShrinkSelection.cs: fe8a97f4f165a36f66e0120cfbdfd1a0 -> 
  custom:scripting/monoscript/fileName/WeldVertices.cs: 150ff8957179426a96725d6e78b916cf -> 
  custom:audio-decoder-ogg-vorbis: bf7c407c2cedff20999df2af8eb42d56 -> 
  custom:scripting/monoscript/fileName/pb_Stl.cs: 9b07f4f149309491c5f1435ec678ae63 -> 
  custom:scripting/monoscript/fileName/VertexColorPalette.cs: e5d6bcbfe423cc4ee23c4be5f46b1637 -> 
  custom:scripting/monoscript/fileName/BridgeTool.cs: c627f7a34c31e430863f213b336e3138 -> 
  custom:scripting/monoscript/fileName/MeshHandles.cs: 9078a2010039bebdb66a21ef9e570477 -> 
  custom:scripting/monoscript/fileName/Pipe.cs: 5ab339b2fd460f209f184462230f3149 -> 
  custom:scripting/monoscript/fileName/MeshPreview.cs: ea4f563f2835c56d60266511e2be4910 -> 
  custom:scripting/monoscript/fileName/FbxLayerElement.cs: dab154f20ea89abf2af8fdd1c43afd0e -> 
  custom:scripting/monoscript/fileName/ConvertToNestedPrefab.cs: 442c41c99487f072ce4f79d90127da06 -> 
  custom:scripting/monoscript/fileName/TextureTool.cs: 993795ee2a60353f3a850d19c84178be -> 
  custom:scripting/monoscript/fileName/EditorMeshUtility.cs: 07524f479fd6253ffe9cec9107fd0db3 -> 
  custom:scripting/monoscript/fileName/TerrainGroupInspector.cs: 2b484e51159ff5010975334ffff60ec0 -> 
  custom:scripting/monoscript/fileName/HandleGUI.cs: d5e044de315c4ae729548743aabbcc7c -> 
  custom:scripting/monoscript/fileName/Export.cs: 078559a78b86060d1b211241c5c67779 -> 
  custom:scripting/monoscript/fileName/AddFilter.cs: 871403347470489ae58c5fe0134bced0 -> 
  custom:scripting/monoscript/fileName/BrushRotationVariator.cs: 310fd28aa8d1088e0dcac5fcda274b4b -> 
  custom:scripting/monoscript/fileName/DTSweepContext.cs: 2981771f565ec1526dc5d821e460f88f -> 
  custom:scripting/monoscript/fileName/FilterStack.cs: cbb178e0e5f8c9269c19fe65f4a650fb -> 
  custom:scripting/monoscript/fileName/NoiseFillShaderGenerator.cs: 78dcb01bb90aad146b4765bd2347cd83 -> 
  custom:scripting/monoscript/fileName/PreferenceDictionary.cs: f86da59410ee2da02b27cdab0b14d588 -> 
  custom:scripting/monoscript/fileName/FbxPropertyEntryView.cs: 44e13baac7c841e4a620a4c82f1c75fd -> 
  custom:scripting/monoscript/fileName/NoiseTemplateImporter.cs: b873a1f5be0140b678ef587728f04b55 -> 
  custom:scripting/monoscript/fileName/FbxPropertyEAreaLightShape.cs: 07528d7283f9e29a60acbba21cbbc01e -> 
  custom:scripting/monoscript/fileName/TriggerBehaviour.cs: 9e9b28603c1443f5d61fd91ef7ccbf86 -> 
  custom:scripting/monoscript/fileName/ProBuilderMeshFunction.cs: 90647cc400823b41df847a6cbfc29026 -> 
  custom:scripting/monoscript/fileName/TooltipContent.cs: ebba672cca5b3ad7206f389dac2aaebf -> 
  custom:scripting/monoscript/fileName/FbxGlobalSettings.cs: 5a71ade068c99f9827828d54891eac38 -> 
  custom:scripting/monoscript/fileName/IBrushRenderUnderCursor.cs: 6532e36aa0b5583c5a82fe0dafb29142 -> 
  custom:scripting/monoscript/fileName/CameraVisitor.cs: 48db874b39f8e385ca58be5a45f5fa5a -> 
  custom:scripting/monoscript/fileName/TerrainToolGUIHelper.cs: efaf61c0465611c889a53bb12260cfc2 -> 
  custom:scripting/monoscript/fileName/FbxConnection.cs: c29cd84f9c806c9ea605731e79167951 -> 
  custom:scripting/monoscript/fileName/FbxPropertyString.cs: d0a70ad46a27988a0de613fe0dfe1101 -> 
  custom:scripting/monoscript/fileName/ClampFilter.cs: 28c4a03461ff057ab8b6edef6965bacc -> 
  custom:scripting/monoscript/fileName/EdgeUtility.cs: 1a660714836b36f59bcd2ddafecfe565 -> 
  custom:scripting/monoscript/fileName/SelectionUtility.cs: 92d2eece3ee87ab27a4e71ba6256b756 -> 
  custom:scripting/monoscript/fileName/FbxGeometryBase.cs: b80921b904337d64836aab1315c4d8e6 -> 
  custom:scripting/monoscript/fileName/FbxAnimCurveFilterUnroll.cs: ca0ada5a99f9d147676f2f2da1ce17d5 -> 
  custom:scripting/monoscript/fileName/NoiseSettings.cs: deb34e83d263704954b02d41a650d753 -> 
  custom:scripting/monoscript/fileName/ScriptingSymbolManager.cs: 9f4ebf1856d93cebe044158f23b01e0b -> 
  custom:scripting/monoscript/fileName/TerraceErosion.cs: a4a22fc05e03a7c3a7ce05ce27990b8a -> 
  custom:scripting/monoscript/fileName/BrushMode.cs: 6dea0ddfa2a45d2978dd0b13296d701d -> 
  custom:scripting/monoscript/fileName/Submesh.cs: 51f2a9e71cf380288c6159863c8c6958 -> 
  custom:scripting/monoscript/fileName/SubdivideObject.cs: 15529496d16d945ce564dd73b9f022cf -> 
  custom:scripting/monoscript/fileName/FbxPropertyMarkerELook.cs: 1d1de918f87923247ec760d3faf16ac8 -> 
  custom:scripting/monoscript/fileName/SelectSmoothingGroup.cs: e7adc037d5343729fde59c2f041f72e6 -> 
  custom:scripting/monoscript/fileName/OpenSmoothingEditor.cs: b7bfcfe69a934092c115177d09b130dc -> 
  custom:scripting/monoscript/fileName/SetPivotToSelection.cs: 0a4f1a088a797c04c53d4f4d7ec66668 -> 
  custom:scripting/monoscript/fileName/TerrainToolboxCreateTerrain.cs: 5d67d555e81171944fbb5df645d5241b -> 
  custom:scripting/monoscript/fileName/HierarchyChanged.cs: 84abd15764b10af4cb07f928b3997537 -> 
  custom:scripting/monoscript/fileName/IPaintContextRender.cs: da306055e7e9ad21d0a466c0b994eb49 -> 
  custom:scripting/monoscript/fileName/BaseBrushVariator.cs: 8ef2898efa2bacdf62d241846fa96aa2 -> 
  custom:scripting/monoscript/fileName/NoiseBlitShaderGenerator.cs: a5c81741db49e5e29bc72e29b95058d8 -> 
  custom:scripting/monoscript/fileName/FilterUtility.cs: 36b2ef192f20260958fc9fd18ecad2ec -> 
  custom:scripting/monoscript/fileName/IBrushStrengthController.cs: 3cf42935457403d6d2ec2f8c37b55610 -> 
  custom:scripting/monoscript/fileName/IBrushScatterController.cs: 42b823fdc9f41b6ed5234049695c6deb -> 
  custom:scripting/monoscript/fileName/Bevel.cs: cda4b6394b0873a5b8e8df0dce506d92 -> 
  custom:scripting/monoscript/fileName/FbxExportPresetSelectorReceiver.cs: 933e0be0fa35b1c35e22280b93f58ee2 -> 
  custom:scripting/monoscript/fileName/FbxLight.cs: 5def5fa0c94426100af916b97b3b7028 -> 
  custom:scripting/monoscript/fileName/ShapeState_DrawHeightShape.cs: bf3d191b58aaab9e01024402c1802b6e -> 
  custom:scripting/monoscript/fileName/ProBuilderSettings.cs: 44e160cbb89a8c9e895fdc5e21b659ba -> 
  custom:scripting/monoscript/fileName/IBrushModifierKeyController.cs: 3f44895df2c8b9c413e25173301aa0ed -> 
  custom:scripting/monoscript/fileName/FilterStackView.cs: 5120ca1b3b69babad91c384f7be7a93f -> 
  custom:scripting/monoscript/fileName/EditShapeTool.cs: 5e5caa4d0c9b3b31aa98622a360a986a -> 
  custom:scripting/monoscript/fileName/NoiseSettingsGUI.cs: 3fd552bf1996ce1fdcf5030db72af54e -> 
  custom:scripting/monoscript/fileName/BrushStrengthVariator.cs: 68d041f4e687e8132acaf3c124109e0c -> 
  custom:scripting/monoscript/fileName/EditorHandleDrawing.cs: e4a253013e923fc5e2a42116f3e9cb52 -> 
  custom:scripting/monoscript/fileName/TransformUtility.cs: d73c91a7d4fba2846cb7f791384de39e -> 
  custom:scripting/monoscript/fileName/UnwrapParametersEditor.cs: ad2871f345be52d0cf9added22b9bbb9 -> 
  custom:scripting/monoscript/fileName/FbxAnimLayer.cs: a33542128507b1a9774126b009d92729 -> 
  custom:scripting/monoscript/fileName/SelectionPickerRendererStandard.cs: e1a12a27c7781421a618a7721df48c68 -> 
  custom:scripting/monoscript/fileName/Log.cs: 2f3b85a20367d6d99e3a14c7ae399267 -> 
  custom:scripting/monoscript/fileName/SlopeFlattenTool.cs: c4256c8a98890165f6af21904025483a -> 
  custom:scripting/monoscript/fileName/DTSweepDebugContext.cs: 6ac3331923d1210cbd6f306a6bc3e3c2 -> 
  custom:scripting/monoscript/fileName/FbxEuler.cs: 78ce073ba7cd774c97fd3fec848d1d22 -> 
  custom:scripting/monoscript/fileName/Clipping.cs: 1741f8440a6254efcb95789a09be4e6a -> 5c87c7b6bd30043817e201557e09a654
  custom:scripting/monoscript/fileName/FbxLayerElementArray.cs: f198dec82146e3d89a7d025f49bcd332 -> 
  custom:scripting/monoscript/fileName/SubdivideFaces.cs: 9109bab35f1c932e6b2935ab1452a120 -> 
  custom:scripting/monoscript/fileName/TerrainToolboxWindow.cs: 8e221bd451b65b6533689e552a2b9245 -> 
  custom:scripting/monoscript/fileName/ProBuilderMeshSelection.cs: 90647cc400823b41df847a6cbfc29026 -> 
  custom:scripting/monoscript/fileName/FbxTime.cs: 7ff870fb104aeff8c3e2fd6db612200f -> 
  custom:scripting/monoscript/fileName/MeshChannel.cs: 8b5a7a71b6cca63206947900a773d2c7 -> 
  custom:scripting/monoscript/fileName/ContextClickManipulator.cs: 551ac0135cff9eba4bc63f242fd17841 -> 
  custom:scripting/monoscript/fileName/FbxAnimStack.cs: cd827408506b52689ab211c452254bdf -> 
  custom:scripting/monoscript/fileName/FbxObject.cs: 22901937c83410c82a079ff7fceb58dc -> 
  custom:scripting/monoscript/fileName/NewPolyShapeToggle.cs: 8acdd5cdcb7ee88e0e50b5931573fb4b -> 
  custom:scripting/monoscript/fileName/FlipFaceEdge.cs: f530ea0a74860a23981eb940ef68b251 -> 
  custom:scripting/monoscript/fileName/SmoothHeightTool.cs: f03633799f5b4a4c69fb3bb2f50728d0 -> 
  custom:scripting/monoscript/fileName/FreezeTransform.cs: e675172267d870c70773e18ea0e1e250 -> 
  custom:scripting/monoscript/fileName/ExtrudeElements.cs: 4c7ec400f4d4c6eaeb8b42dd1d2a747d -> 
  custom:scripting/monoscript/fileName/FbxLayerElementArrayTemplateFbxVector2.cs: 5c3a6f20f8c80779ca7828c92f33194b -> 
  custom:scripting/monoscript/fileName/FbxSharpProgressCallback.cs: 8eff72a266de0b6f575a84b2ebe1f086 -> 
  custom:scripting/monoscript/fileName/Bounds2D.cs: 16ca90bc5c32dbbd92a84501f2c2743d -> 
  custom:scripting/monoscript/fileName/ExtrudeFaces.cs: 8da1d7548a755d4f7bfa6a3ad702beef -> 
  custom:scripting/monoscript/fileName/TriangulationUtil.cs: f18a7fb009b05f02616bafd07fbae553 -> 
  custom:scripting/monoscript/fileName/AssetTreeView.cs: f69e053f44c2ceb1d31b6346bdecf246 -> 
  custom:scripting/monoscript/fileName/FbxIOFileHeaderInfo.cs: 2f533e3b2e35800afb9637e46763a4d2 -> 
  custom:scripting/monoscript/fileName/NoiseSettingsFactory.cs: 2d016f87712a0e77014e1475960569e9 -> 
  custom:scripting/monoscript/fileName/PlyExporter.cs: bf5494e3645f49425628ca78199ab31d -> 
  custom:scripting/monoscript/fileName/SelectionPickerSettings.cs: 2d19355ddaebe622fb966ebf4e2a7407 -> 
  custom:audio-encoder-webm-vorbis: bf7c407c2cedff20999df2af8eb42d56 -> 
  custom:scripting/monoscript/fileName/TriangulationConstraint.cs: 02158ed4aeb2e0540be606ebedcd9aa5 -> 
  custom:scripting/monoscript/fileName/DefaultBrushSmoother.cs: 8a4663b0bdf452a7ec0231edf7c7e564 -> 
  custom:scripting/monoscript/fileName/FbxPropertyBool.cs: b6e61da9a36971e93e14e86c261e72ce -> 
  custom:scripting/monoscript/fileName/FbxDeformer.cs: eaf4846ef3982ac5d1a664b2ad250993 -> 
  custom:scripting/monoscript/fileName/InstallIntegration.cs: d9c189ac718e03ccb133c538d8fe3ebc -> 
  custom:scripting/monoscript/fileName/MeshUtility.cs: 5ca3f663a0ea6397d499c955e50b029b -> 
  custom:scripting/monoscript/fileName/StampTool.cs: 4bb33afd9ae3a38d700c95b1909986a8 -> 
  custom:scripting/monoscript/fileName/CutToolToggle.cs: 552b76f8f489d420018d2bc016dee384 -> 
  custom:scripting/monoscript/fileName/AssetId.cs: 72051ac5858b603f67e79ad23943c39b -> 
  custom:scripting/monoscript/fileName/NoiseHeightTool.cs: 5c2327f039c1dd37f0d88a0f397af28a -> 
  custom:scripting/monoscript/fileName/Lightmapping.cs: 729d5176389c7d55a1cea260e00908f3 -> 
  custom:scripting/monoscript/fileName/SharedVertex.cs: 9680b52997af34358e173ceeda08f072 -> 
  custom:scripting/monoscript/fileName/RaycastHit.cs: 515368b8ed95066c744e7801d9ebd7e9 -> 
  custom:scripting/monoscript/fileName/ToggleDragRectMode.cs: a6f38316b8f4d3d28669b3b66d64c405 -> 
  custom:scripting/monoscript/fileName/TerrainVisualizationSettings.cs: eb730232c61bbd31248f9ce9aa6395aa -> 
  custom:scripting/monoscript/fileName/ShapeState_InitShape.cs: ecc7de96dd0c9d79cb24f533500a9905 -> 
  custom:scripting/monoscript/fileName/CustomExtensions.cs: 4dd2d579b175e1cfed48fcf67b4a834f -> 
  custom:scripting/monoscript/fileName/MaterialPalette.cs: 6eec2d59c4da6a8a8bfa6297b1bcc8a2 -> 
  custom:scripting/monoscript/fileName/SetHeightTool.cs: 1ff938e56b1c0debf733c201d4541dba -> 
  custom:scripting/monoscript/fileName/UndoUtility.cs: 2fc130e3e3964660deff56d5ee0e948d -> de700a4259ac5606935520f528f0f92a
  custom:scripting/monoscript/fileName/NoiseType.cs: 090ca925c5e6cdbca132221545b83756 -> 
  custom:scripting/monoscript/fileName/FbxCamera.cs: ff6f9ac7210e395dab3784e2d0c7fb91 -> 
  custom:scripting/monoscript/fileName/SamplesLinkPackageManagerExtension.cs: 2211f84bf4e5014a6b1f498601323f40 -> 
  custom:scripting/monoscript/fileName/TextureScaleTool.cs: ada73f928df57eed2635e39d4b904480 -> 
  custom:scripting/monoscript/fileName/FbmFractalType.cs: 144f74c3608bf08706204d0849400e88 -> 
  custom:scripting/monoscript/fileName/PolyGUI.cs: c026b72096e81d3cc96e377b60eece5f -> 
  custom:scripting/monoscript/fileName/WingedEdge.cs: 4d875b987a0abf3c39f7fbca07295966 -> 
  custom:scripting/monoscript/fileName/NoiseEditorView.cs: e3a1c14dfa4323b65bc284ee321d8c59 -> 
  custom:scripting/monoscript/fileName/Pref.cs: 8f6297df34271fdb1ce2d9607ec6261d -> 
  custom:scripting/monoscript/fileName/TypeMath.cs: 90647cc400823b41df847a6cbfc29026 -> 
  custom:scripting/monoscript/fileName/ExtrudeEdges.cs: ddb56ecccd06d064cce30e8ec94c3a24 -> 
  custom:scripting/monoscript/fileName/BrushSizeVariator.cs: 74c935e09f8a9b9c52c39f89647c6f39 -> 
  custom:scripting/monoscript/fileName/Torus.cs: 80ba092579159f0ee10eed09283f5118 -> 
  custom:scripting/monoscript/fileName/MainToolbar.cs: 162e661b90bc0601e328b0d9c9a85d04 -> 
  custom:scripting/monoscript/fileName/NewShapeToggle.cs: 5f15e27392c39392c01d85b37192a28d -> 
  custom:scripting/monoscript/fileName/EditorGUIUtility.cs: b16f813dafa270a7bea1e0294dc674e0 -> 597c98dd58b27da4c0bfae4ba244c9cd
  custom:scripting/monoscript/fileName/RTHandleCollection.cs: 66dbbdfa83cc1e0dae8832345c177e15 -> 
  custom:scripting/monoscript/fileName/QuadUtility.cs: f80c36f8b1183a738f2c4f7fa2ab27d9 -> 
  custom:scripting/monoscript/fileName/KdTreeNode.cs: 90647cc400823b41df847a6cbfc29026 -> 
  custom:scripting/monoscript/fileName/InternalMeshUtility.cs: 47e64566b64f31667f3ecd22aea855bd -> 
  custom:scripting/monoscript/fileName/ITypeMath.cs: 90647cc400823b41df847a6cbfc29026 -> 
  custom:scripting/monoscript/fileName/ToggleXRay.cs: 2beaa89293af925965c361a628716eab -> 
  custom:scripting/monoscript/fileName/Subdivision.cs: 2d3ed2728b5e862f0b20dccff60f596a -> 
  custom:scripting/monoscript/fileName/ColliderBehaviour.cs: facc1ae2f42419fa1146003334c8bf66 -> 
  custom:scripting/monoscript/fileName/Node.cs: 291859575cb9c6e25dde80dbcd31fe5f -> 
  custom:scripting/monoscript/fileName/MergeFaces.cs: f0a7123f95ff8b6d8a9b42653a9c0700 -> 
  custom:scripting/monoscript/fileName/Direction.cs: b401a571035111dc122d6238c4a25a65 -> 
  custom:scripting/monoscript/fileName/CombineMeshes.cs: a9ce7a0bc7639b0c1010471275dc600c -> 
  custom:scripting/monoscript/fileName/VertexEditing.cs: cb46c69b687fb75b59e3367415afaff1 -> 
  custom:scripting/monoscript/fileName/AutoUnwrapSettings.cs: 505c9e8ec7abeb42e5de8a57e4ff3803 -> 
  custom:scripting/monoscript/fileName/FbxSemanticEntryView.cs: cfd002bcde442a3b5e643bb8a652b3f6 -> 
  custom:scripting/monoscript/fileName/TerrainDetailUtilities.cs: 5449f2c350275fe5d845a715b36197e4 -> 
  custom:scripting/monoscript/fileName/MeshImporter.cs: bf784b146e3ce8404151198f5cf6434d -> 
  custom:scripting/monoscript/fileName/MeshAndElementSelection.cs: a24a0934fd2aa12cf7e44f99f89ac69e -> 
  custom:scripting/monoscript/fileName/Sprite.cs: feaf383831c6d8dc30fd1ee62a194252 -> 
  custom:scripting/monoscript/fileName/NewBezierShape.cs: 2b4083186ccd0d651beb42f17f850f7e -> 
  custom:scripting/monoscript/fileName/ProBuilderSettingsProvider.cs: 31c7f11630ae278eb11b8b1b3b44c0ad -> 
  custom:scripting/monoscript/fileName/BrushSettingsEditor.cs: 07ca9b157eb5df9a12de3204940168e5 -> 
  custom:scripting/monoscript/fileName/CollapseVertices.cs: b8f4877fb9cdb02e00dd9b33b403fa7c -> 
  custom:scripting/monoscript/fileName/PaintHolesTool.cs: 344f5d2ec19bc7b41f8eab6be5ce9cbf -> 
========================================================================
Received Import Request.
  Time since last request: 6779.994796 seconds.
  path: Assets/POLYGON city pack/Meshes,textures/Letters FBX
  artifactKey: Guid(623dc8c4def700c488659ec50fc558d9) Importer(815301076,1909f56bfc062723c751e8b465ee728b)
Start importing Assets/POLYGON city pack/Meshes,textures/Letters FBX using Guid(623dc8c4def700c488659ec50fc558d9) Importer(815301076,1909f56bfc062723c751e8b465ee728b) [PhysX] Initialized MultithreadedTaskDispatcher with 12 workers.
 -> (artifact id: '34606324022b078733b8d24ab122421d') in 0.002004 seconds
Number of updated asset objects reloaded before import = 0
Number of asset objects unloaded after import = 0
========================================================================
Received Import Request.
  Time since last request: 0.067450 seconds.
  path: Assets/POLYGON city pack/Meshes,textures/Letters FBX/Letter_ R.fbx
  artifactKey: Guid(5117040233e9e6a44894f91014972eab) Importer(815301076,1909f56bfc062723c751e8b465ee728b)
Start importing Assets/POLYGON city pack/Meshes,textures/Letters FBX/Letter_ R.fbx using Guid(5117040233e9e6a44894f91014972eab) Importer(815301076,1909f56bfc062723c751e8b465ee728b) [PhysX] Initialized MultithreadedTaskDispatcher with 12 workers.
[PhysX] Initialized MultithreadedTaskDispatcher with 12 workers.
[PhysX] Initialized MultithreadedTaskDispatcher with 12 workers.
 -> (artifact id: '2e03239dd79c2b8b932ae3233c18eca5') in 0.110522 seconds
Number of updated asset objects reloaded before import = 0
Number of asset objects unloaded after import = 8
========================================================================
Received Import Request.
  Time since last request: 0.000022 seconds.
  path: Assets/POLYGON city pack/Meshes,textures/Letters FBX/Letter_H.fbx
  artifactKey: Guid(a83780d4fbb08eb49b703d2298b149cb) Importer(815301076,1909f56bfc062723c751e8b465ee728b)
Start importing Assets/POLYGON city pack/Meshes,textures/Letters FBX/Letter_H.fbx using Guid(a83780d4fbb08eb49b703d2298b149cb) Importer(815301076,1909f56bfc062723c751e8b465ee728b) [PhysX] Initialized MultithreadedTaskDispatcher with 12 workers.
[PhysX] Initialized MultithreadedTaskDispatcher with 12 workers.
[PhysX] Initialized MultithreadedTaskDispatcher with 12 workers.
[PhysX] Initialized MultithreadedTaskDispatcher with 12 workers.
[PhysX] Initialized MultithreadedTaskDispatcher with 12 workers.
[PhysX] Initialized MultithreadedTaskDispatcher with 12 workers.
 -> (artifact id: '2ac12e414d32a63e3852ae9437950d4f') in 0.023088 seconds
Number of updated asset objects reloaded before import = 0
Number of asset objects unloaded after import = 15
========================================================================
Received Import Request.
  Time since last request: 0.000026 seconds.
  path: Assets/POLYGON city pack/Meshes,textures/Letters FBX/Letter_G.fbx
  artifactKey: Guid(fc3884707aea3e44b8c63cc71000da86) Importer(815301076,1909f56bfc062723c751e8b465ee728b)
Start importing Assets/POLYGON city pack/Meshes,textures/Letters FBX/Letter_G.fbx using Guid(fc3884707aea3e44b8c63cc71000da86) Importer(815301076,1909f56bfc062723c751e8b465ee728b) [PhysX] Initialized MultithreadedTaskDispatcher with 12 workers.
[PhysX] Initialized MultithreadedTaskDispatcher with 12 workers.
[PhysX] Initialized MultithreadedTaskDispatcher with 12 workers.
[PhysX] Initialized MultithreadedTaskDispatcher with 12 workers.
[PhysX] Initialized MultithreadedTaskDispatcher with 12 workers.
[PhysX] Initialized MultithreadedTaskDispatcher with 12 workers.
 -> (artifact id: 'a255ae1262142357920058502d4fc422') in 0.023059 seconds
Number of updated asset objects reloaded before import = 0
Number of asset objects unloaded after import = 15
========================================================================
Received Import Request.
  Time since last request: 0.000016 seconds.
  path: Assets/POLYGON city pack/Meshes,textures/Letters FBX/Letter_Q.fbx
  artifactKey: Guid(6527cb537ad6c4b469ed65da0ac5f43c) Importer(815301076,1909f56bfc062723c751e8b465ee728b)
Start importing Assets/POLYGON city pack/Meshes,textures/Letters FBX/Letter_Q.fbx using Guid(6527cb537ad6c4b469ed65da0ac5f43c) Importer(815301076,1909f56bfc062723c751e8b465ee728b) [PhysX] Initialized MultithreadedTaskDispatcher with 12 workers.
[PhysX] Initialized MultithreadedTaskDispatcher with 12 workers.
[PhysX] Initialized MultithreadedTaskDispatcher with 12 workers.
 -> (artifact id: 'd94d5a866189aa5731b560077e65c216') in 0.016289 seconds
Number of updated asset objects reloaded before import = 0
Number of asset objects unloaded after import = 8
========================================================================
Received Import Request.
  Time since last request: 0.000021 seconds.
  path: Assets/POLYGON city pack/Meshes,textures/Letters FBX/Letter_C.fbx
  artifactKey: Guid(06f4ada5d66d1df4c85bfa5c858c36ee) Importer(815301076,1909f56bfc062723c751e8b465ee728b)
Start importing Assets/POLYGON city pack/Meshes,textures/Letters FBX/Letter_C.fbx using Guid(06f4ada5d66d1df4c85bfa5c858c36ee) Importer(815301076,1909f56bfc062723c751e8b465ee728b) [PhysX] Initialized MultithreadedTaskDispatcher with 12 workers.
[PhysX] Initialized MultithreadedTaskDispatcher with 12 workers.
[PhysX] Initialized MultithreadedTaskDispatcher with 12 workers.
[PhysX] Initialized MultithreadedTaskDispatcher with 12 workers.
[PhysX] Initialized MultithreadedTaskDispatcher with 12 workers.
[PhysX] Initialized MultithreadedTaskDispatcher with 12 workers.
 -> (artifact id: '75addf49c5bd09281455fb8b3d49491b') in 0.024776 seconds
Number of updated asset objects reloaded before import = 0
Number of asset objects unloaded after import = 15
========================================================================
Received Import Request.
  Time since last request: 2.389003 seconds.
  path: Assets/POLYGON city pack/Meshes,textures/ways_FBX
  artifactKey: Guid(13c34b5f98c1f8343a7248c13bf256e0) Importer(815301076,1909f56bfc062723c751e8b465ee728b)
Start importing Assets/POLYGON city pack/Meshes,textures/ways_FBX using Guid(13c34b5f98c1f8343a7248c13bf256e0) Importer(815301076,1909f56bfc062723c751e8b465ee728b) [PhysX] Initialized MultithreadedTaskDispatcher with 12 workers.
 -> (artifact id: '1ac79260d4aef8cae33238bdbeefad63') in 0.000468 seconds
Number of updated asset objects reloaded before import = 0
Number of asset objects unloaded after import = 0
========================================================================
Received Import Request.
  Time since last request: 1.112478 seconds.
  path: Assets/POLYGON city pack/Meshes,textures/ways_FBX/dirt.png
  artifactKey: Guid(d90409e4a3fae7f46bbf0450da252846) Importer(815301076,1909f56bfc062723c751e8b465ee728b)
Start importing Assets/POLYGON city pack/Meshes,textures/ways_FBX/dirt.png using Guid(d90409e4a3fae7f46bbf0450da252846) Importer(815301076,1909f56bfc062723c751e8b465ee728b) [PhysX] Initialized MultithreadedTaskDispatcher with 12 workers.
[PhysX] Initialized MultithreadedTaskDispatcher with 12 workers.
 -> (artifact id: 'a25a1cef3d7873b6d74448c9414bfe18') in 0.020808 seconds
Number of updated asset objects reloaded before import = 0
Number of asset objects unloaded after import = 2
========================================================================
Received Import Request.
  Time since last request: 0.000014 seconds.
  path: Assets/POLYGON city pack/Meshes,textures/ways_FBX/Sidewalk_01.fbx
  artifactKey: Guid(faa08b53d7deee946bf1beec5724cbca) Importer(815301076,1909f56bfc062723c751e8b465ee728b)
Start importing Assets/POLYGON city pack/Meshes,textures/ways_FBX/Sidewalk_01.fbx using Guid(faa08b53d7deee946bf1beec5724cbca) Importer(815301076,1909f56bfc062723c751e8b465ee728b) [PhysX] Initialized MultithreadedTaskDispatcher with 12 workers.
[PhysX] Initialized MultithreadedTaskDispatcher with 12 workers.
[PhysX] Initialized MultithreadedTaskDispatcher with 12 workers.
 -> (artifact id: 'e7167812ecc80ba031faad46c9ab7199') in 0.015533 seconds
Number of updated asset objects reloaded before import = 0
Number of asset objects unloaded after import = 10
========================================================================
Received Import Request.
  Time since last request: 0.000013 seconds.
  path: Assets/POLYGON city pack/Meshes,textures/ways_FBX/Street_20.png
  artifactKey: Guid(8f6d5e3fee5ef444c99783e27d7d9c54) Importer(815301076,1909f56bfc062723c751e8b465ee728b)
Start importing Assets/POLYGON city pack/Meshes,textures/ways_FBX/Street_20.png using Guid(8f6d5e3fee5ef444c99783e27d7d9c54) Importer(815301076,1909f56bfc062723c751e8b465ee728b) [PhysX] Initialized MultithreadedTaskDispatcher with 12 workers.
[PhysX] Initialized MultithreadedTaskDispatcher with 12 workers.
 -> (artifact id: '9034ddb8ef0770acc250534f970d4cde') in 0.012680 seconds
Number of updated asset objects reloaded before import = 0
Number of asset objects unloaded after import = 2
========================================================================
Received Import Request.
  Time since last request: 0.000014 seconds.
  path: Assets/POLYGON city pack/Meshes,textures/ways_FBX/WalkWay 5.fbx
  artifactKey: Guid(391ef46e275c80b408f222be809688a5) Importer(815301076,1909f56bfc062723c751e8b465ee728b)
Start importing Assets/POLYGON city pack/Meshes,textures/ways_FBX/WalkWay 5.fbx using Guid(391ef46e275c80b408f222be809688a5) Importer(815301076,1909f56bfc062723c751e8b465ee728b) [PhysX] Initialized MultithreadedTaskDispatcher with 12 workers.
[PhysX] Initialized MultithreadedTaskDispatcher with 12 workers.
[PhysX] Initialized MultithreadedTaskDispatcher with 12 workers.
 -> (artifact id: '8a8524858c4e6f11269da97c08e77b4f') in 0.015686 seconds
Number of updated asset objects reloaded before import = 0
Number of asset objects unloaded after import = 8
========================================================================
Received Import Request.
  Time since last request: 0.000015 seconds.
  path: Assets/POLYGON city pack/Meshes,textures/ways_FBX/StoneWay_04.fbx
  artifactKey: Guid(dbf2dc90616c0354c9e76aa2691a5dd3) Importer(815301076,1909f56bfc062723c751e8b465ee728b)
Start importing Assets/POLYGON city pack/Meshes,textures/ways_FBX/StoneWay_04.fbx using Guid(dbf2dc90616c0354c9e76aa2691a5dd3) Importer(815301076,1909f56bfc062723c751e8b465ee728b) [PhysX] Initialized MultithreadedTaskDispatcher with 12 workers.
[PhysX] Initialized MultithreadedTaskDispatcher with 12 workers.
[PhysX] Initialized MultithreadedTaskDispatcher with 12 workers.
 -> (artifact id: 'd5a6c53881ba464e20a0b87d41e5b975') in 0.015925 seconds
Number of updated asset objects reloaded before import = 0
Number of asset objects unloaded after import = 9
========================================================================
Received Import Request.
  Time since last request: 0.000017 seconds.
  path: Assets/POLYGON city pack/Meshes,textures/ways_FBX/Street_17.png
  artifactKey: Guid(32b5915d44a849840aa0e114836b50be) Importer(815301076,1909f56bfc062723c751e8b465ee728b)
Start importing Assets/POLYGON city pack/Meshes,textures/ways_FBX/Street_17.png using Guid(32b5915d44a849840aa0e114836b50be) Importer(815301076,1909f56bfc062723c751e8b465ee728b) [PhysX] Initialized MultithreadedTaskDispatcher with 12 workers.
[PhysX] Initialized MultithreadedTaskDispatcher with 12 workers.
 -> (artifact id: '7543a2926b81eb0054e3868aa1ab88e0') in 0.011192 seconds
Number of updated asset objects reloaded before import = 0
Number of asset objects unloaded after import = 2
========================================================================
Received Import Request.
  Time since last request: 0.000019 seconds.
  path: Assets/POLYGON city pack/Meshes,textures/ways_FBX/Street_11.png
  artifactKey: Guid(850efbda83da95c4199f9a394657dd12) Importer(815301076,1909f56bfc062723c751e8b465ee728b)
Start importing Assets/POLYGON city pack/Meshes,textures/ways_FBX/Street_11.png using Guid(850efbda83da95c4199f9a394657dd12) Importer(815301076,1909f56bfc062723c751e8b465ee728b) [PhysX] Initialized MultithreadedTaskDispatcher with 12 workers.
[PhysX] Initialized MultithreadedTaskDispatcher with 12 workers.
 -> (artifact id: '3ab7ca637dbe6d2b4cfda62e80ec7def') in 0.012368 seconds
Number of updated asset objects reloaded before import = 0
Number of asset objects unloaded after import = 2
========================================================================
Received Import Request.
  Time since last request: 0.000019 seconds.
  path: Assets/POLYGON city pack/Meshes,textures/ways_FBX/Sidewalk_06.fbx
  artifactKey: Guid(d868f43c7beb58240be5c9d7c39d5d6f) Importer(815301076,1909f56bfc062723c751e8b465ee728b)
Start importing Assets/POLYGON city pack/Meshes,textures/ways_FBX/Sidewalk_06.fbx using Guid(d868f43c7beb58240be5c9d7c39d5d6f) Importer(815301076,1909f56bfc062723c751e8b465ee728b) [PhysX] Initialized MultithreadedTaskDispatcher with 12 workers.
[PhysX] Initialized MultithreadedTaskDispatcher with 12 workers.
[PhysX] Initialized MultithreadedTaskDispatcher with 12 workers.
 -> (artifact id: 'df189f215268f5d328837304ceadf421') in 0.015196 seconds
Number of updated asset objects reloaded before import = 0
Number of asset objects unloaded after import = 10
========================================================================
Received Import Request.
  Time since last request: 0.000023 seconds.
  path: Assets/POLYGON city pack/Meshes,textures/ways_FBX/Street_03.png
  artifactKey: Guid(16380d10f7bec4543adccda1aeb700f0) Importer(815301076,1909f56bfc062723c751e8b465ee728b)
Start importing Assets/POLYGON city pack/Meshes,textures/ways_FBX/Street_03.png using Guid(16380d10f7bec4543adccda1aeb700f0) Importer(815301076,1909f56bfc062723c751e8b465ee728b) [PhysX] Initialized MultithreadedTaskDispatcher with 12 workers.
[PhysX] Initialized MultithreadedTaskDispatcher with 12 workers.
 -> (artifact id: '3d0e77722e9f49ee403ec5221ae87aca') in 0.009047 seconds
Number of updated asset objects reloaded before import = 0
Number of asset objects unloaded after import = 2
========================================================================
Received Import Request.
  Time since last request: 0.000017 seconds.
  path: Assets/POLYGON city pack/Meshes,textures/ways_FBX/StoneWay_01.fbx
  artifactKey: Guid(bb6629eac29552442bacb98796db44b5) Importer(815301076,1909f56bfc062723c751e8b465ee728b)
Start importing Assets/POLYGON city pack/Meshes,textures/ways_FBX/StoneWay_01.fbx using Guid(bb6629eac29552442bacb98796db44b5) Importer(815301076,1909f56bfc062723c751e8b465ee728b) [PhysX] Initialized MultithreadedTaskDispatcher with 12 workers.
[PhysX] Initialized MultithreadedTaskDispatcher with 12 workers.
[PhysX] Initialized MultithreadedTaskDispatcher with 12 workers.
 -> (artifact id: 'b201ad0f543dcbdcbff4a1d859fbadba') in 0.017211 seconds
Number of updated asset objects reloaded before import = 0
Number of asset objects unloaded after import = 9
========================================================================
Received Import Request.
  Time since last request: 0.000018 seconds.
  path: Assets/POLYGON city pack/Meshes,textures/ways_FBX/WalkWay 6.fbx
  artifactKey: Guid(cb33a9e31b7d9f8478bab7f8b6e261f3) Importer(815301076,1909f56bfc062723c751e8b465ee728b)
Start importing Assets/POLYGON city pack/Meshes,textures/ways_FBX/WalkWay 6.fbx using Guid(cb33a9e31b7d9f8478bab7f8b6e261f3) Importer(815301076,1909f56bfc062723c751e8b465ee728b) [PhysX] Initialized MultithreadedTaskDispatcher with 12 workers.
[PhysX] Initialized MultithreadedTaskDispatcher with 12 workers.
[PhysX] Initialized MultithreadedTaskDispatcher with 12 workers.
 -> (artifact id: '7b6fc6716dae1dda842ea035915d62b9') in 0.015196 seconds
Number of updated asset objects reloaded before import = 0
Number of asset objects unloaded after import = 9
========================================================================
Received Import Request.
  Time since last request: 0.000016 seconds.
  path: Assets/POLYGON city pack/Meshes,textures/ways_FBX/Sidewalk_10.fbx
  artifactKey: Guid(7e628f32de81f4b49a72746359f3dab3) Importer(815301076,1909f56bfc062723c751e8b465ee728b)
Start importing Assets/POLYGON city pack/Meshes,textures/ways_FBX/Sidewalk_10.fbx using Guid(7e628f32de81f4b49a72746359f3dab3) Importer(815301076,1909f56bfc062723c751e8b465ee728b) [PhysX] Initialized MultithreadedTaskDispatcher with 12 workers.
[PhysX] Initialized MultithreadedTaskDispatcher with 12 workers.
[PhysX] Initialized MultithreadedTaskDispatcher with 12 workers.
 -> (artifact id: '6de82f28e1a2184cdbc0c40fd6b4731f') in 0.015453 seconds
Number of updated asset objects reloaded before import = 0
Number of asset objects unloaded after import = 9
========================================================================
Received Import Request.
  Time since last request: 0.000015 seconds.
  path: Assets/POLYGON city pack/Meshes,textures/ways_FBX/Street_18.png
  artifactKey: Guid(8f218e977142ebe43bb8576e311a27f2) Importer(815301076,1909f56bfc062723c751e8b465ee728b)
Start importing Assets/POLYGON city pack/Meshes,textures/ways_FBX/Street_18.png using Guid(8f218e977142ebe43bb8576e311a27f2) Importer(815301076,1909f56bfc062723c751e8b465ee728b) [PhysX] Initialized MultithreadedTaskDispatcher with 12 workers.
[PhysX] Initialized MultithreadedTaskDispatcher with 12 workers.
 -> (artifact id: '3ce93a1adefda7467d0bb6f2f4888257') in 0.010462 seconds
Number of updated asset objects reloaded before import = 0
Number of asset objects unloaded after import = 2
========================================================================
Received Import Request.
  Time since last request: 0.000015 seconds.
  path: Assets/POLYGON city pack/Meshes,textures/ways_FBX/street_.fbx
  artifactKey: Guid(72e65272e9752d842a914dd27fd86306) Importer(815301076,1909f56bfc062723c751e8b465ee728b)
Start importing Assets/POLYGON city pack/Meshes,textures/ways_FBX/street_.fbx using Guid(72e65272e9752d842a914dd27fd86306) Importer(815301076,1909f56bfc062723c751e8b465ee728b) [PhysX] Initialized MultithreadedTaskDispatcher with 12 workers.
[PhysX] Initialized MultithreadedTaskDispatcher with 12 workers.
[PhysX] Initialized MultithreadedTaskDispatcher with 12 workers.
 -> (artifact id: '8178f479e58428006ce90a783539fa0a') in 0.009513 seconds
Number of updated asset objects reloaded before import = 0
Number of asset objects unloaded after import = 8
========================================================================
Received Import Request.
  Time since last request: 0.000015 seconds.
  path: Assets/POLYGON city pack/Meshes,textures/ways_FBX/Sidewalk_09.fbx
  artifactKey: Guid(d2be7990437c0e64c9109def30e4153d) Importer(815301076,1909f56bfc062723c751e8b465ee728b)
Start importing Assets/POLYGON city pack/Meshes,textures/ways_FBX/Sidewalk_09.fbx using Guid(d2be7990437c0e64c9109def30e4153d) Importer(815301076,1909f56bfc062723c751e8b465ee728b) [PhysX] Initialized MultithreadedTaskDispatcher with 12 workers.
[PhysX] Initialized MultithreadedTaskDispatcher with 12 workers.
[PhysX] Initialized MultithreadedTaskDispatcher with 12 workers.
 -> (artifact id: '36d538127479d471e6bef882c3da36e5') in 0.019119 seconds
Number of updated asset objects reloaded before import = 0
Number of asset objects unloaded after import = 10
========================================================================
Received Import Request.
  Time since last request: 0.000017 seconds.
  path: Assets/POLYGON city pack/Meshes,textures/ways_FBX/Street_19.png
  artifactKey: Guid(32cea9d70b357e24794efe5832826bd5) Importer(815301076,1909f56bfc062723c751e8b465ee728b)
Start importing Assets/POLYGON city pack/Meshes,textures/ways_FBX/Street_19.png using Guid(32cea9d70b357e24794efe5832826bd5) Importer(815301076,1909f56bfc062723c751e8b465ee728b) [PhysX] Initialized MultithreadedTaskDispatcher with 12 workers.
[PhysX] Initialized MultithreadedTaskDispatcher with 12 workers.
 -> (artifact id: '853b7445bfd4e0b098ed516b532e6b73') in 0.010113 seconds
Number of updated asset objects reloaded before import = 0
Number of asset objects unloaded after import = 2
========================================================================
Received Import Request.
  Time since last request: 10.402740 seconds.
  path: Assets/POLYGON city pack/Meshes,textures/props_FBX
  artifactKey: Guid(a4035d3a6245ac941802d15b2041e1d2) Importer(815301076,1909f56bfc062723c751e8b465ee728b)
Start importing Assets/POLYGON city pack/Meshes,textures/props_FBX using Guid(a4035d3a6245ac941802d15b2041e1d2) Importer(815301076,1909f56bfc062723c751e8b465ee728b) [PhysX] Initialized MultithreadedTaskDispatcher with 12 workers.
 -> (artifact id: '6e8654d2de021d939606c84ea18d3899') in 0.000442 seconds
Number of updated asset objects reloaded before import = 0
Number of asset objects unloaded after import = 0
========================================================================
Received Import Request.
  Time since last request: 0.133841 seconds.
  path: Assets/POLYGON city pack/Meshes,textures/props_FBX/air conditioner.png
  artifactKey: Guid(ee66184a040ed5f479f79de7b0b0e258) Importer(815301076,1909f56bfc062723c751e8b465ee728b)
Start importing Assets/POLYGON city pack/Meshes,textures/props_FBX/air conditioner.png using Guid(ee66184a040ed5f479f79de7b0b0e258) Importer(815301076,1909f56bfc062723c751e8b465ee728b) [PhysX] Initialized MultithreadedTaskDispatcher with 12 workers.
[PhysX] Initialized MultithreadedTaskDispatcher with 12 workers.
 -> (artifact id: '5d3ef191f423d7412bc0334d072fe3f0') in 0.010941 seconds
Number of updated asset objects reloaded before import = 0
Number of asset objects unloaded after import = 2
========================================================================
Received Import Request.
  Time since last request: 0.000017 seconds.
  path: Assets/POLYGON city pack/Meshes,textures/props_FBX/Bank_sign.fbx
  artifactKey: Guid(70f7dc573b688f544abea3f85bcaa05d) Importer(815301076,1909f56bfc062723c751e8b465ee728b)
Start importing Assets/POLYGON city pack/Meshes,textures/props_FBX/Bank_sign.fbx using Guid(70f7dc573b688f544abea3f85bcaa05d) Importer(815301076,1909f56bfc062723c751e8b465ee728b) [PhysX] Initialized MultithreadedTaskDispatcher with 12 workers.
[PhysX] Initialized MultithreadedTaskDispatcher with 12 workers.
[PhysX] Initialized MultithreadedTaskDispatcher with 12 workers.
 -> (artifact id: '226398cc9a77e73546c9af1aab520741') in 0.014572 seconds
Number of updated asset objects reloaded before import = 0
Number of asset objects unloaded after import = 8
========================================================================
Received Import Request.
  Time since last request: 0.000015 seconds.
  path: Assets/POLYGON city pack/Meshes,textures/props_FBX/BurgerShop_sign.png
  artifactKey: Guid(bb5cfbdd0a8fb8c4ebffa31636a05046) Importer(815301076,1909f56bfc062723c751e8b465ee728b)
Start importing Assets/POLYGON city pack/Meshes,textures/props_FBX/BurgerShop_sign.png using Guid(bb5cfbdd0a8fb8c4ebffa31636a05046) Importer(815301076,1909f56bfc062723c751e8b465ee728b) [PhysX] Initialized MultithreadedTaskDispatcher with 12 workers.
[PhysX] Initialized MultithreadedTaskDispatcher with 12 workers.
 -> (artifact id: '9f900a6499182817df7cc7372e19ed22') in 0.010382 seconds
Number of updated asset objects reloaded before import = 0
Number of asset objects unloaded after import = 2
========================================================================
Received Import Request.
  Time since last request: 0.000017 seconds.
  path: Assets/POLYGON city pack/Meshes,textures/props_FBX/flower 3 texture 1.png
  artifactKey: Guid(d79642b217b676342aeda62b8d300328) Importer(815301076,1909f56bfc062723c751e8b465ee728b)
Start importing Assets/POLYGON city pack/Meshes,textures/props_FBX/flower 3 texture 1.png using Guid(d79642b217b676342aeda62b8d300328) Importer(815301076,1909f56bfc062723c751e8b465ee728b) [PhysX] Initialized MultithreadedTaskDispatcher with 12 workers.
[PhysX] Initialized MultithreadedTaskDispatcher with 12 workers.
 -> (artifact id: 'd2d54046c837183308d6836675eb4616') in 0.010192 seconds
Number of updated asset objects reloaded before import = 0
Number of asset objects unloaded after import = 2
========================================================================
Received Import Request.
  Time since last request: 0.000015 seconds.
  path: Assets/POLYGON city pack/Meshes,textures/props_FBX/big trash bin texture.png
  artifactKey: Guid(cb629d531f414f64288cca236d43f674) Importer(815301076,1909f56bfc062723c751e8b465ee728b)
Start importing Assets/POLYGON city pack/Meshes,textures/props_FBX/big trash bin texture.png using Guid(cb629d531f414f64288cca236d43f674) Importer(815301076,1909f56bfc062723c751e8b465ee728b) [PhysX] Initialized MultithreadedTaskDispatcher with 12 workers.
[PhysX] Initialized MultithreadedTaskDispatcher with 12 workers.
 -> (artifact id: '03c249a612624438a3567032283c9778') in 0.009294 seconds
Number of updated asset objects reloaded before import = 0
Number of asset objects unloaded after import = 2
========================================================================
Received Import Request.
  Time since last request: 0.000014 seconds.
  path: Assets/POLYGON city pack/Meshes,textures/props_FBX/burger.fbx
  artifactKey: Guid(efaf08b4a23add84781396e3ef4bdaae) Importer(815301076,1909f56bfc062723c751e8b465ee728b)
Start importing Assets/POLYGON city pack/Meshes,textures/props_FBX/burger.fbx using Guid(efaf08b4a23add84781396e3ef4bdaae) Importer(815301076,1909f56bfc062723c751e8b465ee728b) [PhysX] Initialized MultithreadedTaskDispatcher with 12 workers.
[PhysX] Initialized MultithreadedTaskDispatcher with 12 workers.
[PhysX] Initialized MultithreadedTaskDispatcher with 12 workers.
 -> (artifact id: '291da5058cf88f9f08ecaa4609605bae') in 0.014637 seconds
Number of updated asset objects reloaded before import = 0
Number of asset objects unloaded after import = 9
========================================================================
Received Import Request.
  Time since last request: 0.000018 seconds.
  path: Assets/POLYGON city pack/Meshes,textures/props_FBX/bush.fbx
  artifactKey: Guid(d0300cf9cefd50f4fb857811505e40f6) Importer(815301076,1909f56bfc062723c751e8b465ee728b)
Start importing Assets/POLYGON city pack/Meshes,textures/props_FBX/bush.fbx using Guid(d0300cf9cefd50f4fb857811505e40f6) Importer(815301076,1909f56bfc062723c751e8b465ee728b) [PhysX] Initialized MultithreadedTaskDispatcher with 12 workers.
[PhysX] Initialized MultithreadedTaskDispatcher with 12 workers.
[PhysX] Initialized MultithreadedTaskDispatcher with 12 workers.
 -> (artifact id: '99782ca17db3d1bc898da285a9546fa4') in 0.017559 seconds
Number of updated asset objects reloaded before import = 0
Number of asset objects unloaded after import = 10
========================================================================
Received Import Request.
  Time since last request: 0.000019 seconds.
  path: Assets/POLYGON city pack/Meshes,textures/props_FBX/drain 1.fbx
  artifactKey: Guid(413e1d7e930c5e343816c6421eead532) Importer(815301076,1909f56bfc062723c751e8b465ee728b)
Start importing Assets/POLYGON city pack/Meshes,textures/props_FBX/drain 1.fbx using Guid(413e1d7e930c5e343816c6421eead532) Importer(815301076,1909f56bfc062723c751e8b465ee728b) [PhysX] Initialized MultithreadedTaskDispatcher with 12 workers.
[PhysX] Initialized MultithreadedTaskDispatcher with 12 workers.
[PhysX] Initialized MultithreadedTaskDispatcher with 12 workers.
 -> (artifact id: 'dbae2fa06f087a593f731f4440251cc7') in 0.015242 seconds
Number of updated asset objects reloaded before import = 0
Number of asset objects unloaded after import = 8
========================================================================
Received Import Request.
  Time since last request: 0.000015 seconds.
  path: Assets/POLYGON city pack/Meshes,textures/props_FBX/eletrcity box 1.png
  artifactKey: Guid(a4f9875c2001ed845a51d6f704d70c69) Importer(815301076,1909f56bfc062723c751e8b465ee728b)
Start importing Assets/POLYGON city pack/Meshes,textures/props_FBX/eletrcity box 1.png using Guid(a4f9875c2001ed845a51d6f704d70c69) Importer(815301076,1909f56bfc062723c751e8b465ee728b) [PhysX] Initialized MultithreadedTaskDispatcher with 12 workers.
[PhysX] Initialized MultithreadedTaskDispatcher with 12 workers.
 -> (artifact id: 'b807245ab4bd764fcb156ce3d40e7564') in 0.009896 seconds
Number of updated asset objects reloaded before import = 0
Number of asset objects unloaded after import = 2
========================================================================
Received Import Request.
  Time since last request: 0.000017 seconds.
  path: Assets/POLYGON city pack/Meshes,textures/props_FBX/Bench texture.png
  artifactKey: Guid(9a4a04b84933213428ed33e0c31813b7) Importer(815301076,1909f56bfc062723c751e8b465ee728b)
Start importing Assets/POLYGON city pack/Meshes,textures/props_FBX/Bench texture.png using Guid(9a4a04b84933213428ed33e0c31813b7) Importer(815301076,1909f56bfc062723c751e8b465ee728b) [PhysX] Initialized MultithreadedTaskDispatcher with 12 workers.
[PhysX] Initialized MultithreadedTaskDispatcher with 12 workers.
 -> (artifact id: '04c1179895b98dc651d7a0ef540b7a0c') in 0.009348 seconds
Number of updated asset objects reloaded before import = 0
Number of asset objects unloaded after import = 2
========================================================================
Received Import Request.
  Time since last request: 0.000014 seconds.
  path: Assets/POLYGON city pack/Meshes,textures/props_FBX/can cola 2.png
  artifactKey: Guid(72e1129b490397047a42f1a126238470) Importer(815301076,1909f56bfc062723c751e8b465ee728b)
Start importing Assets/POLYGON city pack/Meshes,textures/props_FBX/can cola 2.png using Guid(72e1129b490397047a42f1a126238470) Importer(815301076,1909f56bfc062723c751e8b465ee728b) [PhysX] Initialized MultithreadedTaskDispatcher with 12 workers.
[PhysX] Initialized MultithreadedTaskDispatcher with 12 workers.
 -> (artifact id: '62d995162ec90f8b630981c7d6b99aad') in 0.010051 seconds
Number of updated asset objects reloaded before import = 0
Number of asset objects unloaded after import = 2
========================================================================
Received Import Request.
  Time since last request: 0.000016 seconds.
  path: Assets/POLYGON city pack/Meshes,textures/props_FBX/Flower 1 purple 1.png
  artifactKey: Guid(016ab324c35ce5e49bbbfa86d799ce52) Importer(815301076,1909f56bfc062723c751e8b465ee728b)
Start importing Assets/POLYGON city pack/Meshes,textures/props_FBX/Flower 1 purple 1.png using Guid(016ab324c35ce5e49bbbfa86d799ce52) Importer(815301076,1909f56bfc062723c751e8b465ee728b) [PhysX] Initialized MultithreadedTaskDispatcher with 12 workers.
[PhysX] Initialized MultithreadedTaskDispatcher with 12 workers.
 -> (artifact id: '5ba63b85e08cc1c70fb9fdb9a526593c') in 0.010525 seconds
Number of updated asset objects reloaded before import = 0
Number of asset objects unloaded after import = 2
========================================================================
Received Import Request.
  Time since last request: 0.000033 seconds.
  path: Assets/POLYGON city pack/Meshes,textures/props_FBX/ColaMachine.fbx
  artifactKey: Guid(2831f92b409a46f45a21bbde0b1f5107) Importer(815301076,1909f56bfc062723c751e8b465ee728b)
Start importing Assets/POLYGON city pack/Meshes,textures/props_FBX/ColaMachine.fbx using Guid(2831f92b409a46f45a21bbde0b1f5107) Importer(815301076,1909f56bfc062723c751e8b465ee728b) [PhysX] Initialized MultithreadedTaskDispatcher with 12 workers.
[PhysX] Initialized MultithreadedTaskDispatcher with 12 workers.
[PhysX] Initialized MultithreadedTaskDispatcher with 12 workers.
 -> (artifact id: 'aad360205eb7c8345f48459840a88c25') in 0.012052 seconds
Number of updated asset objects reloaded before import = 0
Number of asset objects unloaded after import = 8
========================================================================
Received Import Request.
  Time since last request: 0.000027 seconds.
  path: Assets/POLYGON city pack/Meshes,textures/props_FBX/drain 2.fbx
  artifactKey: Guid(8e7f3b7ed07559643b1d82f64ae4994f) Importer(815301076,1909f56bfc062723c751e8b465ee728b)
Start importing Assets/POLYGON city pack/Meshes,textures/props_FBX/drain 2.fbx using Guid(8e7f3b7ed07559643b1d82f64ae4994f) Importer(815301076,1909f56bfc062723c751e8b465ee728b) [PhysX] Initialized MultithreadedTaskDispatcher with 12 workers.
[PhysX] Initialized MultithreadedTaskDispatcher with 12 workers.
[PhysX] Initialized MultithreadedTaskDispatcher with 12 workers.
 -> (artifact id: '60f0f6190ce8adddbf6698fa45b4d9be') in 0.015230 seconds
Number of updated asset objects reloaded before import = 0
Number of asset objects unloaded after import = 9
========================================================================
Received Import Request.
  Time since last request: 0.000016 seconds.
  path: Assets/POLYGON city pack/Meshes,textures/props_FBX/bench 2 texture.png
  artifactKey: Guid(90fbbba75d1fa4f44a8fcbe6dd8640ae) Importer(815301076,1909f56bfc062723c751e8b465ee728b)
Start importing Assets/POLYGON city pack/Meshes,textures/props_FBX/bench 2 texture.png using Guid(90fbbba75d1fa4f44a8fcbe6dd8640ae) Importer(815301076,1909f56bfc062723c751e8b465ee728b) [PhysX] Initialized MultithreadedTaskDispatcher with 12 workers.
[PhysX] Initialized MultithreadedTaskDispatcher with 12 workers.
 -> (artifact id: 'f4ad19362e7383e044cc35a5489a9327') in 0.010053 seconds
Number of updated asset objects reloaded before import = 0
Number of asset objects unloaded after import = 2
========================================================================
Received Import Request.
  Time since last request: 0.000015 seconds.
  path: Assets/POLYGON city pack/Meshes,textures/props_FBX/flower 2 texture 1.png
  artifactKey: Guid(93b777516688c0248aeac726b420bca9) Importer(815301076,1909f56bfc062723c751e8b465ee728b)
Start importing Assets/POLYGON city pack/Meshes,textures/props_FBX/flower 2 texture 1.png using Guid(93b777516688c0248aeac726b420bca9) Importer(815301076,1909f56bfc062723c751e8b465ee728b) [PhysX] Initialized MultithreadedTaskDispatcher with 12 workers.
[PhysX] Initialized MultithreadedTaskDispatcher with 12 workers.
 -> (artifact id: '992b57dd32a236d3f18a56b95f7434f9') in 0.010642 seconds
Number of updated asset objects reloaded before import = 0
Number of asset objects unloaded after import = 2
========================================================================
Received Import Request.
  Time since last request: 0.000017 seconds.
  path: Assets/POLYGON city pack/Meshes,textures/props_FBX/Can_Orange.png
  artifactKey: Guid(be8a2b335eef6be41b54677c1563a367) Importer(815301076,1909f56bfc062723c751e8b465ee728b)
Start importing Assets/POLYGON city pack/Meshes,textures/props_FBX/Can_Orange.png using Guid(be8a2b335eef6be41b54677c1563a367) Importer(815301076,1909f56bfc062723c751e8b465ee728b) [PhysX] Initialized MultithreadedTaskDispatcher with 12 workers.
[PhysX] Initialized MultithreadedTaskDispatcher with 12 workers.
 -> (artifact id: '4481d039b93b8584062cf69a5f09da48') in 0.010053 seconds
Number of updated asset objects reloaded before import = 0
Number of asset objects unloaded after import = 2
========================================================================
Received Import Request.
  Time since last request: 0.000013 seconds.
  path: Assets/POLYGON city pack/Meshes,textures/props_FBX/Flower 1 red 1.png
  artifactKey: Guid(9426e08bc3d7e6a4d90748f5a50c8419) Importer(815301076,1909f56bfc062723c751e8b465ee728b)
Start importing Assets/POLYGON city pack/Meshes,textures/props_FBX/Flower 1 red 1.png using Guid(9426e08bc3d7e6a4d90748f5a50c8419) Importer(815301076,1909f56bfc062723c751e8b465ee728b) [PhysX] Initialized MultithreadedTaskDispatcher with 12 workers.
[PhysX] Initialized MultithreadedTaskDispatcher with 12 workers.
 -> (artifact id: 'f35f68e070e060509a697506266c89cf') in 0.011592 seconds
Number of updated asset objects reloaded before import = 0
Number of asset objects unloaded after import = 2
========================================================================
Received Import Request.
  Time since last request: 0.000031 seconds.
  path: Assets/POLYGON city pack/Meshes,textures/props_FBX/fence c.fbx
  artifactKey: Guid(0759d138b95b5984384372f90050f954) Importer(815301076,1909f56bfc062723c751e8b465ee728b)
Start importing Assets/POLYGON city pack/Meshes,textures/props_FBX/fence c.fbx using Guid(0759d138b95b5984384372f90050f954) Importer(815301076,1909f56bfc062723c751e8b465ee728b) [PhysX] Initialized MultithreadedTaskDispatcher with 12 workers.
[PhysX] Initialized MultithreadedTaskDispatcher with 12 workers.
[PhysX] Initialized MultithreadedTaskDispatcher with 12 workers.
 -> (artifact id: '533821d566d2f1cc9fe0408ff3ec3ebf') in 0.013564 seconds
Number of updated asset objects reloaded before import = 0
Number of asset objects unloaded after import = 8
========================================================================
Received Import Request.
  Time since last request: 0.000014 seconds.
  path: Assets/POLYGON city pack/Meshes,textures/props_FBX/Fence_B_2.png
  artifactKey: Guid(27d64acee5bc9554f8de3bd0254ddddd) Importer(815301076,1909f56bfc062723c751e8b465ee728b)
Start importing Assets/POLYGON city pack/Meshes,textures/props_FBX/Fence_B_2.png using Guid(27d64acee5bc9554f8de3bd0254ddddd) Importer(815301076,1909f56bfc062723c751e8b465ee728b) [PhysX] Initialized MultithreadedTaskDispatcher with 12 workers.
[PhysX] Initialized MultithreadedTaskDispatcher with 12 workers.
 -> (artifact id: '3e8802a484a5bcefd24e4dc689cb62c8') in 0.011008 seconds
Number of updated asset objects reloaded before import = 0
Number of asset objects unloaded after import = 2
========================================================================
Received Import Request.
  Time since last request: 0.000015 seconds.
  path: Assets/POLYGON city pack/Meshes,textures/props_FBX/Bench 2.fbx
  artifactKey: Guid(f5087e1f9a322b249a1b80e9709ff026) Importer(815301076,1909f56bfc062723c751e8b465ee728b)
Start importing Assets/POLYGON city pack/Meshes,textures/props_FBX/Bench 2.fbx using Guid(f5087e1f9a322b249a1b80e9709ff026) Importer(815301076,1909f56bfc062723c751e8b465ee728b) [PhysX] Initialized MultithreadedTaskDispatcher with 12 workers.
[PhysX] Initialized MultithreadedTaskDispatcher with 12 workers.
[PhysX] Initialized MultithreadedTaskDispatcher with 12 workers.
 -> (artifact id: '39da2c49cc592c38be694ad78ccb194b') in 0.012589 seconds
Number of updated asset objects reloaded before import = 0
Number of asset objects unloaded after import = 9
========================================================================
Received Import Request.
  Time since last request: 0.000013 seconds.
  path: Assets/POLYGON city pack/Meshes,textures/props_FBX/bus stop pole texture 1.png
  artifactKey: Guid(d44a52891cea8d74b9d897dee320c982) Importer(815301076,1909f56bfc062723c751e8b465ee728b)
Start importing Assets/POLYGON city pack/Meshes,textures/props_FBX/bus stop pole texture 1.png using Guid(d44a52891cea8d74b9d897dee320c982) Importer(815301076,1909f56bfc062723c751e8b465ee728b) [PhysX] Initialized MultithreadedTaskDispatcher with 12 workers.
[PhysX] Initialized MultithreadedTaskDispatcher with 12 workers.
 -> (artifact id: '4a0dc1cb4b05be083808ea1dc5f53fd0') in 0.009524 seconds
Number of updated asset objects reloaded before import = 0
Number of asset objects unloaded after import = 2
========================================================================
Received Import Request.
  Time since last request: 0.000015 seconds.
  path: Assets/POLYGON city pack/Meshes,textures/props_FBX/drain 3.png
  artifactKey: Guid(5142c81fd69f86b43a5ae41b9d03d423) Importer(815301076,1909f56bfc062723c751e8b465ee728b)
Start importing Assets/POLYGON city pack/Meshes,textures/props_FBX/drain 3.png using Guid(5142c81fd69f86b43a5ae41b9d03d423) Importer(815301076,1909f56bfc062723c751e8b465ee728b) [PhysX] Initialized MultithreadedTaskDispatcher with 12 workers.
[PhysX] Initialized MultithreadedTaskDispatcher with 12 workers.
 -> (artifact id: '3cc5b39d9ee02242b94165e823e5edb7') in 0.008734 seconds
Number of updated asset objects reloaded before import = 0
Number of asset objects unloaded after import = 2
========================================================================
Received Import Request.
  Time since last request: 0.000013 seconds.
  path: Assets/POLYGON city pack/Meshes,textures/props_FBX/Flower 1 organ 1.png
  artifactKey: Guid(dff63f9af4a51274e886c803b053ec43) Importer(815301076,1909f56bfc062723c751e8b465ee728b)
Start importing Assets/POLYGON city pack/Meshes,textures/props_FBX/Flower 1 organ 1.png using Guid(dff63f9af4a51274e886c803b053ec43) Importer(815301076,1909f56bfc062723c751e8b465ee728b) [PhysX] Initialized MultithreadedTaskDispatcher with 12 workers.
[PhysX] Initialized MultithreadedTaskDispatcher with 12 workers.
 -> (artifact id: '98b2dd51d8748591f5af910497d481f5') in 0.008617 seconds
Number of updated asset objects reloaded before import = 0
Number of asset objects unloaded after import = 2
========================================================================
Received Import Request.
  Time since last request: 0.000019 seconds.
  path: Assets/POLYGON city pack/Meshes,textures/props_FBX/bench.fbx
  artifactKey: Guid(2c2a46e9474367f42af1fdbfcc3c2434) Importer(815301076,1909f56bfc062723c751e8b465ee728b)
Start importing Assets/POLYGON city pack/Meshes,textures/props_FBX/bench.fbx using Guid(2c2a46e9474367f42af1fdbfcc3c2434) Importer(815301076,1909f56bfc062723c751e8b465ee728b) [PhysX] Initialized MultithreadedTaskDispatcher with 12 workers.
[PhysX] Initialized MultithreadedTaskDispatcher with 12 workers.
[PhysX] Initialized MultithreadedTaskDispatcher with 12 workers.
 -> (artifact id: '5d478073830749f201fcceb64363187c') in 0.022821 seconds
Number of updated asset objects reloaded before import = 0
Number of asset objects unloaded after import = 9
========================================================================
Received Import Request.
  Time since last request: 0.000017 seconds.
  path: Assets/POLYGON city pack/Meshes,textures/props_FBX/flower 3.fbx
  artifactKey: Guid(bc6ee7e9886584148a9f0a2fd5c56b78) Importer(815301076,1909f56bfc062723c751e8b465ee728b)
Start importing Assets/POLYGON city pack/Meshes,textures/props_FBX/flower 3.fbx using Guid(bc6ee7e9886584148a9f0a2fd5c56b78) Importer(815301076,1909f56bfc062723c751e8b465ee728b) [PhysX] Initialized MultithreadedTaskDispatcher with 12 workers.
[PhysX] Initialized MultithreadedTaskDispatcher with 12 workers.
[PhysX] Initialized MultithreadedTaskDispatcher with 12 workers.
 -> (artifact id: '683fbe28207b30eeb669ed74490fd860') in 0.012553 seconds
Number of updated asset objects reloaded before import = 0
Number of asset objects unloaded after import = 8
========================================================================
Received Import Request.
  Time since last request: 0.000013 seconds.
  path: Assets/POLYGON city pack/Meshes,textures/props_FBX/ATM texture.png
  artifactKey: Guid(0adf9e72f6db90e4e9240239ed1ba57f) Importer(815301076,1909f56bfc062723c751e8b465ee728b)
Start importing Assets/POLYGON city pack/Meshes,textures/props_FBX/ATM texture.png using Guid(0adf9e72f6db90e4e9240239ed1ba57f) Importer(815301076,1909f56bfc062723c751e8b465ee728b) [PhysX] Initialized MultithreadedTaskDispatcher with 12 workers.
[PhysX] Initialized MultithreadedTaskDispatcher with 12 workers.
 -> (artifact id: 'df458690b14eb0e9152cb878b9502795') in 0.009673 seconds
Number of updated asset objects reloaded before import = 0
Number of asset objects unloaded after import = 2
========================================================================
Received Import Request.
  Time since last request: 0.000015 seconds.
  path: Assets/POLYGON city pack/Meshes,textures/props_FBX/drain 2.png
  artifactKey: Guid(beea5840393b99743a433b11898f5b18) Importer(815301076,1909f56bfc062723c751e8b465ee728b)
Start importing Assets/POLYGON city pack/Meshes,textures/props_FBX/drain 2.png using Guid(beea5840393b99743a433b11898f5b18) Importer(815301076,1909f56bfc062723c751e8b465ee728b) [PhysX] Initialized MultithreadedTaskDispatcher with 12 workers.
[PhysX] Initialized MultithreadedTaskDispatcher with 12 workers.
 -> (artifact id: '085c9d7b9c0552e541b29b85fe63cf44') in 0.009519 seconds
Number of updated asset objects reloaded before import = 0
Number of asset objects unloaded after import = 2
========================================================================
Received Import Request.
  Time since last request: 0.000018 seconds.
  path: Assets/POLYGON city pack/Meshes,textures/props_FBX/Food_seller_stand_textureAD.png
  artifactKey: Guid(eb9e5617453be5b438ef168a18f277e8) Importer(815301076,1909f56bfc062723c751e8b465ee728b)
Start importing Assets/POLYGON city pack/Meshes,textures/props_FBX/Food_seller_stand_textureAD.png using Guid(eb9e5617453be5b438ef168a18f277e8) Importer(815301076,1909f56bfc062723c751e8b465ee728b) [PhysX] Initialized MultithreadedTaskDispatcher with 12 workers.
[PhysX] Initialized MultithreadedTaskDispatcher with 12 workers.
 -> (artifact id: '49ca7d9dab3bb77f7e629fd9397ecdb2') in 0.012149 seconds
Number of updated asset objects reloaded before import = 0
Number of asset objects unloaded after import = 2
========================================================================
Received Import Request.
  Time since last request: 0.000015 seconds.
  path: Assets/POLYGON city pack/Meshes,textures/props_FBX/Flower 1.fbx
  artifactKey: Guid(f527259d98e2c0646814ac63efdac060) Importer(815301076,1909f56bfc062723c751e8b465ee728b)
Start importing Assets/POLYGON city pack/Meshes,textures/props_FBX/Flower 1.fbx using Guid(f527259d98e2c0646814ac63efdac060) Importer(815301076,1909f56bfc062723c751e8b465ee728b) [PhysX] Initialized MultithreadedTaskDispatcher with 12 workers.
[PhysX] Initialized MultithreadedTaskDispatcher with 12 workers.
[PhysX] Initialized MultithreadedTaskDispatcher with 12 workers.
 -> (artifact id: 'dfa3ef6ba5d1a59dae117ed29d02a2a2') in 0.012729 seconds
Number of updated asset objects reloaded before import = 0
Number of asset objects unloaded after import = 8
========================================================================
Received Import Request.
  Time since last request: 0.577341 seconds.
  path: Assets/POLYGON city pack/Meshes,textures/props_FBX/Food_seller_texture.png
  artifactKey: Guid(b1545f59880bf844ab1e4171088d9853) Importer(815301076,1909f56bfc062723c751e8b465ee728b)
Start importing Assets/POLYGON city pack/Meshes,textures/props_FBX/Food_seller_texture.png using Guid(b1545f59880bf844ab1e4171088d9853) Importer(815301076,1909f56bfc062723c751e8b465ee728b) [PhysX] Initialized MultithreadedTaskDispatcher with 12 workers.
[PhysX] Initialized MultithreadedTaskDispatcher with 12 workers.
 -> (artifact id: '76f31fe6be709405856434d764a6d4d7') in 0.011513 seconds
Number of updated asset objects reloaded before import = 0
Number of asset objects unloaded after import = 2
========================================================================
Received Import Request.
  Time since last request: 0.000015 seconds.
  path: Assets/POLYGON city pack/Meshes,textures/props_FBX/Hydrant.png
  artifactKey: Guid(3875a5afc4d220249ad0606268177057) Importer(815301076,1909f56bfc062723c751e8b465ee728b)
Start importing Assets/POLYGON city pack/Meshes,textures/props_FBX/Hydrant.png using Guid(3875a5afc4d220249ad0606268177057) Importer(815301076,1909f56bfc062723c751e8b465ee728b) [PhysX] Initialized MultithreadedTaskDispatcher with 12 workers.
[PhysX] Initialized MultithreadedTaskDispatcher with 12 workers.
 -> (artifact id: '6da728ce7bcc52403d18cd6185e6b0b3') in 0.010091 seconds
Number of updated asset objects reloaded before import = 0
Number of asset objects unloaded after import = 2
========================================================================
Received Import Request.
  Time since last request: 0.000017 seconds.
  path: Assets/POLYGON city pack/Meshes,textures/props_FBX/hedge_curve.fbx
  artifactKey: Guid(ddf0a30a7b6225747bfbdda13386706e) Importer(815301076,1909f56bfc062723c751e8b465ee728b)
Start importing Assets/POLYGON city pack/Meshes,textures/props_FBX/hedge_curve.fbx using Guid(ddf0a30a7b6225747bfbdda13386706e) Importer(815301076,1909f56bfc062723c751e8b465ee728b) [PhysX] Initialized MultithreadedTaskDispatcher with 12 workers.
[PhysX] Initialized MultithreadedTaskDispatcher with 12 workers.
[PhysX] Initialized MultithreadedTaskDispatcher with 12 workers.
 -> (artifact id: '7d03082269d82f0a3500b8d18feb4f35') in 0.014682 seconds
Number of updated asset objects reloaded before import = 0
Number of asset objects unloaded after import = 8
========================================================================
Received Import Request.
  Time since last request: 0.000016 seconds.
  path: Assets/POLYGON city pack/Meshes,textures/props_FBX/Hydrant.fbx
  artifactKey: Guid(e929ac57e943d3c489f18cb67b6b4ac2) Importer(815301076,1909f56bfc062723c751e8b465ee728b)
Start importing Assets/POLYGON city pack/Meshes,textures/props_FBX/Hydrant.fbx using Guid(e929ac57e943d3c489f18cb67b6b4ac2) Importer(815301076,1909f56bfc062723c751e8b465ee728b) [PhysX] Initialized MultithreadedTaskDispatcher with 12 workers.
[PhysX] Initialized MultithreadedTaskDispatcher with 12 workers.
[PhysX] Initialized MultithreadedTaskDispatcher with 12 workers.
 -> (artifact id: 'e44c600b61754ee8aadb1e252b272a28') in 0.012809 seconds
Number of updated asset objects reloaded before import = 0
Number of asset objects unloaded after import = 8
========================================================================
Received Import Request.
  Time since last request: 0.000016 seconds.
  path: Assets/POLYGON city pack/Meshes,textures/props_FBX/Hotdog.fbx
  artifactKey: Guid(e7eacd470b794d04e889bdf581747aa3) Importer(815301076,1909f56bfc062723c751e8b465ee728b)
Start importing Assets/POLYGON city pack/Meshes,textures/props_FBX/Hotdog.fbx using Guid(e7eacd470b794d04e889bdf581747aa3) Importer(815301076,1909f56bfc062723c751e8b465ee728b) [PhysX] Initialized MultithreadedTaskDispatcher with 12 workers.
[PhysX] Initialized MultithreadedTaskDispatcher with 12 workers.
[PhysX] Initialized MultithreadedTaskDispatcher with 12 workers.
 -> (artifact id: '5044c278dfcb12070b909a3803fc46cb') in 0.013620 seconds
Number of updated asset objects reloaded before import = 0
Number of asset objects unloaded after import = 8
========================================================================
Received Import Request.
  Time since last request: 0.000024 seconds.
  path: Assets/POLYGON city pack/Meshes,textures/props_FBX/Mail_box.fbx
  artifactKey: Guid(e298e0318dd92ec419e05b1fd03d9411) Importer(815301076,1909f56bfc062723c751e8b465ee728b)
Start importing Assets/POLYGON city pack/Meshes,textures/props_FBX/Mail_box.fbx using Guid(e298e0318dd92ec419e05b1fd03d9411) Importer(815301076,1909f56bfc062723c751e8b465ee728b) [PhysX] Initialized MultithreadedTaskDispatcher with 12 workers.
[PhysX] Initialized MultithreadedTaskDispatcher with 12 workers.
[PhysX] Initialized MultithreadedTaskDispatcher with 12 workers.
 -> (artifact id: 'e0fc6c759ac2da11e955f452ec807b3c') in 0.015641 seconds
Number of updated asset objects reloaded before import = 0
Number of asset objects unloaded after import = 9
========================================================================
Received Import Request.
  Time since last request: 0.000016 seconds.
  path: Assets/POLYGON city pack/Meshes,textures/props_FBX/platt 1 sign part.fbx
  artifactKey: Guid(35b519e7f36671443b32ef1fba32f545) Importer(815301076,1909f56bfc062723c751e8b465ee728b)
Start importing Assets/POLYGON city pack/Meshes,textures/props_FBX/platt 1 sign part.fbx using Guid(35b519e7f36671443b32ef1fba32f545) Importer(815301076,1909f56bfc062723c751e8b465ee728b) [PhysX] Initialized MultithreadedTaskDispatcher with 12 workers.
[PhysX] Initialized MultithreadedTaskDispatcher with 12 workers.
[PhysX] Initialized MultithreadedTaskDispatcher with 12 workers.
 -> (artifact id: '210c98e1227ea1dbcca98b30d35dd5a1') in 0.013195 seconds
Number of updated asset objects reloaded before import = 0
Number of asset objects unloaded after import = 8
========================================================================
Received Import Request.
  Time since last request: 0.000014 seconds.
  path: Assets/POLYGON city pack/Meshes,textures/props_FBX/platt 3 sign part.fbx
  artifactKey: Guid(025ae266f5a8bc44ab96601338063aab) Importer(815301076,1909f56bfc062723c751e8b465ee728b)
Start importing Assets/POLYGON city pack/Meshes,textures/props_FBX/platt 3 sign part.fbx using Guid(025ae266f5a8bc44ab96601338063aab) Importer(815301076,1909f56bfc062723c751e8b465ee728b) [PhysX] Initialized MultithreadedTaskDispatcher with 12 workers.
[PhysX] Initialized MultithreadedTaskDispatcher with 12 workers.
[PhysX] Initialized MultithreadedTaskDispatcher with 12 workers.
 -> (artifact id: 'b3fa71f00a4ffcccd5fc085358ab40d4') in 0.016576 seconds
Number of updated asset objects reloaded before import = 0
Number of asset objects unloaded after import = 9
========================================================================
Received Import Request.
  Time since last request: 0.000018 seconds.
  path: Assets/POLYGON city pack/Meshes,textures/props_FBX/plant 1.fbx
  artifactKey: Guid(215e798bef4c94648a9bdfb13d6042f4) Importer(815301076,1909f56bfc062723c751e8b465ee728b)
Start importing Assets/POLYGON city pack/Meshes,textures/props_FBX/plant 1.fbx using Guid(215e798bef4c94648a9bdfb13d6042f4) Importer(815301076,1909f56bfc062723c751e8b465ee728b) [PhysX] Initialized MultithreadedTaskDispatcher with 12 workers.
[PhysX] Initialized MultithreadedTaskDispatcher with 12 workers.
[PhysX] Initialized MultithreadedTaskDispatcher with 12 workers.
 -> (artifact id: '41a8b8f396637b70fc2769b20ecd4de6') in 0.015449 seconds
Number of updated asset objects reloaded before import = 0
Number of asset objects unloaded after import = 9
========================================================================
Received Import Request.
  Time since last request: 0.000014 seconds.
  path: Assets/POLYGON city pack/Meshes,textures/props_FBX/grass 2.png
  artifactKey: Guid(6397113e9a553b04e85dc970603eb3b7) Importer(815301076,1909f56bfc062723c751e8b465ee728b)
Start importing Assets/POLYGON city pack/Meshes,textures/props_FBX/grass 2.png using Guid(6397113e9a553b04e85dc970603eb3b7) Importer(815301076,1909f56bfc062723c751e8b465ee728b) [PhysX] Initialized MultithreadedTaskDispatcher with 12 workers.
[PhysX] Initialized MultithreadedTaskDispatcher with 12 workers.
 -> (artifact id: '89249085bb86514c9a24268839031cf9') in 0.011481 seconds
Number of updated asset objects reloaded before import = 0
Number of asset objects unloaded after import = 2
========================================================================
Received Import Request.
  Time since last request: 0.000016 seconds.
  path: Assets/POLYGON city pack/Meshes,textures/props_FBX/Grass.fbx
  artifactKey: Guid(3900d928ccec44041bdd0c3d50026c02) Importer(815301076,1909f56bfc062723c751e8b465ee728b)
Start importing Assets/POLYGON city pack/Meshes,textures/props_FBX/Grass.fbx using Guid(3900d928ccec44041bdd0c3d50026c02) Importer(815301076,1909f56bfc062723c751e8b465ee728b) [PhysX] Initialized MultithreadedTaskDispatcher with 12 workers.
[PhysX] Initialized MultithreadedTaskDispatcher with 12 workers.
[PhysX] Initialized MultithreadedTaskDispatcher with 12 workers.
 -> (artifact id: '9d31b3d27ee1fa95127a434afaaef1a6') in 0.016620 seconds
Number of updated asset objects reloaded before import = 0
Number of asset objects unloaded after import = 8
========================================================================
Received Import Request.
  Time since last request: 0.000014 seconds.
  path: Assets/POLYGON city pack/Meshes,textures/props_FBX/platt 4 sign part.fbx
  artifactKey: Guid(2ff487a520c224d4898eb6447171d442) Importer(815301076,1909f56bfc062723c751e8b465ee728b)
Start importing Assets/POLYGON city pack/Meshes,textures/props_FBX/platt 4 sign part.fbx using Guid(2ff487a520c224d4898eb6447171d442) Importer(815301076,1909f56bfc062723c751e8b465ee728b) [PhysX] Initialized MultithreadedTaskDispatcher with 12 workers.
[PhysX] Initialized MultithreadedTaskDispatcher with 12 workers.
[PhysX] Initialized MultithreadedTaskDispatcher with 12 workers.
 -> (artifact id: '8a82db10ae5147830b18bc9248837882') in 0.015139 seconds
Number of updated asset objects reloaded before import = 0
Number of asset objects unloaded after import = 9
========================================================================
Received Import Request.
  Time since last request: 0.000016 seconds.
  path: Assets/POLYGON city pack/Meshes,textures/props_FBX/leafes tree 1.png
  artifactKey: Guid(d77ac9832e1f7ce4e8ad8e45903243e6) Importer(815301076,1909f56bfc062723c751e8b465ee728b)
Start importing Assets/POLYGON city pack/Meshes,textures/props_FBX/leafes tree 1.png using Guid(d77ac9832e1f7ce4e8ad8e45903243e6) Importer(815301076,1909f56bfc062723c751e8b465ee728b) [PhysX] Initialized MultithreadedTaskDispatcher with 12 workers.
[PhysX] Initialized MultithreadedTaskDispatcher with 12 workers.
 -> (artifact id: 'e92932ae3d219d887df53dda561ac532') in 0.010005 seconds
Number of updated asset objects reloaded before import = 0
Number of asset objects unloaded after import = 2
========================================================================
Received Import Request.
  Time since last request: 0.000015 seconds.
  path: Assets/POLYGON city pack/Meshes,textures/props_FBX/hedge 1m.fbx
  artifactKey: Guid(dc03e5b032f8bdd448dd9e5844143962) Importer(815301076,1909f56bfc062723c751e8b465ee728b)
Start importing Assets/POLYGON city pack/Meshes,textures/props_FBX/hedge 1m.fbx using Guid(dc03e5b032f8bdd448dd9e5844143962) Importer(815301076,1909f56bfc062723c751e8b465ee728b) [PhysX] Initialized MultithreadedTaskDispatcher with 12 workers.
[PhysX] Initialized MultithreadedTaskDispatcher with 12 workers.
[PhysX] Initialized MultithreadedTaskDispatcher with 12 workers.
 -> (artifact id: '7d4fa3d13087986429f677067a132936') in 0.014056 seconds
Number of updated asset objects reloaded before import = 0
Number of asset objects unloaded after import = 8
========================================================================
Received Import Request.
  Time since last request: 0.000017 seconds.
  path: Assets/POLYGON city pack/Meshes,textures/props_FBX/Hospital_sign.fbx
  artifactKey: Guid(b39d439f864b73443b752b76f2c3911e) Importer(815301076,1909f56bfc062723c751e8b465ee728b)
Start importing Assets/POLYGON city pack/Meshes,textures/props_FBX/Hospital_sign.fbx using Guid(b39d439f864b73443b752b76f2c3911e) Importer(815301076,1909f56bfc062723c751e8b465ee728b) [PhysX] Initialized MultithreadedTaskDispatcher with 12 workers.
[PhysX] Initialized MultithreadedTaskDispatcher with 12 workers.
[PhysX] Initialized MultithreadedTaskDispatcher with 12 workers.
 -> (artifact id: 'f97c062ad33962eb4b3d78093adf10e7') in 0.016120 seconds
Number of updated asset objects reloaded before import = 0
Number of asset objects unloaded after import = 8
========================================================================
Received Import Request.
  Time since last request: 0.487911 seconds.
  path: Assets/POLYGON city pack/Meshes,textures/props_FBX/pole.fbx
  artifactKey: Guid(b88ec0b9575623f458b538e7fcf1bf92) Importer(815301076,1909f56bfc062723c751e8b465ee728b)
Start importing Assets/POLYGON city pack/Meshes,textures/props_FBX/pole.fbx using Guid(b88ec0b9575623f458b538e7fcf1bf92) Importer(815301076,1909f56bfc062723c751e8b465ee728b) [PhysX] Initialized MultithreadedTaskDispatcher with 12 workers.
[PhysX] Initialized MultithreadedTaskDispatcher with 12 workers.
[PhysX] Initialized MultithreadedTaskDispatcher with 12 workers.
 -> (artifact id: '7163be137b5ae12aab187e7c127412fe') in 0.019098 seconds
Number of updated asset objects reloaded before import = 0
Number of asset objects unloaded after import = 8
========================================================================
Received Import Request.
  Time since last request: 0.000015 seconds.
  path: Assets/POLYGON city pack/Meshes,textures/props_FBX/Power_poles.fbx
  artifactKey: Guid(327ef2749f303f14281a5cde50b1a03f) Importer(815301076,1909f56bfc062723c751e8b465ee728b)
Start importing Assets/POLYGON city pack/Meshes,textures/props_FBX/Power_poles.fbx using Guid(327ef2749f303f14281a5cde50b1a03f) Importer(815301076,1909f56bfc062723c751e8b465ee728b) [PhysX] Initialized MultithreadedTaskDispatcher with 12 workers.
[PhysX] Initialized MultithreadedTaskDispatcher with 12 workers.
[PhysX] Initialized MultithreadedTaskDispatcher with 12 workers.
 -> (artifact id: 'b63dca80d80a80a1ccfab2c0575a52e4') in 0.015686 seconds
Number of updated asset objects reloaded before import = 0
Number of asset objects unloaded after import = 9
========================================================================
Received Import Request.
  Time since last request: 0.000014 seconds.
  path: Assets/POLYGON city pack/Meshes,textures/props_FBX/streetprop.fbx
  artifactKey: Guid(f26c7cb76932f5949bf42e08a1f46cea) Importer(815301076,1909f56bfc062723c751e8b465ee728b)
Start importing Assets/POLYGON city pack/Meshes,textures/props_FBX/streetprop.fbx using Guid(f26c7cb76932f5949bf42e08a1f46cea) Importer(815301076,1909f56bfc062723c751e8b465ee728b) [PhysX] Initialized MultithreadedTaskDispatcher with 12 workers.
[PhysX] Initialized MultithreadedTaskDispatcher with 12 workers.
[PhysX] Initialized MultithreadedTaskDispatcher with 12 workers.
 -> (artifact id: '549bbb3b07ab87111c5d53f21483c015') in 0.015077 seconds
Number of updated asset objects reloaded before import = 0
Number of asset objects unloaded after import = 8
========================================================================
Received Import Request.
  Time since last request: 0.000014 seconds.
  path: Assets/POLYGON city pack/Meshes,textures/props_FBX/traffic_pot_texture.png
  artifactKey: Guid(a9edd05d1642d964fb6352356d058cf9) Importer(815301076,1909f56bfc062723c751e8b465ee728b)
Start importing Assets/POLYGON city pack/Meshes,textures/props_FBX/traffic_pot_texture.png using Guid(a9edd05d1642d964fb6352356d058cf9) Importer(815301076,1909f56bfc062723c751e8b465ee728b) [PhysX] Initialized MultithreadedTaskDispatcher with 12 workers.
[PhysX] Initialized MultithreadedTaskDispatcher with 12 workers.
 -> (artifact id: 'f79de482c5e96ed2dda279b176f99db8') in 0.008639 seconds
Number of updated asset objects reloaded before import = 0
Number of asset objects unloaded after import = 2
========================================================================
Received Import Request.
  Time since last request: 0.000015 seconds.
  path: Assets/POLYGON city pack/Meshes,textures/props_FBX/Wall 2.fbx
  artifactKey: Guid(b96bc629bd1b6524281a561f6a967bf5) Importer(815301076,1909f56bfc062723c751e8b465ee728b)
Start importing Assets/POLYGON city pack/Meshes,textures/props_FBX/Wall 2.fbx using Guid(b96bc629bd1b6524281a561f6a967bf5) Importer(815301076,1909f56bfc062723c751e8b465ee728b) [PhysX] Initialized MultithreadedTaskDispatcher with 12 workers.
[PhysX] Initialized MultithreadedTaskDispatcher with 12 workers.
[PhysX] Initialized MultithreadedTaskDispatcher with 12 workers.
 -> (artifact id: 'c4f074899039df6132972e8290c41889') in 0.014608 seconds
Number of updated asset objects reloaded before import = 0
Number of asset objects unloaded after import = 9
========================================================================
Received Import Request.
  Time since last request: 0.000015 seconds.
  path: Assets/POLYGON city pack/Meshes,textures/props_FBX/Wall 7.fbx
  artifactKey: Guid(39230ece6df16c84abd68ab63bd4e199) Importer(815301076,1909f56bfc062723c751e8b465ee728b)
Start importing Assets/POLYGON city pack/Meshes,textures/props_FBX/Wall 7.fbx using Guid(39230ece6df16c84abd68ab63bd4e199) Importer(815301076,1909f56bfc062723c751e8b465ee728b) [PhysX] Initialized MultithreadedTaskDispatcher with 12 workers.
[PhysX] Initialized MultithreadedTaskDispatcher with 12 workers.
[PhysX] Initialized MultithreadedTaskDispatcher with 12 workers.
 -> (artifact id: '766ed533047f3bcb8d30af7b09126339') in 0.014266 seconds
Number of updated asset objects reloaded before import = 0
Number of asset objects unloaded after import = 9
========================================================================
Received Import Request.
  Time since last request: 0.000013 seconds.
  path: Assets/POLYGON city pack/Meshes,textures/props_FBX/traffic warning stand texture.png
  artifactKey: Guid(1daf544f1efadb744b1ccd54710ebbe5) Importer(815301076,1909f56bfc062723c751e8b465ee728b)
Start importing Assets/POLYGON city pack/Meshes,textures/props_FBX/traffic warning stand texture.png using Guid(1daf544f1efadb744b1ccd54710ebbe5) Importer(815301076,1909f56bfc062723c751e8b465ee728b) [PhysX] Initialized MultithreadedTaskDispatcher with 12 workers.
[PhysX] Initialized MultithreadedTaskDispatcher with 12 workers.
 -> (artifact id: '1c17194d2acf9109f9232c68482c258e') in 0.009957 seconds
Number of updated asset objects reloaded before import = 0
Number of asset objects unloaded after import = 2
========================================================================
Received Import Request.
  Time since last request: 0.000017 seconds.
  path: Assets/POLYGON city pack/Meshes,textures/props_FBX/power pole cable texture.png
  artifactKey: Guid(48808a5df1a5fb541a6018aee1072c40) Importer(815301076,1909f56bfc062723c751e8b465ee728b)
Start importing Assets/POLYGON city pack/Meshes,textures/props_FBX/power pole cable texture.png using Guid(48808a5df1a5fb541a6018aee1072c40) Importer(815301076,1909f56bfc062723c751e8b465ee728b) [PhysX] Initialized MultithreadedTaskDispatcher with 12 workers.
[PhysX] Initialized MultithreadedTaskDispatcher with 12 workers.
 -> (artifact id: '9f8fdbddf29d92de59958c9493c14f0a') in 0.036683 seconds
Number of updated asset objects reloaded before import = 0
Number of asset objects unloaded after import = 2
========================================================================
Received Import Request.
  Time since last request: 0.000016 seconds.
  path: Assets/POLYGON city pack/Meshes,textures/props_FBX/traffic_OBJ.png
  artifactKey: Guid(0fa8506d184ec3646b272275067f1dde) Importer(815301076,1909f56bfc062723c751e8b465ee728b)
Start importing Assets/POLYGON city pack/Meshes,textures/props_FBX/traffic_OBJ.png using Guid(0fa8506d184ec3646b272275067f1dde) Importer(815301076,1909f56bfc062723c751e8b465ee728b) [PhysX] Initialized MultithreadedTaskDispatcher with 12 workers.
[PhysX] Initialized MultithreadedTaskDispatcher with 12 workers.
 -> (artifact id: 'ae8f80ff633b9544f2a043f53fda5444') in 0.009483 seconds
Number of updated asset objects reloaded before import = 0
Number of asset objects unloaded after import = 2
========================================================================
Received Import Request.
  Time since last request: 0.000017 seconds.
  path: Assets/POLYGON city pack/Meshes,textures/props_FBX/traffic_obj.fbx
  artifactKey: Guid(ad446666bbee14d48a005a548eecc6bc) Importer(815301076,1909f56bfc062723c751e8b465ee728b)
Start importing Assets/POLYGON city pack/Meshes,textures/props_FBX/traffic_obj.fbx using Guid(ad446666bbee14d48a005a548eecc6bc) Importer(815301076,1909f56bfc062723c751e8b465ee728b) [PhysX] Initialized MultithreadedTaskDispatcher with 12 workers.
[PhysX] Initialized MultithreadedTaskDispatcher with 12 workers.
[PhysX] Initialized MultithreadedTaskDispatcher with 12 workers.
 -> (artifact id: '58de124dce3965ddaa91f06a90da6bfd') in 0.016579 seconds
Number of updated asset objects reloaded before import = 0
Number of asset objects unloaded after import = 8
========================================================================
Received Import Request.
  Time since last request: 0.000013 seconds.
  path: Assets/POLYGON city pack/Meshes,textures/props_FBX/tree_holder.fbx
  artifactKey: Guid(864b37ef74679d041a9878401216a6b0) Importer(815301076,1909f56bfc062723c751e8b465ee728b)
Start importing Assets/POLYGON city pack/Meshes,textures/props_FBX/tree_holder.fbx using Guid(864b37ef74679d041a9878401216a6b0) Importer(815301076,1909f56bfc062723c751e8b465ee728b) [PhysX] Initialized MultithreadedTaskDispatcher with 12 workers.
[PhysX] Initialized MultithreadedTaskDispatcher with 12 workers.
[PhysX] Initialized MultithreadedTaskDispatcher with 12 workers.
 -> (artifact id: '53d63b43c2692bd2f567add22ab6efbe') in 0.015883 seconds
Number of updated asset objects reloaded before import = 0
Number of asset objects unloaded after import = 9
========================================================================
Received Import Request.
  Time since last request: 0.000016 seconds.
  path: Assets/POLYGON city pack/Meshes,textures/props_FBX/stone 2.fbx
  artifactKey: Guid(34396542f6fdc3444afca4ecf1322e4f) Importer(815301076,1909f56bfc062723c751e8b465ee728b)
Start importing Assets/POLYGON city pack/Meshes,textures/props_FBX/stone 2.fbx using Guid(34396542f6fdc3444afca4ecf1322e4f) Importer(815301076,1909f56bfc062723c751e8b465ee728b) [PhysX] Initialized MultithreadedTaskDispatcher with 12 workers.
[PhysX] Initialized MultithreadedTaskDispatcher with 12 workers.
[PhysX] Initialized MultithreadedTaskDispatcher with 12 workers.
 -> (artifact id: '980646be6f71cd31169b8e1d0e72a8dd') in 0.014604 seconds
Number of updated asset objects reloaded before import = 0
Number of asset objects unloaded after import = 8
========================================================================
Received Import Request.
  Time since last request: 0.000023 seconds.
  path: Assets/POLYGON city pack/Meshes,textures/props_FBX/Traffic_light_4.fbx
  artifactKey: Guid(93b7e9a763b4d7944938ea7824810aa6) Importer(815301076,1909f56bfc062723c751e8b465ee728b)
Start importing Assets/POLYGON city pack/Meshes,textures/props_FBX/Traffic_light_4.fbx using Guid(93b7e9a763b4d7944938ea7824810aa6) Importer(815301076,1909f56bfc062723c751e8b465ee728b) [PhysX] Initialized MultithreadedTaskDispatcher with 12 workers.
[PhysX] Initialized MultithreadedTaskDispatcher with 12 workers.
[PhysX] Initialized MultithreadedTaskDispatcher with 12 workers.
 -> (artifact id: '7be6d9f863f8d18d486ef467b35f43a4') in 0.017119 seconds
Number of updated asset objects reloaded before import = 0
Number of asset objects unloaded after import = 14
========================================================================
Received Import Request.
  Time since last request: 0.000017 seconds.
  path: Assets/POLYGON city pack/Meshes,textures/props_FBX/stone pot.fbx
  artifactKey: Guid(361f18f311d2a624295d402952b751b4) Importer(815301076,1909f56bfc062723c751e8b465ee728b)
Start importing Assets/POLYGON city pack/Meshes,textures/props_FBX/stone pot.fbx using Guid(361f18f311d2a624295d402952b751b4) Importer(815301076,1909f56bfc062723c751e8b465ee728b) [PhysX] Initialized MultithreadedTaskDispatcher with 12 workers.
[PhysX] Initialized MultithreadedTaskDispatcher with 12 workers.
[PhysX] Initialized MultithreadedTaskDispatcher with 12 workers.
 -> (artifact id: '7a3b9fd1059cd649bef49f8c45668b40') in 0.014971 seconds
Number of updated asset objects reloaded before import = 0
Number of asset objects unloaded after import = 9
========================================================================
Received Import Request.
  Time since last request: 0.512819 seconds.
  path: Assets/POLYGON city pack/Meshes,textures/props_FBX/Water tank.fbx
  artifactKey: Guid(117e7dba71711014b8cc191b5b30b0a5) Importer(815301076,1909f56bfc062723c751e8b465ee728b)
Start importing Assets/POLYGON city pack/Meshes,textures/props_FBX/Water tank.fbx using Guid(117e7dba71711014b8cc191b5b30b0a5) Importer(815301076,1909f56bfc062723c751e8b465ee728b) [PhysX] Initialized MultithreadedTaskDispatcher with 12 workers.
[PhysX] Initialized MultithreadedTaskDispatcher with 12 workers.
[PhysX] Initialized MultithreadedTaskDispatcher with 12 workers.
 -> (artifact id: '953a514cb51a293b7dd0d0b1bdfe4ae9') in 0.190506 seconds
Number of updated asset objects reloaded before import = 0
Number of asset objects unloaded after import = 10
========================================================================
Received Import Request.
  Time since last request: 3.555327 seconds.
  path: Assets/POLYGON city pack/Meshes,textures/Buildings_FBX
  artifactKey: Guid(1c209f79ee9b52748a8c99210e90d168) Importer(815301076,1909f56bfc062723c751e8b465ee728b)
Start importing Assets/POLYGON city pack/Meshes,textures/Buildings_FBX using Guid(1c209f79ee9b52748a8c99210e90d168) Importer(815301076,1909f56bfc062723c751e8b465ee728b) [PhysX] Initialized MultithreadedTaskDispatcher with 12 workers.
 -> (artifact id: '0bb44f7d66e9a2ed931948f0a97f5635') in 0.000457 seconds
Number of updated asset objects reloaded before import = 0
Number of asset objects unloaded after import = 0
========================================================================
Received Import Request.
  Time since last request: 0.061579 seconds.
  path: Assets/POLYGON city pack/Meshes,textures/Buildings_FBX/Bank.fbx
  artifactKey: Guid(5f4bf4a930a2f2f4e935361af4a6b922) Importer(815301076,1909f56bfc062723c751e8b465ee728b)
Start importing Assets/POLYGON city pack/Meshes,textures/Buildings_FBX/Bank.fbx using Guid(5f4bf4a930a2f2f4e935361af4a6b922) Importer(815301076,1909f56bfc062723c751e8b465ee728b) [PhysX] Initialized MultithreadedTaskDispatcher with 12 workers.
[PhysX] Initialized MultithreadedTaskDispatcher with 12 workers.
[PhysX] Initialized MultithreadedTaskDispatcher with 12 workers.
 -> (artifact id: 'f1e41bcd955df6da238a227ece2ac32d') in 0.019292 seconds
Number of updated asset objects reloaded before import = 0
Number of asset objects unloaded after import = 24
========================================================================
Received Import Request.
  Time since last request: 0.000013 seconds.
  path: Assets/POLYGON city pack/Meshes,textures/Buildings_FBX/Fire_department.fbx
  artifactKey: Guid(91ddddc8ac960484a9abe1b9c024542e) Importer(815301076,1909f56bfc062723c751e8b465ee728b)
Start importing Assets/POLYGON city pack/Meshes,textures/Buildings_FBX/Fire_department.fbx using Guid(91ddddc8ac960484a9abe1b9c024542e) Importer(815301076,1909f56bfc062723c751e8b465ee728b) [PhysX] Initialized MultithreadedTaskDispatcher with 12 workers.
[PhysX] Initialized MultithreadedTaskDispatcher with 12 workers.
[PhysX] Initialized MultithreadedTaskDispatcher with 12 workers.
 -> (artifact id: '2aa9eed7f1ff6a69d0490945dac73b50') in 0.017730 seconds
Number of updated asset objects reloaded before import = 0
Number of asset objects unloaded after import = 19
========================================================================
Received Import Request.
  Time since last request: 0.000015 seconds.
  path: Assets/POLYGON city pack/Meshes,textures/Buildings_FBX/Build_G-Right.fbx
  artifactKey: Guid(bb1edca309ad0a442b0a690fc4e4a944) Importer(815301076,1909f56bfc062723c751e8b465ee728b)
Start importing Assets/POLYGON city pack/Meshes,textures/Buildings_FBX/Build_G-Right.fbx using Guid(bb1edca309ad0a442b0a690fc4e4a944) Importer(815301076,1909f56bfc062723c751e8b465ee728b) [PhysX] Initialized MultithreadedTaskDispatcher with 12 workers.
[PhysX] Initialized MultithreadedTaskDispatcher with 12 workers.
[PhysX] Initialized MultithreadedTaskDispatcher with 12 workers.
 -> (artifact id: 'e826fa6554f1148bf3d7979ab2ae5eb9') in 0.018379 seconds
Number of updated asset objects reloaded before import = 0
Number of asset objects unloaded after import = 19
========================================================================
Received Import Request.
  Time since last request: 0.000017 seconds.
  path: Assets/POLYGON city pack/Meshes,textures/Buildings_FBX/Car_repair_texture.png
  artifactKey: Guid(33f185214608d5046a4dc05aaf2bfba4) Importer(815301076,1909f56bfc062723c751e8b465ee728b)
Start importing Assets/POLYGON city pack/Meshes,textures/Buildings_FBX/Car_repair_texture.png using Guid(33f185214608d5046a4dc05aaf2bfba4) Importer(815301076,1909f56bfc062723c751e8b465ee728b) [PhysX] Initialized MultithreadedTaskDispatcher with 12 workers.
[PhysX] Initialized MultithreadedTaskDispatcher with 12 workers.
 -> (artifact id: 'b52e6e777bc0f338deafb19480e524d3') in 0.011575 seconds
Number of updated asset objects reloaded before import = 0
Number of asset objects unloaded after import = 2
========================================================================
Received Import Request.
  Time since last request: 0.000022 seconds.
  path: Assets/POLYGON city pack/Meshes,textures/Buildings_FBX/building_X.fbx
  artifactKey: Guid(3897224f9eca41b449d08d584b0c5dba) Importer(815301076,1909f56bfc062723c751e8b465ee728b)
Start importing Assets/POLYGON city pack/Meshes,textures/Buildings_FBX/building_X.fbx using Guid(3897224f9eca41b449d08d584b0c5dba) Importer(815301076,1909f56bfc062723c751e8b465ee728b) [PhysX] Initialized MultithreadedTaskDispatcher with 12 workers.
[PhysX] Initialized MultithreadedTaskDispatcher with 12 workers.
[PhysX] Initialized MultithreadedTaskDispatcher with 12 workers.
 -> (artifact id: '28d8e54b3d44777b4452b36eef2915cd') in 0.018866 seconds
Number of updated asset objects reloaded before import = 0
Number of asset objects unloaded after import = 22
========================================================================
Received Import Request.
  Time since last request: 0.000017 seconds.
  path: Assets/POLYGON city pack/Meshes,textures/Buildings_FBX/Police_station.fbx
  artifactKey: Guid(9829747c92e671a418cf78d14678b4fd) Importer(815301076,1909f56bfc062723c751e8b465ee728b)
Start importing Assets/POLYGON city pack/Meshes,textures/Buildings_FBX/Police_station.fbx using Guid(9829747c92e671a418cf78d14678b4fd) Importer(815301076,1909f56bfc062723c751e8b465ee728b) [PhysX] Initialized MultithreadedTaskDispatcher with 12 workers.
[PhysX] Initialized MultithreadedTaskDispatcher with 12 workers.
[PhysX] Initialized MultithreadedTaskDispatcher with 12 workers.
 -> (artifact id: '498a13146c8a9d62e696d5e855b5bde9') in 0.021987 seconds
Number of updated asset objects reloaded before import = 0
Number of asset objects unloaded after import = 25
========================================================================
Received Import Request.
  Time since last request: 0.000017 seconds.
  path: Assets/POLYGON city pack/Meshes,textures/Buildings_FBX/Building_i_3Texture.png
  artifactKey: Guid(beb784968caebcd4ba8e79d9dd751ecc) Importer(815301076,1909f56bfc062723c751e8b465ee728b)
Start importing Assets/POLYGON city pack/Meshes,textures/Buildings_FBX/Building_i_3Texture.png using Guid(beb784968caebcd4ba8e79d9dd751ecc) Importer(815301076,1909f56bfc062723c751e8b465ee728b) [PhysX] Initialized MultithreadedTaskDispatcher with 12 workers.
[PhysX] Initialized MultithreadedTaskDispatcher with 12 workers.
 -> (artifact id: '2c36ac32844530638d7eb8dd7c759df9') in 0.011678 seconds
Number of updated asset objects reloaded before import = 0
Number of asset objects unloaded after import = 2
========================================================================
Received Import Request.
  Time since last request: 0.000018 seconds.
  path: Assets/POLYGON city pack/Meshes,textures/Buildings_FBX/Building_I_2.fbx
  artifactKey: Guid(9f70c3b25552f8c4cbfc2dc5b60b2c0e) Importer(815301076,1909f56bfc062723c751e8b465ee728b)
Start importing Assets/POLYGON city pack/Meshes,textures/Buildings_FBX/Building_I_2.fbx using Guid(9f70c3b25552f8c4cbfc2dc5b60b2c0e) Importer(815301076,1909f56bfc062723c751e8b465ee728b) [PhysX] Initialized MultithreadedTaskDispatcher with 12 workers.
[PhysX] Initialized MultithreadedTaskDispatcher with 12 workers.
[PhysX] Initialized MultithreadedTaskDispatcher with 12 workers.
[PhysX] Initialized MultithreadedTaskDispatcher with 12 workers.
[PhysX] Initialized MultithreadedTaskDispatcher with 12 workers.
 -> (artifact id: 'e965233e1aa8469191ae3a57883c2dd3') in 0.023257 seconds
Number of updated asset objects reloaded before import = 0
Number of asset objects unloaded after import = 32
========================================================================
Received Import Request.
  Time since last request: 0.000014 seconds.
  path: Assets/POLYGON city pack/Meshes,textures/Buildings_FBX/Building_C1.fbx
  artifactKey: Guid(aa2b0ff9d71916c4aa2e1d9699c459fc) Importer(815301076,1909f56bfc062723c751e8b465ee728b)
Start importing Assets/POLYGON city pack/Meshes,textures/Buildings_FBX/Building_C1.fbx using Guid(aa2b0ff9d71916c4aa2e1d9699c459fc) Importer(815301076,1909f56bfc062723c751e8b465ee728b) [PhysX] Initialized MultithreadedTaskDispatcher with 12 workers.
[PhysX] Initialized MultithreadedTaskDispatcher with 12 workers.
[PhysX] Initialized MultithreadedTaskDispatcher with 12 workers.
 -> (artifact id: '81b120b7d0b3063cd0430c9fb4f00e8c') in 0.017990 seconds
Number of updated asset objects reloaded before import = 0
Number of asset objects unloaded after import = 21
========================================================================
Received Import Request.
  Time since last request: 0.000015 seconds.
  path: Assets/POLYGON city pack/Meshes,textures/Buildings_FBX/Building_J.fbx
  artifactKey: Guid(619caea5e9f0642498ad3dac2ea8b898) Importer(815301076,1909f56bfc062723c751e8b465ee728b)
Start importing Assets/POLYGON city pack/Meshes,textures/Buildings_FBX/Building_J.fbx using Guid(619caea5e9f0642498ad3dac2ea8b898) Importer(815301076,1909f56bfc062723c751e8b465ee728b) [PhysX] Initialized MultithreadedTaskDispatcher with 12 workers.
[PhysX] Initialized MultithreadedTaskDispatcher with 12 workers.
[PhysX] Initialized MultithreadedTaskDispatcher with 12 workers.
 -> (artifact id: 'dd807d408ad7d912fa4826ffce1ee90c') in 0.017763 seconds
Number of updated asset objects reloaded before import = 0
Number of asset objects unloaded after import = 18
========================================================================
Received Import Request.
  Time since last request: 0.000016 seconds.
  path: Assets/POLYGON city pack/Meshes,textures/Buildings_FBX/Building_A.fbx
  artifactKey: Guid(bbee6f5e04c54854dba4ea612e4d83c5) Importer(815301076,1909f56bfc062723c751e8b465ee728b)
Start importing Assets/POLYGON city pack/Meshes,textures/Buildings_FBX/Building_A.fbx using Guid(bbee6f5e04c54854dba4ea612e4d83c5) Importer(815301076,1909f56bfc062723c751e8b465ee728b) [PhysX] Initialized MultithreadedTaskDispatcher with 12 workers.
[PhysX] Initialized MultithreadedTaskDispatcher with 12 workers.
[PhysX] Initialized MultithreadedTaskDispatcher with 12 workers.
 -> (artifact id: '9383e90fc19e1d2d3bf81793bab71645') in 0.019389 seconds
Number of updated asset objects reloaded before import = 0
Number of asset objects unloaded after import = 21
========================================================================
Received Import Request.
  Time since last request: 0.000015 seconds.
  path: Assets/POLYGON city pack/Meshes,textures/Buildings_FBX/Building_Y.fbx
  artifactKey: Guid(c6b61d30c859df643ba75813f0894e38) Importer(815301076,1909f56bfc062723c751e8b465ee728b)
Start importing Assets/POLYGON city pack/Meshes,textures/Buildings_FBX/Building_Y.fbx using Guid(c6b61d30c859df643ba75813f0894e38) Importer(815301076,1909f56bfc062723c751e8b465ee728b) [PhysX] Initialized MultithreadedTaskDispatcher with 12 workers.
[PhysX] Initialized MultithreadedTaskDispatcher with 12 workers.
[PhysX] Initialized MultithreadedTaskDispatcher with 12 workers.
 -> (artifact id: 'faa2eb2397ecbb6d4002bdcd57aa96ca') in 0.018028 seconds
Number of updated asset objects reloaded before import = 0
Number of asset objects unloaded after import = 17
========================================================================
Received Import Request.
  Time since last request: 0.000017 seconds.
  path: Assets/POLYGON city pack/Meshes,textures/Buildings_FBX/Building_A1.fbx
  artifactKey: Guid(e48ed78ee18a85b4ab1b16c0f67824b5) Importer(815301076,1909f56bfc062723c751e8b465ee728b)
Start importing Assets/POLYGON city pack/Meshes,textures/Buildings_FBX/Building_A1.fbx using Guid(e48ed78ee18a85b4ab1b16c0f67824b5) Importer(815301076,1909f56bfc062723c751e8b465ee728b) [PhysX] Initialized MultithreadedTaskDispatcher with 12 workers.
[PhysX] Initialized MultithreadedTaskDispatcher with 12 workers.
[PhysX] Initialized MultithreadedTaskDispatcher with 12 workers.
 -> (artifact id: '28e801f740cca4f3b128fb4a5e55c387') in 0.020598 seconds
Number of updated asset objects reloaded before import = 0
Number of asset objects unloaded after import = 16
========================================================================
Received Import Request.
  Time since last request: 0.000015 seconds.
  path: Assets/POLYGON city pack/Meshes,textures/Buildings_FBX/Fire_department_texture.png
  artifactKey: Guid(f7347a3d7c578444e84b1d5490470ca7) Importer(815301076,1909f56bfc062723c751e8b465ee728b)
Start importing Assets/POLYGON city pack/Meshes,textures/Buildings_FBX/Fire_department_texture.png using Guid(f7347a3d7c578444e84b1d5490470ca7) Importer(815301076,1909f56bfc062723c751e8b465ee728b) [PhysX] Initialized MultithreadedTaskDispatcher with 12 workers.
[PhysX] Initialized MultithreadedTaskDispatcher with 12 workers.
 -> (artifact id: '3dc8db33ef38c0a5ed7214bd700c1d5b') in 0.009496 seconds
Number of updated asset objects reloaded before import = 0
Number of asset objects unloaded after import = 2
========================================================================
Received Import Request.
  Time since last request: 0.000013 seconds.
  path: Assets/POLYGON city pack/Meshes,textures/Buildings_FBX/Building_M.fbx
  artifactKey: Guid(33a58fa9897d81c4fa6655fc4a19a500) Importer(815301076,1909f56bfc062723c751e8b465ee728b)
Start importing Assets/POLYGON city pack/Meshes,textures/Buildings_FBX/Building_M.fbx using Guid(33a58fa9897d81c4fa6655fc4a19a500) Importer(815301076,1909f56bfc062723c751e8b465ee728b) [PhysX] Initialized MultithreadedTaskDispatcher with 12 workers.
[PhysX] Initialized MultithreadedTaskDispatcher with 12 workers.
[PhysX] Initialized MultithreadedTaskDispatcher with 12 workers.
 -> (artifact id: '23411fe33a4d060027bc12183297a7e2') in 0.016028 seconds
Number of updated asset objects reloaded before import = 0
Number of asset objects unloaded after import = 16
========================================================================
Received Import Request.
  Time since last request: 0.000013 seconds.
  path: Assets/POLYGON city pack/Meshes,textures/Buildings_FBX/Building_K.fbx
  artifactKey: Guid(61009ff9965767047ac1770abfb3355f) Importer(815301076,1909f56bfc062723c751e8b465ee728b)
Start importing Assets/POLYGON city pack/Meshes,textures/Buildings_FBX/Building_K.fbx using Guid(61009ff9965767047ac1770abfb3355f) Importer(815301076,1909f56bfc062723c751e8b465ee728b) [PhysX] Initialized MultithreadedTaskDispatcher with 12 workers.
[PhysX] Initialized MultithreadedTaskDispatcher with 12 workers.
[PhysX] Initialized MultithreadedTaskDispatcher with 12 workers.
 -> (artifact id: '80f6e36d644213d5657ea559ed63c140') in 0.016919 seconds
Number of updated asset objects reloaded before import = 0
Number of asset objects unloaded after import = 21
========================================================================
Received Import Request.
  Time since last request: 7.364959 seconds.
  path: Assets/POLYGON city pack/Prefabs/Floor
  artifactKey: Guid(b07468226e8b0b94083cbeafff0ebf31) Importer(815301076,1909f56bfc062723c751e8b465ee728b)
Start importing Assets/POLYGON city pack/Prefabs/Floor using Guid(b07468226e8b0b94083cbeafff0ebf31) Importer(815301076,1909f56bfc062723c751e8b465ee728b) [PhysX] Initialized MultithreadedTaskDispatcher with 12 workers.
 -> (artifact id: '9add55f9e72116c96287611826b44233') in 0.000464 seconds
Number of updated asset objects reloaded before import = 0
Number of asset objects unloaded after import = 0
========================================================================
Received Import Request.
  Time since last request: 0.594031 seconds.
  path: Assets/POLYGON city pack/Prefabs/Floor/Grass_stone_1_prefab.prefab
  artifactKey: Guid(9fcf49ff9014a7a4b89dcd79c5ac3e71) Importer(815301076,1909f56bfc062723c751e8b465ee728b)
Start importing Assets/POLYGON city pack/Prefabs/Floor/Grass_stone_1_prefab.prefab using Guid(9fcf49ff9014a7a4b89dcd79c5ac3e71) Importer(815301076,1909f56bfc062723c751e8b465ee728b) [PhysX] Initialized MultithreadedTaskDispatcher with 12 workers.
[PhysX] Initialized MultithreadedTaskDispatcher with 12 workers.
 -> (artifact id: '90bda2d4636a99c3a6b3c9edf97bf629') in 0.012801 seconds
Number of updated asset objects reloaded before import = 0
Number of asset objects unloaded after import = 15
========================================================================
Received Import Request.
  Time since last request: 0.000019 seconds.
  path: Assets/POLYGON city pack/Prefabs/Floor/Sideway 12 prefab.prefab
  artifactKey: Guid(9390e70d13c7e454f8022d50d0112dc7) Importer(815301076,1909f56bfc062723c751e8b465ee728b)
Start importing Assets/POLYGON city pack/Prefabs/Floor/Sideway 12 prefab.prefab using Guid(9390e70d13c7e454f8022d50d0112dc7) Importer(815301076,1909f56bfc062723c751e8b465ee728b) [PhysX] Initialized MultithreadedTaskDispatcher with 12 workers.
[PhysX] Initialized MultithreadedTaskDispatcher with 12 workers.
 -> (artifact id: '970a1aa56f85732f4cb17d19f4c1cd3d') in 0.010083 seconds
Number of updated asset objects reloaded before import = 0
Number of asset objects unloaded after import = 13
========================================================================
Received Import Request.
  Time since last request: 0.000019 seconds.
  path: Assets/POLYGON city pack/Prefabs/Floor/Walkway 2 Prefab.prefab
  artifactKey: Guid(6f78f527e43206b408b73d96ccdbea2a) Importer(815301076,1909f56bfc062723c751e8b465ee728b)
Start importing Assets/POLYGON city pack/Prefabs/Floor/Walkway 2 Prefab.prefab using Guid(6f78f527e43206b408b73d96ccdbea2a) Importer(815301076,1909f56bfc062723c751e8b465ee728b) [PhysX] Initialized MultithreadedTaskDispatcher with 12 workers.
[PhysX] Initialized MultithreadedTaskDispatcher with 12 workers.
 -> (artifact id: '4861d83dda99beeeb071c494be1b4839') in 0.011428 seconds
Number of updated asset objects reloaded before import = 0
Number of asset objects unloaded after import = 14
========================================================================
Received Import Request.
  Time since last request: 0.000015 seconds.
  path: Assets/POLYGON city pack/Prefabs/Floor/Street 10 Prefab.prefab
  artifactKey: Guid(d3659a253442a2d48b9e5a13a46d70e5) Importer(815301076,1909f56bfc062723c751e8b465ee728b)
Start importing Assets/POLYGON city pack/Prefabs/Floor/Street 10 Prefab.prefab using Guid(d3659a253442a2d48b9e5a13a46d70e5) Importer(815301076,1909f56bfc062723c751e8b465ee728b) [PhysX] Initialized MultithreadedTaskDispatcher with 12 workers.
[PhysX] Initialized MultithreadedTaskDispatcher with 12 workers.
 -> (artifact id: '4045941472ddc1bfbcb15b4b2697ba85') in 0.010603 seconds
Number of updated asset objects reloaded before import = 0
Number of asset objects unloaded after import = 12
========================================================================
Received Import Request.
  Time since last request: 0.000023 seconds.
  path: Assets/POLYGON city pack/Prefabs/Floor/stoneway 1.prefab
  artifactKey: Guid(f8d7a78846ea16e40a90f85d3e26d338) Importer(815301076,1909f56bfc062723c751e8b465ee728b)
Start importing Assets/POLYGON city pack/Prefabs/Floor/stoneway 1.prefab using Guid(f8d7a78846ea16e40a90f85d3e26d338) Importer(815301076,1909f56bfc062723c751e8b465ee728b) [PhysX] Initialized MultithreadedTaskDispatcher with 12 workers.
[PhysX] Initialized MultithreadedTaskDispatcher with 12 workers.
 -> (artifact id: 'c83da7bb5cc0939be11fbb52b5e033a0') in 0.010831 seconds
Number of updated asset objects reloaded before import = 0
Number of asset objects unloaded after import = 13
========================================================================
Received Import Request.
  Time since last request: 0.000015 seconds.
  path: Assets/POLYGON city pack/Prefabs/Floor/Street 1 Prefab.prefab
  artifactKey: Guid(625d4ab1ce4723c449f165b8e7f27de1) Importer(815301076,1909f56bfc062723c751e8b465ee728b)
Start importing Assets/POLYGON city pack/Prefabs/Floor/Street 1 Prefab.prefab using Guid(625d4ab1ce4723c449f165b8e7f27de1) Importer(815301076,1909f56bfc062723c751e8b465ee728b) [PhysX] Initialized MultithreadedTaskDispatcher with 12 workers.
[PhysX] Initialized MultithreadedTaskDispatcher with 12 workers.
 -> (artifact id: '9b59967cf7af41377d94b4f49378d604') in 0.011135 seconds
Number of updated asset objects reloaded before import = 0
Number of asset objects unloaded after import = 12
========================================================================
Received Import Request.
  Time since last request: 0.000015 seconds.
  path: Assets/POLYGON city pack/Prefabs/Floor/Street 14 Prefab.prefab
  artifactKey: Guid(dfad69e67150a0647b6f696171d22428) Importer(815301076,1909f56bfc062723c751e8b465ee728b)
Start importing Assets/POLYGON city pack/Prefabs/Floor/Street 14 Prefab.prefab using Guid(dfad69e67150a0647b6f696171d22428) Importer(815301076,1909f56bfc062723c751e8b465ee728b) [PhysX] Initialized MultithreadedTaskDispatcher with 12 workers.
[PhysX] Initialized MultithreadedTaskDispatcher with 12 workers.
 -> (artifact id: 'c0f3ed174621376db519d1946d3b60f1') in 0.010888 seconds
Number of updated asset objects reloaded before import = 0
Number of asset objects unloaded after import = 12
========================================================================
Received Import Request.
  Time since last request: 0.000021 seconds.
  path: Assets/POLYGON city pack/Prefabs/Floor/Street 19 Prefab.prefab
  artifactKey: Guid(8e03c81bd030d824c99304a858b8a18c) Importer(815301076,1909f56bfc062723c751e8b465ee728b)
Start importing Assets/POLYGON city pack/Prefabs/Floor/Street 19 Prefab.prefab using Guid(8e03c81bd030d824c99304a858b8a18c) Importer(815301076,1909f56bfc062723c751e8b465ee728b) [PhysX] Initialized MultithreadedTaskDispatcher with 12 workers.
[PhysX] Initialized MultithreadedTaskDispatcher with 12 workers.
 -> (artifact id: '71faad4a28d411cc23b48273ad8c93f6') in 0.010853 seconds
Number of updated asset objects reloaded before import = 0
Number of asset objects unloaded after import = 12
========================================================================
Received Import Request.
  Time since last request: 0.000014 seconds.
  path: Assets/POLYGON city pack/Prefabs/Floor/WalkWay 5 prefab.prefab
  artifactKey: Guid(7446a392a730ac14d9cc70d21cf7ace0) Importer(815301076,1909f56bfc062723c751e8b465ee728b)
Start importing Assets/POLYGON city pack/Prefabs/Floor/WalkWay 5 prefab.prefab using Guid(7446a392a730ac14d9cc70d21cf7ace0) Importer(815301076,1909f56bfc062723c751e8b465ee728b) [PhysX] Initialized MultithreadedTaskDispatcher with 12 workers.
[PhysX] Initialized MultithreadedTaskDispatcher with 12 workers.
 -> (artifact id: 'f5a29ede5b08fe683c4da4fe54ef4784') in 0.011157 seconds
Number of updated asset objects reloaded before import = 0
Number of asset objects unloaded after import = 12
========================================================================
Received Import Request.
  Time since last request: 0.000021 seconds.
  path: Assets/POLYGON city pack/Prefabs/Floor/stoneway 4.prefab
  artifactKey: Guid(7b6b731fe1cb4794496aa07fda2bf67c) Importer(815301076,1909f56bfc062723c751e8b465ee728b)
Start importing Assets/POLYGON city pack/Prefabs/Floor/stoneway 4.prefab using Guid(7b6b731fe1cb4794496aa07fda2bf67c) Importer(815301076,1909f56bfc062723c751e8b465ee728b) [PhysX] Initialized MultithreadedTaskDispatcher with 12 workers.
[PhysX] Initialized MultithreadedTaskDispatcher with 12 workers.
 -> (artifact id: '48c5f1689949b2331887ebbd92bceac3') in 0.011421 seconds
Number of updated asset objects reloaded before import = 0
Number of asset objects unloaded after import = 13
========================================================================
Received Import Request.
  Time since last request: 0.000026 seconds.
  path: Assets/POLYGON city pack/Prefabs/Floor/Walkway 1 Prefab.prefab
  artifactKey: Guid(28d5ea07bacfa6346a6ccb36b5789cae) Importer(815301076,1909f56bfc062723c751e8b465ee728b)
Start importing Assets/POLYGON city pack/Prefabs/Floor/Walkway 1 Prefab.prefab using Guid(28d5ea07bacfa6346a6ccb36b5789cae) Importer(815301076,1909f56bfc062723c751e8b465ee728b) [PhysX] Initialized MultithreadedTaskDispatcher with 12 workers.
[PhysX] Initialized MultithreadedTaskDispatcher with 12 workers.
 -> (artifact id: 'e59b36db6a4e42eae107948bdf7557cd') in 0.012895 seconds
Number of updated asset objects reloaded before import = 0
Number of asset objects unloaded after import = 14
========================================================================
Received Import Request.
  Time since last request: 0.000015 seconds.
  path: Assets/POLYGON city pack/Prefabs/Floor/Sideway 8 prefab.prefab
  artifactKey: Guid(5617f09499355b14bb58fe8aeb052d7e) Importer(815301076,1909f56bfc062723c751e8b465ee728b)
Start importing Assets/POLYGON city pack/Prefabs/Floor/Sideway 8 prefab.prefab using Guid(5617f09499355b14bb58fe8aeb052d7e) Importer(815301076,1909f56bfc062723c751e8b465ee728b) [PhysX] Initialized MultithreadedTaskDispatcher with 12 workers.
[PhysX] Initialized MultithreadedTaskDispatcher with 12 workers.
 -> (artifact id: '96c526650cbf6879c51deb2b70f3f1b6') in 0.010962 seconds
Number of updated asset objects reloaded before import = 0
Number of asset objects unloaded after import = 15
========================================================================
Received Import Request.
  Time since last request: 0.000017 seconds.
  path: Assets/POLYGON city pack/Prefabs/Floor/WalkWay 6 prefab.prefab
  artifactKey: Guid(ac61809f89d132d4b85c3d14a3725846) Importer(815301076,1909f56bfc062723c751e8b465ee728b)
Start importing Assets/POLYGON city pack/Prefabs/Floor/WalkWay 6 prefab.prefab using Guid(ac61809f89d132d4b85c3d14a3725846) Importer(815301076,1909f56bfc062723c751e8b465ee728b) [PhysX] Initialized MultithreadedTaskDispatcher with 12 workers.
[PhysX] Initialized MultithreadedTaskDispatcher with 12 workers.
 -> (artifact id: 'c346297c059d5093cc835b2a21cf5289') in 0.011098 seconds
Number of updated asset objects reloaded before import = 0
Number of asset objects unloaded after import = 14
========================================================================
Received Import Request.
  Time since last request: 0.000013 seconds.
  path: Assets/POLYGON city pack/Prefabs/Floor/Street 20 Prefab.prefab
  artifactKey: Guid(7de21ec9cb2ee3c4e8b383869c2b441a) Importer(815301076,1909f56bfc062723c751e8b465ee728b)
Start importing Assets/POLYGON city pack/Prefabs/Floor/Street 20 Prefab.prefab using Guid(7de21ec9cb2ee3c4e8b383869c2b441a) Importer(815301076,1909f56bfc062723c751e8b465ee728b) [PhysX] Initialized MultithreadedTaskDispatcher with 12 workers.
[PhysX] Initialized MultithreadedTaskDispatcher with 12 workers.
 -> (artifact id: '40eb51b1d04fa7bd279ec90c22763875') in 0.010568 seconds
Number of updated asset objects reloaded before import = 0
Number of asset objects unloaded after import = 12
========================================================================
Received Import Request.
  Time since last request: 0.000015 seconds.
  path: Assets/POLYGON city pack/Prefabs/Floor/Sideway 5 prefab.prefab
  artifactKey: Guid(a9da80f587bbf9046aefc4a4cfb8a7fc) Importer(815301076,1909f56bfc062723c751e8b465ee728b)
Start importing Assets/POLYGON city pack/Prefabs/Floor/Sideway 5 prefab.prefab using Guid(a9da80f587bbf9046aefc4a4cfb8a7fc) Importer(815301076,1909f56bfc062723c751e8b465ee728b) [PhysX] Initialized MultithreadedTaskDispatcher with 12 workers.
[PhysX] Initialized MultithreadedTaskDispatcher with 12 workers.
 -> (artifact id: '48bc51d781d716102b454eb51a3eeb4c') in 0.010917 seconds
Number of updated asset objects reloaded before import = 0
Number of asset objects unloaded after import = 13
========================================================================
Received Import Request.
  Time since last request: 0.000014 seconds.
  path: Assets/POLYGON city pack/Prefabs/Floor/Street 17 Prefab.prefab
  artifactKey: Guid(ea27830310984ee42a182381495d5561) Importer(815301076,1909f56bfc062723c751e8b465ee728b)
Start importing Assets/POLYGON city pack/Prefabs/Floor/Street 17 Prefab.prefab using Guid(ea27830310984ee42a182381495d5561) Importer(815301076,1909f56bfc062723c751e8b465ee728b) [PhysX] Initialized MultithreadedTaskDispatcher with 12 workers.
[PhysX] Initialized MultithreadedTaskDispatcher with 12 workers.
 -> (artifact id: '20fd9653e86214c6636235fe302f8b92') in 0.011478 seconds
Number of updated asset objects reloaded before import = 0
Number of asset objects unloaded after import = 12
========================================================================
Received Import Request.
  Time since last request: 12.833978 seconds.
  path: Assets/POLYGON city pack/Prefabs/traffic signs
  artifactKey: Guid(b60a37c27211692418e3e67fee8dad67) Importer(815301076,1909f56bfc062723c751e8b465ee728b)
Start importing Assets/POLYGON city pack/Prefabs/traffic signs using Guid(b60a37c27211692418e3e67fee8dad67) Importer(815301076,1909f56bfc062723c751e8b465ee728b) [PhysX] Initialized MultithreadedTaskDispatcher with 12 workers.
 -> (artifact id: '97a422c857de1f814505aadb0cbef201') in 0.000477 seconds
Number of updated asset objects reloaded before import = 0
Number of asset objects unloaded after import = 0
========================================================================
Received Import Request.
  Time since last request: 428.100796 seconds.
  path: Assets/Prefabs
  artifactKey: Guid(0eca0c3a96307b34e8642e5d0e6cbd7d) Importer(815301076,1909f56bfc062723c751e8b465ee728b)
Start importing Assets/Prefabs using Guid(0eca0c3a96307b34e8642e5d0e6cbd7d) Importer(815301076,1909f56bfc062723c751e8b465ee728b) [PhysX] Initialized MultithreadedTaskDispatcher with 12 workers.
 -> (artifact id: 'a31caa673be8442ccddacef5518e36c2') in 0.000511 seconds
Number of updated asset objects reloaded before import = 0
Number of asset objects unloaded after import = 0
========================================================================
Received Import Request.
  Time since last request: 6.918048 seconds.
  path: Assets/Prefabs/Cube.prefab
  artifactKey: Guid(d91b81761c41ed846992a11419036701) Importer(815301076,1909f56bfc062723c751e8b465ee728b)
Start importing Assets/Prefabs/Cube.prefab using Guid(d91b81761c41ed846992a11419036701) Importer(815301076,1909f56bfc062723c751e8b465ee728b) [PhysX] Initialized MultithreadedTaskDispatcher with 12 workers.
[PhysX] Initialized MultithreadedTaskDispatcher with 12 workers.
 -> (artifact id: '21b75bd1297683bae7d2d60a7f1c3ca4') in 0.015668 seconds
Number of updated asset objects reloaded before import = 0
Number of asset objects unloaded after import = 7
========================================================================
Received Import Request.
  Time since last request: 139.317034 seconds.
  path: Assets/Prefabs/Cube.prefab
  artifactKey: Guid(d91b81761c41ed846992a11419036701) Importer(815301076,1909f56bfc062723c751e8b465ee728b)
Start importing Assets/Prefabs/Cube.prefab using Guid(d91b81761c41ed846992a11419036701) Importer(815301076,1909f56bfc062723c751e8b465ee728b) [PhysX] Initialized MultithreadedTaskDispatcher with 12 workers.
[PhysX] Initialized MultithreadedTaskDispatcher with 12 workers.
 -> (artifact id: '580e5fe11e0035f021546149a9fa8e46') in 0.012575 seconds
Number of updated asset objects reloaded before import = 0
Number of asset objects unloaded after import = 27
========================================================================
Received Import Request.
  Time since last request: 21.123533 seconds.
  path: Assets/Prefabs/New Cubemap.cubemap
  artifactKey: Guid(6c3d9e6aedd86fa4d882b2d23d4cd130) Importer(815301076,1909f56bfc062723c751e8b465ee728b)
Start importing Assets/Prefabs/New Cubemap.cubemap using Guid(6c3d9e6aedd86fa4d882b2d23d4cd130) Importer(815301076,1909f56bfc062723c751e8b465ee728b) [PhysX] Initialized MultithreadedTaskDispatcher with 12 workers.
[PhysX] Initialized MultithreadedTaskDispatcher with 12 workers.
[PhysX] Initialized MultithreadedTaskDispatcher with 12 workers.
 -> (artifact id: '508a1c1936a4b46c6ba186b6e8c1490e') in 0.028649 seconds
Number of updated asset objects reloaded before import = 0
Number of asset objects unloaded after import = 1
========================================================================
Received Import Request.
  Time since last request: 1450.570295 seconds.
  path: Assets/Prefabs/SpawnBuilding.prefab
  artifactKey: Guid(f057e15c7ffcbca49b0e4fd843a6b1f0) Importer(815301076,1909f56bfc062723c751e8b465ee728b)
Start importing Assets/Prefabs/SpawnBuilding.prefab using Guid(f057e15c7ffcbca49b0e4fd843a6b1f0) Importer(815301076,1909f56bfc062723c751e8b465ee728b) [PhysX] Initialized MultithreadedTaskDispatcher with 12 workers.
[PhysX] Initialized MultithreadedTaskDispatcher with 12 workers.
 -> (artifact id: 'f814be297aa0b1a0c75e1f523b1e9ffa') in 0.015352 seconds
Number of updated asset objects reloaded before import = 0
Number of asset objects unloaded after import = 144
========================================================================
Received Import Request.
  Time since last request: 26.114228 seconds.
  path: Assets/POLYGON city pack/Prefabs/Letters
  artifactKey: Guid(b774ec948cc018445a76a0cef6fb39ec) Importer(815301076,1909f56bfc062723c751e8b465ee728b)
Start importing Assets/POLYGON city pack/Prefabs/Letters using Guid(b774ec948cc018445a76a0cef6fb39ec) Importer(815301076,1909f56bfc062723c751e8b465ee728b) [PhysX] Initialized MultithreadedTaskDispatcher with 12 workers.
 -> (artifact id: 'e808213fcf3ad3e29e22eaaee3e896cb') in 0.000636 seconds
Number of updated asset objects reloaded before import = 0
Number of asset objects unloaded after import = 0
========================================================================
Received Import Request.
  Time since last request: 246.084345 seconds.
  path: Assets/POLYGON city pack/Materials/Day.mat
  artifactKey: Guid(dfd5fe4561034804291bb92fffe808d9) Importer(815301076,1909f56bfc062723c751e8b465ee728b)
Start importing Assets/POLYGON city pack/Materials/Day.mat using Guid(dfd5fe4561034804291bb92fffe808d9) Importer(815301076,1909f56bfc062723c751e8b465ee728b) [PhysX] Initialized MultithreadedTaskDispatcher with 12 workers.
[PhysX] Initialized MultithreadedTaskDispatcher with 12 workers.
 -> (artifact id: '794a6da451170cdb53144dec2b2b42fd') in 0.034625 seconds
Number of updated asset objects reloaded before import = 0
Number of asset objects unloaded after import = 1
========================================================================
Received Import Request.
  Time since last request: 0.162952 seconds.
  path: Assets/POLYGON city pack/Materials/color_windows
  artifactKey: Guid(78b377d81b1300248b8a44bf8b46ca01) Importer(815301076,1909f56bfc062723c751e8b465ee728b)
Start importing Assets/POLYGON city pack/Materials/color_windows using Guid(78b377d81b1300248b8a44bf8b46ca01) Importer(815301076,1909f56bfc062723c751e8b465ee728b) [PhysX] Initialized MultithreadedTaskDispatcher with 12 workers.
 -> (artifact id: '28e09a2976bfef059aa8ddef5ae65f19') in 0.000513 seconds
Number of updated asset objects reloaded before import = 0
Number of asset objects unloaded after import = 0
========================================================================
Received Import Request.
  Time since last request: 0.546368 seconds.
  path: Assets/POLYGON city pack/Materials/Colors_buildings
  artifactKey: Guid(bf61a2997700b9e449a9c2898e7dbb81) Importer(815301076,1909f56bfc062723c751e8b465ee728b)
Start importing Assets/POLYGON city pack/Materials/Colors_buildings using Guid(bf61a2997700b9e449a9c2898e7dbb81) Importer(815301076,1909f56bfc062723c751e8b465ee728b) [PhysX] Initialized MultithreadedTaskDispatcher with 12 workers.
 -> (artifact id: 'f1a35393c37494d4884071a4298f4ade') in 0.000525 seconds
Number of updated asset objects reloaded before import = 0
Number of asset objects unloaded after import = 0
========================================================================
Received Import Request.
  Time since last request: 0.557178 seconds.
  path: Assets/POLYGON city pack/Materials/Material_meshs
  artifactKey: Guid(07a387dfbb68cd046a1cb623854ba7b2) Importer(815301076,1909f56bfc062723c751e8b465ee728b)
Start importing Assets/POLYGON city pack/Materials/Material_meshs using Guid(07a387dfbb68cd046a1cb623854ba7b2) Importer(815301076,1909f56bfc062723c751e8b465ee728b) [PhysX] Initialized MultithreadedTaskDispatcher with 12 workers.
 -> (artifact id: '2c1dd2e019ba52ca68002288f7b308ba') in 0.000567 seconds
Number of updated asset objects reloaded before import = 0
Number of asset objects unloaded after import = 0
========================================================================
Received Import Request.
  Time since last request: 0.610001 seconds.
  path: Assets/POLYGON city pack/Materials/traffic light
  artifactKey: Guid(41f9aa48694499448963af270f170e28) Importer(815301076,1909f56bfc062723c751e8b465ee728b)
Start importing Assets/POLYGON city pack/Materials/traffic light using Guid(41f9aa48694499448963af270f170e28) Importer(815301076,1909f56bfc062723c751e8b465ee728b) [PhysX] Initialized MultithreadedTaskDispatcher with 12 workers.
 -> (artifact id: '5645c08917f3d8b6f012bebdb67b70ed') in 0.000505 seconds
Number of updated asset objects reloaded before import = 0
Number of asset objects unloaded after import = 0
========================================================================
Received Import Request.
  Time since last request: 0.502421 seconds.
  path: Assets/POLYGON city pack/Materials/Material_meshs/air conditioner roof.mat
  artifactKey: Guid(6478e9d7e5b40ea41a729a2d7d3dc8bf) Importer(815301076,1909f56bfc062723c751e8b465ee728b)
Start importing Assets/POLYGON city pack/Materials/Material_meshs/air conditioner roof.mat using Guid(6478e9d7e5b40ea41a729a2d7d3dc8bf) Importer(815301076,1909f56bfc062723c751e8b465ee728b) [PhysX] Initialized MultithreadedTaskDispatcher with 12 workers.
[PhysX] Initialized MultithreadedTaskDispatcher with 12 workers.
 -> (artifact id: '575003af3a22420866332a056b7fa96f') in 0.013755 seconds
Number of updated asset objects reloaded before import = 0
Number of asset objects unloaded after import = 2
========================================================================
Received Import Request.
  Time since last request: 0.000018 seconds.
  path: Assets/POLYGON city pack/Materials/Material_meshs/Bus stop.mat
  artifactKey: Guid(3f6967137a30c6445826d59009a080d0) Importer(815301076,1909f56bfc062723c751e8b465ee728b)
Start importing Assets/POLYGON city pack/Materials/Material_meshs/Bus stop.mat using Guid(3f6967137a30c6445826d59009a080d0) Importer(815301076,1909f56bfc062723c751e8b465ee728b) [PhysX] Initialized MultithreadedTaskDispatcher with 12 workers.
[PhysX] Initialized MultithreadedTaskDispatcher with 12 workers.
 -> (artifact id: '9bdfb525db5de01ae90411a82990e2cc') in 0.014286 seconds
Number of updated asset objects reloaded before import = 0
Number of asset objects unloaded after import = 2
========================================================================
Received Import Request.
  Time since last request: 0.000015 seconds.
  path: Assets/POLYGON city pack/Materials/Material_meshs/Can_cola 2.mat
  artifactKey: Guid(d5a2bbfdd4ed7474c8d4ba5e2568029b) Importer(815301076,1909f56bfc062723c751e8b465ee728b)
Start importing Assets/POLYGON city pack/Materials/Material_meshs/Can_cola 2.mat using Guid(d5a2bbfdd4ed7474c8d4ba5e2568029b) Importer(815301076,1909f56bfc062723c751e8b465ee728b) [PhysX] Initialized MultithreadedTaskDispatcher with 12 workers.
[PhysX] Initialized MultithreadedTaskDispatcher with 12 workers.
 -> (artifact id: 'faccc8b64fb61338d5342728c1fd2214') in 0.011114 seconds
Number of updated asset objects reloaded before import = 0
Number of asset objects unloaded after import = 2
========================================================================
Received Import Request.
  Time since last request: 0.000018 seconds.
  path: Assets/POLYGON city pack/Materials/Material_meshs/flower 3.mat
  artifactKey: Guid(793439ce806aaf44aa48d7e88579e4c4) Importer(815301076,1909f56bfc062723c751e8b465ee728b)
Start importing Assets/POLYGON city pack/Materials/Material_meshs/flower 3.mat using Guid(793439ce806aaf44aa48d7e88579e4c4) Importer(815301076,1909f56bfc062723c751e8b465ee728b) [PhysX] Initialized MultithreadedTaskDispatcher with 12 workers.
[PhysX] Initialized MultithreadedTaskDispatcher with 12 workers.
 -> (artifact id: '9cbb0a5e93a2f1b15b5a3fb26b10653b') in 0.029542 seconds
Number of updated asset objects reloaded before import = 0
Number of asset objects unloaded after import = 2
========================================================================
Received Import Request.
  Time since last request: 0.000015 seconds.
  path: Assets/POLYGON city pack/Materials/Material_meshs/shop a.mat
  artifactKey: Guid(c06185e5d01b2bb4f86fb038b61445f5) Importer(815301076,1909f56bfc062723c751e8b465ee728b)
Start importing Assets/POLYGON city pack/Materials/Material_meshs/shop a.mat using Guid(c06185e5d01b2bb4f86fb038b61445f5) Importer(815301076,1909f56bfc062723c751e8b465ee728b) [PhysX] Initialized MultithreadedTaskDispatcher with 12 workers.
[PhysX] Initialized MultithreadedTaskDispatcher with 12 workers.
 -> (artifact id: '7e87cded0b6ee3dac6d914a1000714c0') in 0.011810 seconds
Number of updated asset objects reloaded before import = 0
Number of asset objects unloaded after import = 2
========================================================================
Received Import Request.
  Time since last request: 0.000016 seconds.
  path: Assets/POLYGON city pack/Materials/Material_meshs/grass.mat
  artifactKey: Guid(9904cd0f6245e884999431c0bdf22fef) Importer(815301076,1909f56bfc062723c751e8b465ee728b)
Start importing Assets/POLYGON city pack/Materials/Material_meshs/grass.mat using Guid(9904cd0f6245e884999431c0bdf22fef) Importer(815301076,1909f56bfc062723c751e8b465ee728b) [PhysX] Initialized MultithreadedTaskDispatcher with 12 workers.
[PhysX] Initialized MultithreadedTaskDispatcher with 12 workers.
 -> (artifact id: 'eb669de690b088dc92545735b0f42c46') in 0.010935 seconds
Number of updated asset objects reloaded before import = 0
Number of asset objects unloaded after import = 2
========================================================================
Received Import Request.
  Time since last request: 0.000017 seconds.
  path: Assets/POLYGON city pack/Materials/Material_meshs/phone botth.mat
  artifactKey: Guid(910d545f9ccbd0445bfb10c95945ac9e) Importer(815301076,1909f56bfc062723c751e8b465ee728b)
Start importing Assets/POLYGON city pack/Materials/Material_meshs/phone botth.mat using Guid(910d545f9ccbd0445bfb10c95945ac9e) Importer(815301076,1909f56bfc062723c751e8b465ee728b) [PhysX] Initialized MultithreadedTaskDispatcher with 12 workers.
[PhysX] Initialized MultithreadedTaskDispatcher with 12 workers.
 -> (artifact id: '4b370388edf7abe8b084e274a56b927d') in 0.011445 seconds
Number of updated asset objects reloaded before import = 0
Number of asset objects unloaded after import = 2
========================================================================
Received Import Request.
  Time since last request: 0.000015 seconds.
  path: Assets/POLYGON city pack/Materials/Material_meshs/can cola 1.mat
  artifactKey: Guid(bd66ca35e99389249936c646dd06c138) Importer(815301076,1909f56bfc062723c751e8b465ee728b)
Start importing Assets/POLYGON city pack/Materials/Material_meshs/can cola 1.mat using Guid(bd66ca35e99389249936c646dd06c138) Importer(815301076,1909f56bfc062723c751e8b465ee728b) [PhysX] Initialized MultithreadedTaskDispatcher with 12 workers.
[PhysX] Initialized MultithreadedTaskDispatcher with 12 workers.
 -> (artifact id: '898d95ff236c94c5a3eea6cc4e35f1f5') in 0.010985 seconds
Number of updated asset objects reloaded before import = 0
Number of asset objects unloaded after import = 2
========================================================================
Received Import Request.
  Time since last request: 0.000016 seconds.
  path: Assets/POLYGON city pack/Materials/Material_meshs/Bus stop texture.mat
  artifactKey: Guid(225547f2cacb8b54f8cd053f8da32e1a) Importer(815301076,1909f56bfc062723c751e8b465ee728b)
Start importing Assets/POLYGON city pack/Materials/Material_meshs/Bus stop texture.mat using Guid(225547f2cacb8b54f8cd053f8da32e1a) Importer(815301076,1909f56bfc062723c751e8b465ee728b) [PhysX] Initialized MultithreadedTaskDispatcher with 12 workers.
[PhysX] Initialized MultithreadedTaskDispatcher with 12 workers.
 -> (artifact id: 'f2ca469cc92aa0eb091a98886487ac03') in 0.009743 seconds
Number of updated asset objects reloaded before import = 0
Number of asset objects unloaded after import = 1
========================================================================
Received Import Request.
  Time since last request: 0.000012 seconds.
  path: Assets/POLYGON city pack/Materials/Material_meshs/Car repair.mat
  artifactKey: Guid(f7bec3d21e11e6d498c9dc54bb4f2d9d) Importer(815301076,1909f56bfc062723c751e8b465ee728b)
Start importing Assets/POLYGON city pack/Materials/Material_meshs/Car repair.mat using Guid(f7bec3d21e11e6d498c9dc54bb4f2d9d) Importer(815301076,1909f56bfc062723c751e8b465ee728b) [PhysX] Initialized MultithreadedTaskDispatcher with 12 workers.
[PhysX] Initialized MultithreadedTaskDispatcher with 12 workers.
 -> (artifact id: 'f40e5bb5f4b2e245c849ebadbbfeb176') in 0.011527 seconds
Number of updated asset objects reloaded before import = 0
Number of asset objects unloaded after import = 2
========================================================================
Received Import Request.
  Time since last request: 0.000017 seconds.
  path: Assets/POLYGON city pack/Materials/Material_meshs/Fence_B_2.mat
  artifactKey: Guid(829d8f03a87c1894e9faa0df4c536a08) Importer(815301076,1909f56bfc062723c751e8b465ee728b)
Start importing Assets/POLYGON city pack/Materials/Material_meshs/Fence_B_2.mat using Guid(829d8f03a87c1894e9faa0df4c536a08) Importer(815301076,1909f56bfc062723c751e8b465ee728b) [PhysX] Initialized MultithreadedTaskDispatcher with 12 workers.
[PhysX] Initialized MultithreadedTaskDispatcher with 12 workers.
 -> (artifact id: 'b37816f4b62edb2f8e6dcf6a4f7d4a49') in 0.101444 seconds
Number of updated asset objects reloaded before import = 0
Number of asset objects unloaded after import = 2
========================================================================
Received Import Request.
  Time since last request: 0.000018 seconds.
  path: Assets/POLYGON city pack/Materials/Material_meshs/parking meter.mat
  artifactKey: Guid(a2d7929290d968846afe406302bf3fa6) Importer(815301076,1909f56bfc062723c751e8b465ee728b)
Start importing Assets/POLYGON city pack/Materials/Material_meshs/parking meter.mat using Guid(a2d7929290d968846afe406302bf3fa6) Importer(815301076,1909f56bfc062723c751e8b465ee728b) [PhysX] Initialized MultithreadedTaskDispatcher with 12 workers.
[PhysX] Initialized MultithreadedTaskDispatcher with 12 workers.
 -> (artifact id: '04f5a25615e1ad7c31c3ddb61ccfea74') in 0.014010 seconds
Number of updated asset objects reloaded before import = 0
Number of asset objects unloaded after import = 2
========================================================================
Received Import Request.
  Time since last request: 0.000028 seconds.
  path: Assets/POLYGON city pack/Materials/Material_meshs/Bus stop pole.mat
  artifactKey: Guid(dda55e9719313344faf5a78abe85264f) Importer(815301076,1909f56bfc062723c751e8b465ee728b)
Start importing Assets/POLYGON city pack/Materials/Material_meshs/Bus stop pole.mat using Guid(dda55e9719313344faf5a78abe85264f) Importer(815301076,1909f56bfc062723c751e8b465ee728b) [PhysX] Initialized MultithreadedTaskDispatcher with 12 workers.
[PhysX] Initialized MultithreadedTaskDispatcher with 12 workers.
 -> (artifact id: '607ee210ff7ade63d187faece3ea5fda') in 0.011552 seconds
Number of updated asset objects reloaded before import = 0
Number of asset objects unloaded after import = 2
========================================================================
Received Import Request.
  Time since last request: 0.000014 seconds.
  path: Assets/POLYGON city pack/Materials/Material_meshs/drain 2.mat
  artifactKey: Guid(311404c53bb42f84eaafe2623aa70a16) Importer(815301076,1909f56bfc062723c751e8b465ee728b)
Start importing Assets/POLYGON city pack/Materials/Material_meshs/drain 2.mat using Guid(311404c53bb42f84eaafe2623aa70a16) Importer(815301076,1909f56bfc062723c751e8b465ee728b) [PhysX] Initialized MultithreadedTaskDispatcher with 12 workers.
[PhysX] Initialized MultithreadedTaskDispatcher with 12 workers.
 -> (artifact id: '61f1a26ed8e3d0104680367e6e98236d') in 0.010510 seconds
Number of updated asset objects reloaded before import = 0
Number of asset objects unloaded after import = 2
========================================================================
Received Import Request.
  Time since last request: 0.000014 seconds.
  path: Assets/POLYGON city pack/Materials/Material_meshs/fence c.mat
  artifactKey: Guid(53122f49a4909e643b53a64f5ef6848e) Importer(815301076,1909f56bfc062723c751e8b465ee728b)
Start importing Assets/POLYGON city pack/Materials/Material_meshs/fence c.mat using Guid(53122f49a4909e643b53a64f5ef6848e) Importer(815301076,1909f56bfc062723c751e8b465ee728b) [PhysX] Initialized MultithreadedTaskDispatcher with 12 workers.
[PhysX] Initialized MultithreadedTaskDispatcher with 12 workers.
 -> (artifact id: '6b30331e34ae92979af39c34050efc7a') in 0.012285 seconds
Number of updated asset objects reloaded before import = 0
Number of asset objects unloaded after import = 2
========================================================================
Received Import Request.
  Time since last request: 0.000014 seconds.
  path: Assets/POLYGON city pack/Materials/Material_meshs/Grass 2.mat
  artifactKey: Guid(41d11e3e0e39b2f4cab83de47b0be2fb) Importer(815301076,1909f56bfc062723c751e8b465ee728b)
Start importing Assets/POLYGON city pack/Materials/Material_meshs/Grass 2.mat using Guid(41d11e3e0e39b2f4cab83de47b0be2fb) Importer(815301076,1909f56bfc062723c751e8b465ee728b) [PhysX] Initialized MultithreadedTaskDispatcher with 12 workers.
[PhysX] Initialized MultithreadedTaskDispatcher with 12 workers.
 -> (artifact id: '944ebbf875a6179abe47cf7c9189fee7') in 0.009959 seconds
Number of updated asset objects reloaded before import = 0
Number of asset objects unloaded after import = 2
========================================================================
Received Import Request.
  Time since last request: 0.000017 seconds.
  path: Assets/POLYGON city pack/Materials/Material_meshs/ColaMachine.mat
  artifactKey: Guid(439eb576ca1364e47a9cda1cab72e5dd) Importer(815301076,1909f56bfc062723c751e8b465ee728b)
Start importing Assets/POLYGON city pack/Materials/Material_meshs/ColaMachine.mat using Guid(439eb576ca1364e47a9cda1cab72e5dd) Importer(815301076,1909f56bfc062723c751e8b465ee728b) [PhysX] Initialized MultithreadedTaskDispatcher with 12 workers.
[PhysX] Initialized MultithreadedTaskDispatcher with 12 workers.
 -> (artifact id: '94dadb3c7d40d8ea9e582690cf018f6e') in 0.011379 seconds
Number of updated asset objects reloaded before import = 0
Number of asset objects unloaded after import = 1
========================================================================
Received Import Request.
  Time since last request: 0.000014 seconds.
  path: Assets/POLYGON city pack/Materials/Material_meshs/grass walkWay.mat
  artifactKey: Guid(89fe3a699dd66bb47a36a1874a4430f5) Importer(815301076,1909f56bfc062723c751e8b465ee728b)
Start importing Assets/POLYGON city pack/Materials/Material_meshs/grass walkWay.mat using Guid(89fe3a699dd66bb47a36a1874a4430f5) Importer(815301076,1909f56bfc062723c751e8b465ee728b) [PhysX] Initialized MultithreadedTaskDispatcher with 12 workers.
[PhysX] Initialized MultithreadedTaskDispatcher with 12 workers.
 -> (artifact id: 'd40d914050a39b58edda1ebacd3110a0') in 0.010530 seconds
Number of updated asset objects reloaded before import = 0
Number of asset objects unloaded after import = 2
========================================================================
Received Import Request.
  Time since last request: 0.000013 seconds.
  path: Assets/POLYGON city pack/Materials/Material_meshs/plant 1.mat
  artifactKey: Guid(47b23d2d38e75d647bb4c68fcc720550) Importer(815301076,1909f56bfc062723c751e8b465ee728b)
Start importing Assets/POLYGON city pack/Materials/Material_meshs/plant 1.mat using Guid(47b23d2d38e75d647bb4c68fcc720550) Importer(815301076,1909f56bfc062723c751e8b465ee728b) [PhysX] Initialized MultithreadedTaskDispatcher with 12 workers.
[PhysX] Initialized MultithreadedTaskDispatcher with 12 workers.
 -> (artifact id: 'c898f0bd908507347abb1d8bc67e6c5a') in 0.009782 seconds
Number of updated asset objects reloaded before import = 0
Number of asset objects unloaded after import = 2
========================================================================
Received Import Request.
  Time since last request: 0.000015 seconds.
  path: Assets/POLYGON city pack/Materials/Material_meshs/Bench 2.mat
  artifactKey: Guid(3c61eab8b04b7b84d89327b21cc91c6e) Importer(815301076,1909f56bfc062723c751e8b465ee728b)
Start importing Assets/POLYGON city pack/Materials/Material_meshs/Bench 2.mat using Guid(3c61eab8b04b7b84d89327b21cc91c6e) Importer(815301076,1909f56bfc062723c751e8b465ee728b) [PhysX] Initialized MultithreadedTaskDispatcher with 12 workers.
[PhysX] Initialized MultithreadedTaskDispatcher with 12 workers.
 -> (artifact id: '51b1513637621a5e4ba77037a2fbb1f9') in 0.012781 seconds
Number of updated asset objects reloaded before import = 0
Number of asset objects unloaded after import = 2
========================================================================
Received Import Request.
  Time since last request: 0.000014 seconds.
  path: Assets/POLYGON city pack/Materials/Material_meshs/Power_poles.mat
  artifactKey: Guid(1d6439e13e326664fbb0ed5e369cc105) Importer(815301076,1909f56bfc062723c751e8b465ee728b)
Start importing Assets/POLYGON city pack/Materials/Material_meshs/Power_poles.mat using Guid(1d6439e13e326664fbb0ed5e369cc105) Importer(815301076,1909f56bfc062723c751e8b465ee728b) [PhysX] Initialized MultithreadedTaskDispatcher with 12 workers.
[PhysX] Initialized MultithreadedTaskDispatcher with 12 workers.
 -> (artifact id: '1e2095aee1d7b0b7b07c7ba48401a727') in 0.010142 seconds
Number of updated asset objects reloaded before import = 0
Number of asset objects unloaded after import = 2
========================================================================
Received Import Request.
  Time since last request: 0.000014 seconds.
  path: Assets/POLYGON city pack/Materials/Material_meshs/police.mat
  artifactKey: Guid(a199066e22e12114f948d0d042dee7c5) Importer(815301076,1909f56bfc062723c751e8b465ee728b)
Start importing Assets/POLYGON city pack/Materials/Material_meshs/police.mat using Guid(a199066e22e12114f948d0d042dee7c5) Importer(815301076,1909f56bfc062723c751e8b465ee728b) [PhysX] Initialized MultithreadedTaskDispatcher with 12 workers.
[PhysX] Initialized MultithreadedTaskDispatcher with 12 workers.
 -> (artifact id: '8f00f882c3824807fe8a828596ca1aa9') in 0.011317 seconds
Number of updated asset objects reloaded before import = 0
Number of asset objects unloaded after import = 2
========================================================================
Received Import Request.
  Time since last request: 0.000016 seconds.
  path: Assets/POLYGON city pack/Materials/Material_meshs/electrcity box.mat
  artifactKey: Guid(6b57400658635bc4684faaf6448bddef) Importer(815301076,1909f56bfc062723c751e8b465ee728b)
Start importing Assets/POLYGON city pack/Materials/Material_meshs/electrcity box.mat using Guid(6b57400658635bc4684faaf6448bddef) Importer(815301076,1909f56bfc062723c751e8b465ee728b) [PhysX] Initialized MultithreadedTaskDispatcher with 12 workers.
[PhysX] Initialized MultithreadedTaskDispatcher with 12 workers.
 -> (artifact id: '6c3a79328b01f8a5c3e0faf35fc11c2e') in 0.011977 seconds
Number of updated asset objects reloaded before import = 0
Number of asset objects unloaded after import = 2
========================================================================
Received Import Request.
  Time since last request: 0.000017 seconds.
  path: Assets/POLYGON city pack/Materials/Material_meshs/Fire_department.mat
  artifactKey: Guid(75eba861b5688674a9259d1205f4c4b7) Importer(815301076,1909f56bfc062723c751e8b465ee728b)
Start importing Assets/POLYGON city pack/Materials/Material_meshs/Fire_department.mat using Guid(75eba861b5688674a9259d1205f4c4b7) Importer(815301076,1909f56bfc062723c751e8b465ee728b) [PhysX] Initialized MultithreadedTaskDispatcher with 12 workers.
[PhysX] Initialized MultithreadedTaskDispatcher with 12 workers.
 -> (artifact id: 'a5f0846f9980efd3be57f7478a182409') in 0.012250 seconds
Number of updated asset objects reloaded before import = 0
Number of asset objects unloaded after import = 2
========================================================================
Received Import Request.
  Time since last request: 0.000015 seconds.
  path: Assets/POLYGON city pack/Materials/Material_meshs/flower 1 A 3.mat
  artifactKey: Guid(9f6654a126b6e3848b52081604f6f1aa) Importer(815301076,1909f56bfc062723c751e8b465ee728b)
Start importing Assets/POLYGON city pack/Materials/Material_meshs/flower 1 A 3.mat using Guid(9f6654a126b6e3848b52081604f6f1aa) Importer(815301076,1909f56bfc062723c751e8b465ee728b) [PhysX] Initialized MultithreadedTaskDispatcher with 12 workers.
[PhysX] Initialized MultithreadedTaskDispatcher with 12 workers.
 -> (artifact id: 'd78b0e370e68f487edb713ecbb8d79aa') in 0.012016 seconds
Number of updated asset objects reloaded before import = 0
Number of asset objects unloaded after import = 2
========================================================================
Received Import Request.
  Time since last request: 0.000015 seconds.
  path: Assets/POLYGON city pack/Materials/Material_meshs/Hydrant.mat
  artifactKey: Guid(84656e979de647d48a1dffd409494192) Importer(815301076,1909f56bfc062723c751e8b465ee728b)
Start importing Assets/POLYGON city pack/Materials/Material_meshs/Hydrant.mat using Guid(84656e979de647d48a1dffd409494192) Importer(815301076,1909f56bfc062723c751e8b465ee728b) [PhysX] Initialized MultithreadedTaskDispatcher with 12 workers.
[PhysX] Initialized MultithreadedTaskDispatcher with 12 workers.
 -> (artifact id: 'a14f3539e495e233a3b3f024da13fa8f') in 0.012518 seconds
Number of updated asset objects reloaded before import = 0
Number of asset objects unloaded after import = 2
========================================================================
Received Import Request.
  Time since last request: 0.000014 seconds.
  path: Assets/POLYGON city pack/Materials/Material_meshs/can_orange.mat
  artifactKey: Guid(afc9047e46e56694d945fae27db27d9d) Importer(815301076,1909f56bfc062723c751e8b465ee728b)
Start importing Assets/POLYGON city pack/Materials/Material_meshs/can_orange.mat using Guid(afc9047e46e56694d945fae27db27d9d) Importer(815301076,1909f56bfc062723c751e8b465ee728b) [PhysX] Initialized MultithreadedTaskDispatcher with 12 workers.
[PhysX] Initialized MultithreadedTaskDispatcher with 12 workers.
 -> (artifact id: '655a9a67ca10c67b93c673ee22f25e73') in 0.010407 seconds
Number of updated asset objects reloaded before import = 0
Number of asset objects unloaded after import = 2
========================================================================
Received Import Request.
  Time since last request: 0.000017 seconds.
  path: Assets/POLYGON city pack/Materials/Material_meshs/flower 1 A 5.mat
  artifactKey: Guid(fe3efba54325ee4418eca1f7bdc1b3d2) Importer(815301076,1909f56bfc062723c751e8b465ee728b)
Start importing Assets/POLYGON city pack/Materials/Material_meshs/flower 1 A 5.mat using Guid(fe3efba54325ee4418eca1f7bdc1b3d2) Importer(815301076,1909f56bfc062723c751e8b465ee728b) [PhysX] Initialized MultithreadedTaskDispatcher with 12 workers.
[PhysX] Initialized MultithreadedTaskDispatcher with 12 workers.
 -> (artifact id: '2128b76bf1b9f78960c9bed015f100f0') in 0.010339 seconds
Number of updated asset objects reloaded before import = 0
Number of asset objects unloaded after import = 2
========================================================================
Received Import Request.
  Time since last request: 0.000014 seconds.
  path: Assets/POLYGON city pack/Materials/Material_meshs/Dirt.mat
  artifactKey: Guid(9b0509cf5979e03459b722142113657c) Importer(815301076,1909f56bfc062723c751e8b465ee728b)
Start importing Assets/POLYGON city pack/Materials/Material_meshs/Dirt.mat using Guid(9b0509cf5979e03459b722142113657c) Importer(815301076,1909f56bfc062723c751e8b465ee728b) [PhysX] Initialized MultithreadedTaskDispatcher with 12 workers.
[PhysX] Initialized MultithreadedTaskDispatcher with 12 workers.
 -> (artifact id: 'd6ca24a5a2ecf74ebf2b8fed82a1450d') in 0.012821 seconds
Number of updated asset objects reloaded before import = 0
Number of asset objects unloaded after import = 2
========================================================================
Received Import Request.
  Time since last request: 0.000019 seconds.
  path: Assets/POLYGON city pack/Materials/Material_meshs/Shop_c.mat
  artifactKey: Guid(b7addb38a7c13a440a9c13d2d501f19d) Importer(815301076,1909f56bfc062723c751e8b465ee728b)
Start importing Assets/POLYGON city pack/Materials/Material_meshs/Shop_c.mat using Guid(b7addb38a7c13a440a9c13d2d501f19d) Importer(815301076,1909f56bfc062723c751e8b465ee728b) [PhysX] Initialized MultithreadedTaskDispatcher with 12 workers.
[PhysX] Initialized MultithreadedTaskDispatcher with 12 workers.
 -> (artifact id: '26c4354ca872a7a6cfab19bf23fcd390') in 0.010725 seconds
Number of updated asset objects reloaded before import = 0
Number of asset objects unloaded after import = 2
========================================================================
Received Import Request.
  Time since last request: 0.000016 seconds.
  path: Assets/POLYGON city pack/Materials/Material_meshs/can_lemon.mat
  artifactKey: Guid(360f43e7e5fa9a744af7932cd721572b) Importer(815301076,1909f56bfc062723c751e8b465ee728b)
Start importing Assets/POLYGON city pack/Materials/Material_meshs/can_lemon.mat using Guid(360f43e7e5fa9a744af7932cd721572b) Importer(815301076,1909f56bfc062723c751e8b465ee728b) [PhysX] Initialized MultithreadedTaskDispatcher with 12 workers.
[PhysX] Initialized MultithreadedTaskDispatcher with 12 workers.
 -> (artifact id: '22e9b6d400fab0fae207a54efd04e2ba') in 0.011066 seconds
Number of updated asset objects reloaded before import = 0
Number of asset objects unloaded after import = 2
========================================================================
Received Import Request.
  Time since last request: 0.000023 seconds.
  path: Assets/POLYGON city pack/Materials/Material_meshs/flower 1 A 1.mat
  artifactKey: Guid(da16c8876ed8cdc4c8ab238d3c0bc186) Importer(815301076,1909f56bfc062723c751e8b465ee728b)
Start importing Assets/POLYGON city pack/Materials/Material_meshs/flower 1 A 1.mat using Guid(da16c8876ed8cdc4c8ab238d3c0bc186) Importer(815301076,1909f56bfc062723c751e8b465ee728b) [PhysX] Initialized MultithreadedTaskDispatcher with 12 workers.
[PhysX] Initialized MultithreadedTaskDispatcher with 12 workers.
 -> (artifact id: 'e7f9dea437c8a1b7ced7233eaef44c05') in 0.010934 seconds
Number of updated asset objects reloaded before import = 0
Number of asset objects unloaded after import = 2
========================================================================
Received Import Request.
  Time since last request: 0.000015 seconds.
  path: Assets/POLYGON city pack/Materials/Material_meshs/GlassCola.mat
  artifactKey: Guid(7d314c3142c10a541834f32c2573cb0e) Importer(815301076,1909f56bfc062723c751e8b465ee728b)
Start importing Assets/POLYGON city pack/Materials/Material_meshs/GlassCola.mat using Guid(7d314c3142c10a541834f32c2573cb0e) Importer(815301076,1909f56bfc062723c751e8b465ee728b) [PhysX] Initialized MultithreadedTaskDispatcher with 12 workers.
[PhysX] Initialized MultithreadedTaskDispatcher with 12 workers.
 -> (artifact id: '80d6d2e3fb4fe7f214fbd76d86b24180') in 0.012026 seconds
Number of updated asset objects reloaded before import = 0
Number of asset objects unloaded after import = 2
========================================================================
Received Import Request.
  Time since last request: 0.000017 seconds.
  path: Assets/POLYGON city pack/Materials/Material_meshs/Bin.mat
  artifactKey: Guid(9bb4d7fbe560c91439bebb486de821e9) Importer(815301076,1909f56bfc062723c751e8b465ee728b)
Start importing Assets/POLYGON city pack/Materials/Material_meshs/Bin.mat using Guid(9bb4d7fbe560c91439bebb486de821e9) Importer(815301076,1909f56bfc062723c751e8b465ee728b) [PhysX] Initialized MultithreadedTaskDispatcher with 12 workers.
[PhysX] Initialized MultithreadedTaskDispatcher with 12 workers.
 -> (artifact id: '32668ec2da0c711e669d68107648ddfe') in 0.010304 seconds
Number of updated asset objects reloaded before import = 0
Number of asset objects unloaded after import = 2
========================================================================
Received Import Request.
  Time since last request: 2.335688 seconds.
  path: Assets/POLYGON city pack/Materials/Material_meshs/shopping cart.mat
  artifactKey: Guid(6f9e936f7882193458b7205f066d95dc) Importer(815301076,1909f56bfc062723c751e8b465ee728b)
Start importing Assets/POLYGON city pack/Materials/Material_meshs/shopping cart.mat using Guid(6f9e936f7882193458b7205f066d95dc) Importer(815301076,1909f56bfc062723c751e8b465ee728b) [PhysX] Initialized MultithreadedTaskDispatcher with 12 workers.
[PhysX] Initialized MultithreadedTaskDispatcher with 12 workers.
 -> (artifact id: 'ca1c6cf0cd4d813ecb4aaa1f6e5d5b4a') in 0.013381 seconds
Number of updated asset objects reloaded before import = 0
Number of asset objects unloaded after import = 2
========================================================================
Received Import Request.
  Time since last request: 0.000013 seconds.
  path: Assets/POLYGON city pack/Materials/Material_meshs/Sideway 2x2m.mat
  artifactKey: Guid(bbfc60a43ae74ad458ee80e12798a23a) Importer(815301076,1909f56bfc062723c751e8b465ee728b)
Start importing Assets/POLYGON city pack/Materials/Material_meshs/Sideway 2x2m.mat using Guid(bbfc60a43ae74ad458ee80e12798a23a) Importer(815301076,1909f56bfc062723c751e8b465ee728b) [PhysX] Initialized MultithreadedTaskDispatcher with 12 workers.
[PhysX] Initialized MultithreadedTaskDispatcher with 12 workers.
 -> (artifact id: 'e429905a851d310772961438a2c9f9dd') in 0.010322 seconds
Number of updated asset objects reloaded before import = 0
Number of asset objects unloaded after import = 2
========================================================================
Received Import Request.
  Time since last request: 0.000016 seconds.
  path: Assets/POLYGON city pack/Materials/Material_meshs/Sign_ traffic 6.mat
  artifactKey: Guid(f798d719a656af348874a567a5e54242) Importer(815301076,1909f56bfc062723c751e8b465ee728b)
Start importing Assets/POLYGON city pack/Materials/Material_meshs/Sign_ traffic 6.mat using Guid(f798d719a656af348874a567a5e54242) Importer(815301076,1909f56bfc062723c751e8b465ee728b) [PhysX] Initialized MultithreadedTaskDispatcher with 12 workers.
[PhysX] Initialized MultithreadedTaskDispatcher with 12 workers.
 -> (artifact id: 'b54f68b8b16e0f03f5a3fc6b8b4b8d0f') in 0.010268 seconds
Number of updated asset objects reloaded before import = 0
Number of asset objects unloaded after import = 2
========================================================================
Received Import Request.
  Time since last request: 0.000015 seconds.
  path: Assets/POLYGON city pack/Materials/Material_meshs/Sign_stop.mat
  artifactKey: Guid(1b7ac0ad5309d3c4e9738cd5ee1977d4) Importer(815301076,1909f56bfc062723c751e8b465ee728b)
Start importing Assets/POLYGON city pack/Materials/Material_meshs/Sign_stop.mat using Guid(1b7ac0ad5309d3c4e9738cd5ee1977d4) Importer(815301076,1909f56bfc062723c751e8b465ee728b) [PhysX] Initialized MultithreadedTaskDispatcher with 12 workers.
[PhysX] Initialized MultithreadedTaskDispatcher with 12 workers.
 -> (artifact id: '2b622ade27d3052e41e917192c710140') in 0.011218 seconds
Number of updated asset objects reloaded before import = 0
Number of asset objects unloaded after import = 2
========================================================================
Received Import Request.
  Time since last request: 0.000014 seconds.
  path: Assets/POLYGON city pack/Materials/Material_meshs/Sign_speed_50.mat
  artifactKey: Guid(3469377aa9a97234b964fc824e7105d9) Importer(815301076,1909f56bfc062723c751e8b465ee728b)
Start importing Assets/POLYGON city pack/Materials/Material_meshs/Sign_speed_50.mat using Guid(3469377aa9a97234b964fc824e7105d9) Importer(815301076,1909f56bfc062723c751e8b465ee728b) [PhysX] Initialized MultithreadedTaskDispatcher with 12 workers.
[PhysX] Initialized MultithreadedTaskDispatcher with 12 workers.
 -> (artifact id: '657e000e5883268cc71db1a8843db0d8') in 0.012540 seconds
Number of updated asset objects reloaded before import = 0
Number of asset objects unloaded after import = 2
========================================================================
Received Import Request.
  Time since last request: 0.000016 seconds.
  path: Assets/POLYGON city pack/Materials/Material_meshs/Sign_slow.mat
  artifactKey: Guid(375db1c03c0a2594185895a66be6ce0a) Importer(815301076,1909f56bfc062723c751e8b465ee728b)
Start importing Assets/POLYGON city pack/Materials/Material_meshs/Sign_slow.mat using Guid(375db1c03c0a2594185895a66be6ce0a) Importer(815301076,1909f56bfc062723c751e8b465ee728b) [PhysX] Initialized MultithreadedTaskDispatcher with 12 workers.
[PhysX] Initialized MultithreadedTaskDispatcher with 12 workers.
 -> (artifact id: 'dcdf61bcbdbe89c051f3e9340b75d04a') in 0.013308 seconds
Number of updated asset objects reloaded before import = 0
Number of asset objects unloaded after import = 2
========================================================================
Received Import Request.
  Time since last request: 0.000016 seconds.
  path: Assets/POLYGON city pack/Materials/Material_meshs/Sign_speed_ 25.mat
  artifactKey: Guid(022538b5b0bd7134b9c3c564669efd06) Importer(815301076,1909f56bfc062723c751e8b465ee728b)
Start importing Assets/POLYGON city pack/Materials/Material_meshs/Sign_speed_ 25.mat using Guid(022538b5b0bd7134b9c3c564669efd06) Importer(815301076,1909f56bfc062723c751e8b465ee728b) [PhysX] Initialized MultithreadedTaskDispatcher with 12 workers.
[PhysX] Initialized MultithreadedTaskDispatcher with 12 workers.
 -> (artifact id: '0ea3796da123b2b0da5d753c8655ebe0') in 0.012357 seconds
Number of updated asset objects reloaded before import = 0
Number of asset objects unloaded after import = 2
========================================================================
Received Import Request.
  Time since last request: 0.000018 seconds.
  path: Assets/POLYGON city pack/Materials/Material_meshs/Sign_speed_ 70.mat
  artifactKey: Guid(d22294ef304578243b15ec1189c98625) Importer(815301076,1909f56bfc062723c751e8b465ee728b)
Start importing Assets/POLYGON city pack/Materials/Material_meshs/Sign_speed_ 70.mat using Guid(d22294ef304578243b15ec1189c98625) Importer(815301076,1909f56bfc062723c751e8b465ee728b) [PhysX] Initialized MultithreadedTaskDispatcher with 12 workers.
[PhysX] Initialized MultithreadedTaskDispatcher with 12 workers.
 -> (artifact id: '9932b41b9b758e6c0da21ca165a13d07') in 0.010406 seconds
Number of updated asset objects reloaded before import = 0
Number of asset objects unloaded after import = 2
========================================================================
Received Import Request.
  Time since last request: 14.213822 seconds.
  path: Assets/POLYGON city pack/Materials/Material_meshs/Sign_traffic 5.mat
  artifactKey: Guid(0551d21c07894ae46b712c8e21db8695) Importer(815301076,1909f56bfc062723c751e8b465ee728b)
Start importing Assets/POLYGON city pack/Materials/Material_meshs/Sign_traffic 5.mat using Guid(0551d21c07894ae46b712c8e21db8695) Importer(815301076,1909f56bfc062723c751e8b465ee728b) [PhysX] Initialized MultithreadedTaskDispatcher with 12 workers.
[PhysX] Initialized MultithreadedTaskDispatcher with 12 workers.
 -> (artifact id: '65d16cb94a60a7ae1833c507c533eb66') in 0.013089 seconds
Number of updated asset objects reloaded before import = 0
Number of asset objects unloaded after import = 2
========================================================================
Received Import Request.
  Time since last request: 0.000013 seconds.
  path: Assets/POLYGON city pack/Materials/Material_meshs/street 1.mat
  artifactKey: Guid(8c68b30c228ba1e478ff2433f4f83ba0) Importer(815301076,1909f56bfc062723c751e8b465ee728b)
Start importing Assets/POLYGON city pack/Materials/Material_meshs/street 1.mat using Guid(8c68b30c228ba1e478ff2433f4f83ba0) Importer(815301076,1909f56bfc062723c751e8b465ee728b) [PhysX] Initialized MultithreadedTaskDispatcher with 12 workers.
[PhysX] Initialized MultithreadedTaskDispatcher with 12 workers.
 -> (artifact id: 'eef64a5c728b1f96aeed09c7290dca2f') in 0.010545 seconds
Number of updated asset objects reloaded before import = 0
Number of asset objects unloaded after import = 2
========================================================================
Received Import Request.
  Time since last request: 0.000014 seconds.
  path: Assets/POLYGON city pack/Materials/Material_meshs/street 4.mat
  artifactKey: Guid(e392b3db3896de742a7fe9186046092b) Importer(815301076,1909f56bfc062723c751e8b465ee728b)
Start importing Assets/POLYGON city pack/Materials/Material_meshs/street 4.mat using Guid(e392b3db3896de742a7fe9186046092b) Importer(815301076,1909f56bfc062723c751e8b465ee728b) [PhysX] Initialized MultithreadedTaskDispatcher with 12 workers.
[PhysX] Initialized MultithreadedTaskDispatcher with 12 workers.
 -> (artifact id: 'f35ff4a1c8c8225fac38e87966c61f00') in 0.010522 seconds
Number of updated asset objects reloaded before import = 0
Number of asset objects unloaded after import = 2
========================================================================
Received Import Request.
  Time since last request: 0.000016 seconds.
  path: Assets/POLYGON city pack/Materials/Material_meshs/street 7.mat
  artifactKey: Guid(b991b79651d0c31409fa826ebb42f3d7) Importer(815301076,1909f56bfc062723c751e8b465ee728b)
Start importing Assets/POLYGON city pack/Materials/Material_meshs/street 7.mat using Guid(b991b79651d0c31409fa826ebb42f3d7) Importer(815301076,1909f56bfc062723c751e8b465ee728b) [PhysX] Initialized MultithreadedTaskDispatcher with 12 workers.
[PhysX] Initialized MultithreadedTaskDispatcher with 12 workers.
 -> (artifact id: 'e3a2bebbdb73dbe6517568cc2bd29978') in 0.010698 seconds
Number of updated asset objects reloaded before import = 0
Number of asset objects unloaded after import = 2
========================================================================
Received Import Request.
  Time since last request: 0.000057 seconds.
  path: Assets/POLYGON city pack/Materials/Material_meshs/street 10.mat
  artifactKey: Guid(ccbd9a98334624441a21da866f5b4ca5) Importer(815301076,1909f56bfc062723c751e8b465ee728b)
Start importing Assets/POLYGON city pack/Materials/Material_meshs/street 10.mat using Guid(ccbd9a98334624441a21da866f5b4ca5) Importer(815301076,1909f56bfc062723c751e8b465ee728b) [PhysX] Initialized MultithreadedTaskDispatcher with 12 workers.
[PhysX] Initialized MultithreadedTaskDispatcher with 12 workers.
 -> (artifact id: 'd445915d505ed1b8b549cd5b71652838') in 0.011296 seconds
Number of updated asset objects reloaded before import = 0
Number of asset objects unloaded after import = 2
========================================================================
Received Import Request.
  Time since last request: 0.000014 seconds.
  path: Assets/POLYGON city pack/Materials/Material_meshs/speed_limit_sign_100.mat
  artifactKey: Guid(8c07f4426f20f814f8750e02505d7ec4) Importer(815301076,1909f56bfc062723c751e8b465ee728b)
Start importing Assets/POLYGON city pack/Materials/Material_meshs/speed_limit_sign_100.mat using Guid(8c07f4426f20f814f8750e02505d7ec4) Importer(815301076,1909f56bfc062723c751e8b465ee728b) [PhysX] Initialized MultithreadedTaskDispatcher with 12 workers.
[PhysX] Initialized MultithreadedTaskDispatcher with 12 workers.
 -> (artifact id: '384403d34f191341219442356a49ed91') in 0.011279 seconds
Number of updated asset objects reloaded before import = 0
Number of asset objects unloaded after import = 2
========================================================================
Received Import Request.
  Time since last request: 0.000013 seconds.
  path: Assets/POLYGON city pack/Materials/Material_meshs/street 5.mat
  artifactKey: Guid(55f55d8f998363c4d91b7b94cb5a37ca) Importer(815301076,1909f56bfc062723c751e8b465ee728b)
Start importing Assets/POLYGON city pack/Materials/Material_meshs/street 5.mat using Guid(55f55d8f998363c4d91b7b94cb5a37ca) Importer(815301076,1909f56bfc062723c751e8b465ee728b) [PhysX] Initialized MultithreadedTaskDispatcher with 12 workers.
[PhysX] Initialized MultithreadedTaskDispatcher with 12 workers.
 -> (artifact id: '8dd88369635ef13d485188122898da56') in 0.011091 seconds
Number of updated asset objects reloaded before import = 0
Number of asset objects unloaded after import = 2
========================================================================
Received Import Request.
  Time since last request: 1.365361 seconds.
  path: Assets/POLYGON city pack/Materials/Material_meshs/street 12.mat
  artifactKey: Guid(2bc525635b15d14438a320ee5aaafaf0) Importer(815301076,1909f56bfc062723c751e8b465ee728b)
Start importing Assets/POLYGON city pack/Materials/Material_meshs/street 12.mat using Guid(2bc525635b15d14438a320ee5aaafaf0) Importer(815301076,1909f56bfc062723c751e8b465ee728b) [PhysX] Initialized MultithreadedTaskDispatcher with 12 workers.
[PhysX] Initialized MultithreadedTaskDispatcher with 12 workers.
 -> (artifact id: '2cd7487f3d4441ea21d29448b00a5f7f') in 0.012879 seconds
Number of updated asset objects reloaded before import = 0
Number of asset objects unloaded after import = 2
========================================================================
Received Import Request.
  Time since last request: 0.000014 seconds.
  path: Assets/POLYGON city pack/Materials/Material_meshs/street 15.mat
  artifactKey: Guid(8fb5e0bbb6ab4fd4caa5feafd9ec8aee) Importer(815301076,1909f56bfc062723c751e8b465ee728b)
Start importing Assets/POLYGON city pack/Materials/Material_meshs/street 15.mat using Guid(8fb5e0bbb6ab4fd4caa5feafd9ec8aee) Importer(815301076,1909f56bfc062723c751e8b465ee728b) [PhysX] Initialized MultithreadedTaskDispatcher with 12 workers.
[PhysX] Initialized MultithreadedTaskDispatcher with 12 workers.
 -> (artifact id: '03590ff8aff478802ac996273a06e87c') in 0.012228 seconds
Number of updated asset objects reloaded before import = 0
Number of asset objects unloaded after import = 2
========================================================================
Received Import Request.
  Time since last request: 0.000019 seconds.
  path: Assets/POLYGON city pack/Materials/Material_meshs/tree leaf.mat
  artifactKey: Guid(45aa121491da72e4b8c0fcdb4533272d) Importer(815301076,1909f56bfc062723c751e8b465ee728b)
Start importing Assets/POLYGON city pack/Materials/Material_meshs/tree leaf.mat using Guid(45aa121491da72e4b8c0fcdb4533272d) Importer(815301076,1909f56bfc062723c751e8b465ee728b) [PhysX] Initialized MultithreadedTaskDispatcher with 12 workers.
[PhysX] Initialized MultithreadedTaskDispatcher with 12 workers.
 -> (artifact id: 'b8d1ed03bd0cdaf1a5e8707ce407613a') in 0.011857 seconds
Number of updated asset objects reloaded before import = 0
Number of asset objects unloaded after import = 2
========================================================================
Received Import Request.
  Time since last request: 0.000017 seconds.
  path: Assets/POLYGON city pack/Materials/Material_meshs/street 16.mat
  artifactKey: Guid(c88e6f689c0b0244483582064ba31383) Importer(815301076,1909f56bfc062723c751e8b465ee728b)
Start importing Assets/POLYGON city pack/Materials/Material_meshs/street 16.mat using Guid(c88e6f689c0b0244483582064ba31383) Importer(815301076,1909f56bfc062723c751e8b465ee728b) [PhysX] Initialized MultithreadedTaskDispatcher with 12 workers.
[PhysX] Initialized MultithreadedTaskDispatcher with 12 workers.
 -> (artifact id: '57fa4881deb07cf41af3c3f2d0ee8c9c') in 0.014712 seconds
Number of updated asset objects reloaded before import = 0
Number of asset objects unloaded after import = 2
========================================================================
Received Import Request.
  Time since last request: 0.000019 seconds.
  path: Assets/POLYGON city pack/Materials/Material_meshs/water tank.mat
  artifactKey: Guid(42260cd2c3f3d7d45a3f99b47e57ae38) Importer(815301076,1909f56bfc062723c751e8b465ee728b)
Start importing Assets/POLYGON city pack/Materials/Material_meshs/water tank.mat using Guid(42260cd2c3f3d7d45a3f99b47e57ae38) Importer(815301076,1909f56bfc062723c751e8b465ee728b) [PhysX] Initialized MultithreadedTaskDispatcher with 12 workers.
[PhysX] Initialized MultithreadedTaskDispatcher with 12 workers.
 -> (artifact id: '28e25953fc20faf985d5008c1f78705b') in 0.010976 seconds
Number of updated asset objects reloaded before import = 0
Number of asset objects unloaded after import = 1
========================================================================
Received Import Request.
  Time since last request: 0.000018 seconds.
  path: Assets/POLYGON city pack/Materials/Material_meshs/traffic light texture.mat
  artifactKey: Guid(ab25e7630fa165b4099230ee95e91131) Importer(815301076,1909f56bfc062723c751e8b465ee728b)
Start importing Assets/POLYGON city pack/Materials/Material_meshs/traffic light texture.mat using Guid(ab25e7630fa165b4099230ee95e91131) Importer(815301076,1909f56bfc062723c751e8b465ee728b) [PhysX] Initialized MultithreadedTaskDispatcher with 12 workers.
[PhysX] Initialized MultithreadedTaskDispatcher with 12 workers.
 -> (artifact id: 'd2b36c62c031d02ed5edf38f9312c51d') in 0.014594 seconds
Number of updated asset objects reloaded before import = 0
Number of asset objects unloaded after import = 2
========================================================================
Received Import Request.
  Time since last request: 0.000016 seconds.
  path: Assets/POLYGON city pack/Materials/Material_meshs/trashcan.mat
  artifactKey: Guid(a33d51cf45695ce4e862ea7fd9727a58) Importer(815301076,1909f56bfc062723c751e8b465ee728b)
Start importing Assets/POLYGON city pack/Materials/Material_meshs/trashcan.mat using Guid(a33d51cf45695ce4e862ea7fd9727a58) Importer(815301076,1909f56bfc062723c751e8b465ee728b) [PhysX] Initialized MultithreadedTaskDispatcher with 12 workers.
[PhysX] Initialized MultithreadedTaskDispatcher with 12 workers.
 -> (artifact id: '6855f0b58c0bd06e5468a8a1a9933d63') in 0.011965 seconds
Number of updated asset objects reloaded before import = 0
Number of asset objects unloaded after import = 2
========================================================================
Received Import Request.
  Time since last request: 0.000017 seconds.
  path: Assets/POLYGON city pack/Materials/Material_meshs/water tank 2.mat
  artifactKey: Guid(13f8295c521186343bd82634ad247e2f) Importer(815301076,1909f56bfc062723c751e8b465ee728b)
Start importing Assets/POLYGON city pack/Materials/Material_meshs/water tank 2.mat using Guid(13f8295c521186343bd82634ad247e2f) Importer(815301076,1909f56bfc062723c751e8b465ee728b) [PhysX] Initialized MultithreadedTaskDispatcher with 12 workers.
[PhysX] Initialized MultithreadedTaskDispatcher with 12 workers.
 -> (artifact id: '24ba0108eb2ddfebf35d8bd8f46e0c38') in 0.012573 seconds
Number of updated asset objects reloaded before import = 0
Number of asset objects unloaded after import = 2
========================================================================
Received Import Request.
  Time since last request: 84.633298 seconds.
  path: Assets/POLYGON city pack/Prefabs/Lamps
  artifactKey: Guid(22018a46ed9904e4c910ee0ef3ee8a17) Importer(815301076,1909f56bfc062723c751e8b465ee728b)
Start importing Assets/POLYGON city pack/Prefabs/Lamps using Guid(22018a46ed9904e4c910ee0ef3ee8a17) Importer(815301076,1909f56bfc062723c751e8b465ee728b) [PhysX] Initialized MultithreadedTaskDispatcher with 12 workers.
 -> (artifact id: 'a4fdcbac9d90ead33e23b59d30b0f454') in 0.000592 seconds
Number of updated asset objects reloaded before import = 0
Number of asset objects unloaded after import = 0
========================================================================
Received Import Request.
  Time since last request: 91.058549 seconds.
  path: Assets/Prefabs/Road.prefab
  artifactKey: Guid(3dcb99bb22ad0c14b8a414d3d4784aa2) Importer(815301076,1909f56bfc062723c751e8b465ee728b)
Start importing Assets/Prefabs/Road.prefab using Guid(3dcb99bb22ad0c14b8a414d3d4784aa2) Importer(815301076,1909f56bfc062723c751e8b465ee728b) [PhysX] Initialized MultithreadedTaskDispatcher with 12 workers.
[PhysX] Initialized MultithreadedTaskDispatcher with 12 workers.
 -> (artifact id: 'b1124178bede163b0c11166aa711002e') in 0.016331 seconds
Number of updated asset objects reloaded before import = 0
Number of asset objects unloaded after import = 31
========================================================================
Received Import Request.
  Time since last request: 7.044288 seconds.
  path: Assets/Prefabs/Road.prefab
  artifactKey: Guid(3dcb99bb22ad0c14b8a414d3d4784aa2) Importer(815301076,1909f56bfc062723c751e8b465ee728b)
Start importing Assets/Prefabs/Road.prefab using Guid(3dcb99bb22ad0c14b8a414d3d4784aa2) Importer(815301076,1909f56bfc062723c751e8b465ee728b) [PhysX] Initialized MultithreadedTaskDispatcher with 12 workers.
[PhysX] Initialized MultithreadedTaskDispatcher with 12 workers.
 -> (artifact id: '3f6104871d928ecce8289bb421b5783c') in 0.007236 seconds
Number of updated asset objects reloaded before import = 0
Number of asset objects unloaded after import = 47
========================================================================
Received Import Request.
  Time since last request: 6.020413 seconds.
  path: Assets/Prefabs/Road.prefab
  artifactKey: Guid(3dcb99bb22ad0c14b8a414d3d4784aa2) Importer(815301076,1909f56bfc062723c751e8b465ee728b)
Start importing Assets/Prefabs/Road.prefab using Guid(3dcb99bb22ad0c14b8a414d3d4784aa2) Importer(815301076,1909f56bfc062723c751e8b465ee728b) [PhysX] Initialized MultithreadedTaskDispatcher with 12 workers.
[PhysX] Initialized MultithreadedTaskDispatcher with 12 workers.
 -> (artifact id: '8d677319eb18157bf29af5efb87a17f7') in 0.012265 seconds
Number of updated asset objects reloaded before import = 0
Number of asset objects unloaded after import = 47
========================================================================
Received Import Request.
  Time since last request: 6.018291 seconds.
  path: Assets/Prefabs/Road.prefab
  artifactKey: Guid(3dcb99bb22ad0c14b8a414d3d4784aa2) Importer(815301076,1909f56bfc062723c751e8b465ee728b)
Start importing Assets/Prefabs/Road.prefab using Guid(3dcb99bb22ad0c14b8a414d3d4784aa2) Importer(815301076,1909f56bfc062723c751e8b465ee728b) [PhysX] Initialized MultithreadedTaskDispatcher with 12 workers.
[PhysX] Initialized MultithreadedTaskDispatcher with 12 workers.
 -> (artifact id: '438e175e7c01ceb0ace35919ae260d55') in 0.012784 seconds
Number of updated asset objects reloaded before import = 0
Number of asset objects unloaded after import = 47
========================================================================
Received Import Request.
  Time since last request: 2.407982 seconds.
  path: Assets/Prefabs/Road.prefab
  artifactKey: Guid(3dcb99bb22ad0c14b8a414d3d4784aa2) Importer(815301076,1909f56bfc062723c751e8b465ee728b)
Start importing Assets/Prefabs/Road.prefab using Guid(3dcb99bb22ad0c14b8a414d3d4784aa2) Importer(815301076,1909f56bfc062723c751e8b465ee728b) [PhysX] Initialized MultithreadedTaskDispatcher with 12 workers.
[PhysX] Initialized MultithreadedTaskDispatcher with 12 workers.
 -> (artifact id: '9db2ac3d27ed2d5610b539f19f92fd31') in 0.005601 seconds
Number of updated asset objects reloaded before import = 0
Number of asset objects unloaded after import = 47
========================================================================
Received Import Request.
  Time since last request: 0.798952 seconds.
  path: Assets/Prefabs/Road.prefab
  artifactKey: Guid(3dcb99bb22ad0c14b8a414d3d4784aa2) Importer(815301076,1909f56bfc062723c751e8b465ee728b)
Start importing Assets/Prefabs/Road.prefab using Guid(3dcb99bb22ad0c14b8a414d3d4784aa2) Importer(815301076,1909f56bfc062723c751e8b465ee728b) [PhysX] Initialized MultithreadedTaskDispatcher with 12 workers.
[PhysX] Initialized MultithreadedTaskDispatcher with 12 workers.
 -> (artifact id: 'ceb69f64b491f0557553ae21aea14a0c') in 0.007762 seconds
Number of updated asset objects reloaded before import = 0
Number of asset objects unloaded after import = 79
========================================================================
Received Import Request.
  Time since last request: 1.605641 seconds.
  path: Assets/Prefabs/Road.prefab
  artifactKey: Guid(3dcb99bb22ad0c14b8a414d3d4784aa2) Importer(815301076,1909f56bfc062723c751e8b465ee728b)
Start importing Assets/Prefabs/Road.prefab using Guid(3dcb99bb22ad0c14b8a414d3d4784aa2) Importer(815301076,1909f56bfc062723c751e8b465ee728b) [PhysX] Initialized MultithreadedTaskDispatcher with 12 workers.
[PhysX] Initialized MultithreadedTaskDispatcher with 12 workers.
 -> (artifact id: '2eb107ffb4c0af925059fed906565287') in 0.012563 seconds
Number of updated asset objects reloaded before import = 0
Number of asset objects unloaded after import = 79
========================================================================
Received Import Request.
  Time since last request: 0.184829 seconds.
  path: Assets/Prefabs/Road.prefab
  artifactKey: Guid(3dcb99bb22ad0c14b8a414d3d4784aa2) Importer(815301076,1909f56bfc062723c751e8b465ee728b)
Start importing Assets/Prefabs/Road.prefab using Guid(3dcb99bb22ad0c14b8a414d3d4784aa2) Importer(815301076,1909f56bfc062723c751e8b465ee728b) [PhysX] Initialized MultithreadedTaskDispatcher with 12 workers.
[PhysX] Initialized MultithreadedTaskDispatcher with 12 workers.
 -> (artifact id: '18fca724f5bd3aefd439c44589dde300') in 0.006974 seconds
Number of updated asset objects reloaded before import = 0
Number of asset objects unloaded after import = 111
========================================================================
Received Import Request.
  Time since last request: 2.005489 seconds.
  path: Assets/Prefabs/Road.prefab
  artifactKey: Guid(3dcb99bb22ad0c14b8a414d3d4784aa2) Importer(815301076,1909f56bfc062723c751e8b465ee728b)
Start importing Assets/Prefabs/Road.prefab using Guid(3dcb99bb22ad0c14b8a414d3d4784aa2) Importer(815301076,1909f56bfc062723c751e8b465ee728b) [PhysX] Initialized MultithreadedTaskDispatcher with 12 workers.
[PhysX] Initialized MultithreadedTaskDispatcher with 12 workers.
 -> (artifact id: '34f0f370e4186ec677209b86bc2686c7') in 0.012264 seconds
Number of updated asset objects reloaded before import = 0
Number of asset objects unloaded after import = 111
========================================================================
Received Import Request.
  Time since last request: 0.189127 seconds.
  path: Assets/Prefabs/Road.prefab
  artifactKey: Guid(3dcb99bb22ad0c14b8a414d3d4784aa2) Importer(815301076,1909f56bfc062723c751e8b465ee728b)
Start importing Assets/Prefabs/Road.prefab using Guid(3dcb99bb22ad0c14b8a414d3d4784aa2) Importer(815301076,1909f56bfc062723c751e8b465ee728b) [PhysX] Initialized MultithreadedTaskDispatcher with 12 workers.
[PhysX] Initialized MultithreadedTaskDispatcher with 12 workers.
 -> (artifact id: 'ce3399d336deca524a023fc7fbd852dd') in 0.007320 seconds
Number of updated asset objects reloaded before import = 0
Number of asset objects unloaded after import = 143
========================================================================
Received Import Request.
  Time since last request: 1.803977 seconds.
  path: Assets/Prefabs/Road.prefab
  artifactKey: Guid(3dcb99bb22ad0c14b8a414d3d4784aa2) Importer(815301076,1909f56bfc062723c751e8b465ee728b)
Start importing Assets/Prefabs/Road.prefab using Guid(3dcb99bb22ad0c14b8a414d3d4784aa2) Importer(815301076,1909f56bfc062723c751e8b465ee728b) [PhysX] Initialized MultithreadedTaskDispatcher with 12 workers.
[PhysX] Initialized MultithreadedTaskDispatcher with 12 workers.
 -> (artifact id: '6ee4642f49be754d720f53cf49ea3655') in 0.011511 seconds
Number of updated asset objects reloaded before import = 0
Number of asset objects unloaded after import = 143
========================================================================
Received Import Request.
  Time since last request: 0.992819 seconds.
  path: Assets/Prefabs/Road.prefab
  artifactKey: Guid(3dcb99bb22ad0c14b8a414d3d4784aa2) Importer(815301076,1909f56bfc062723c751e8b465ee728b)
Start importing Assets/Prefabs/Road.prefab using Guid(3dcb99bb22ad0c14b8a414d3d4784aa2) Importer(815301076,1909f56bfc062723c751e8b465ee728b) [PhysX] Initialized MultithreadedTaskDispatcher with 12 workers.
[PhysX] Initialized MultithreadedTaskDispatcher with 12 workers.
 -> (artifact id: '32fca405d33a3850953b0726ba18bea6') in 0.006931 seconds
Number of updated asset objects reloaded before import = 0
Number of asset objects unloaded after import = 175
========================================================================
Received Import Request.
  Time since last request: 2.006766 seconds.
  path: Assets/Prefabs/Road.prefab
  artifactKey: Guid(3dcb99bb22ad0c14b8a414d3d4784aa2) Importer(815301076,1909f56bfc062723c751e8b465ee728b)
Start importing Assets/Prefabs/Road.prefab using Guid(3dcb99bb22ad0c14b8a414d3d4784aa2) Importer(815301076,1909f56bfc062723c751e8b465ee728b) [PhysX] Initialized MultithreadedTaskDispatcher with 12 workers.
[PhysX] Initialized MultithreadedTaskDispatcher with 12 workers.
 -> (artifact id: '04984ecefbf6f02d0b9d7282d92cd1ac') in 0.013339 seconds
Number of updated asset objects reloaded before import = 0
Number of asset objects unloaded after import = 175
========================================================================
Received Import Request.
  Time since last request: 18.700664 seconds.
  path: Assets/Prefabs/Road.prefab
  artifactKey: Guid(3dcb99bb22ad0c14b8a414d3d4784aa2) Importer(815301076,1909f56bfc062723c751e8b465ee728b)
Start importing Assets/Prefabs/Road.prefab using Guid(3dcb99bb22ad0c14b8a414d3d4784aa2) Importer(815301076,1909f56bfc062723c751e8b465ee728b) [PhysX] Initialized MultithreadedTaskDispatcher with 12 workers.
[PhysX] Initialized MultithreadedTaskDispatcher with 12 workers.
 -> (artifact id: 'c717fd00d730e44d8c051850dc8df0f0') in 0.009642 seconds
Number of updated asset objects reloaded before import = 0
Number of asset objects unloaded after import = 175
========================================================================
Received Import Request.
  Time since last request: 2.402840 seconds.
  path: Assets/Prefabs/Road.prefab
  artifactKey: Guid(3dcb99bb22ad0c14b8a414d3d4784aa2) Importer(815301076,1909f56bfc062723c751e8b465ee728b)
Start importing Assets/Prefabs/Road.prefab using Guid(3dcb99bb22ad0c14b8a414d3d4784aa2) Importer(815301076,1909f56bfc062723c751e8b465ee728b) [PhysX] Initialized MultithreadedTaskDispatcher with 12 workers.
[PhysX] Initialized MultithreadedTaskDispatcher with 12 workers.
 -> (artifact id: '63563873888ea0181fc119f50079bf15') in 0.046549 seconds
Number of updated asset objects reloaded before import = 0
Number of asset objects unloaded after import = 175
========================================================================
Received Import Request.
  Time since last request: 2.359919 seconds.
  path: Assets/Prefabs/Road.prefab
  artifactKey: Guid(3dcb99bb22ad0c14b8a414d3d4784aa2) Importer(815301076,1909f56bfc062723c751e8b465ee728b)
Start importing Assets/Prefabs/Road.prefab using Guid(3dcb99bb22ad0c14b8a414d3d4784aa2) Importer(815301076,1909f56bfc062723c751e8b465ee728b) [PhysX] Initialized MultithreadedTaskDispatcher with 12 workers.
 -> (artifact id: 'd38f434c477a8894b95f9c46aeceb88d') in 0.001488 seconds
Number of updated asset objects reloaded before import = 0
Number of asset objects unloaded after import = 4
========================================================================
Received Import Request.
  Time since last request: 169.302466 seconds.
  path: Assets/POLYGON city pack/Prefabs/Floor/Grass_stone_1_prefab.prefab
  artifactKey: Guid(9fcf49ff9014a7a4b89dcd79c5ac3e71) Importer(815301076,1909f56bfc062723c751e8b465ee728b)
Start importing Assets/POLYGON city pack/Prefabs/Floor/Grass_stone_1_prefab.prefab using Guid(9fcf49ff9014a7a4b89dcd79c5ac3e71) Importer(815301076,1909f56bfc062723c751e8b465ee728b) [PhysX] Initialized MultithreadedTaskDispatcher with 12 workers.
[PhysX] Initialized MultithreadedTaskDispatcher with 12 workers.
 -> (artifact id: 'bee48e280b5bee517ed767cd63757ede') in 0.012532 seconds
Number of updated asset objects reloaded before import = 0
Number of asset objects unloaded after import = 15
========================================================================
Received Import Request.
  Time since last request: 0.001773 seconds.
  path: Assets/POLYGON city pack/Prefabs/Floor/Walkway 2 Prefab.prefab
  artifactKey: Guid(6f78f527e43206b408b73d96ccdbea2a) Importer(815301076,1909f56bfc062723c751e8b465ee728b)
Start importing Assets/POLYGON city pack/Prefabs/Floor/Walkway 2 Prefab.prefab using Guid(6f78f527e43206b408b73d96ccdbea2a) Importer(815301076,1909f56bfc062723c751e8b465ee728b) [PhysX] Initialized MultithreadedTaskDispatcher with 12 workers.
[PhysX] Initialized MultithreadedTaskDispatcher with 12 workers.
 -> (artifact id: '59cc1521c9e77b474c8c9956eb853dd3') in 0.013931 seconds
Number of updated asset objects reloaded before import = 0
Number of asset objects unloaded after import = 14
========================================================================
Received Import Request.
  Time since last request: 0.000014 seconds.
  path: Assets/POLYGON city pack/Prefabs/Floor/Walkway 1 Prefab.prefab
  artifactKey: Guid(28d5ea07bacfa6346a6ccb36b5789cae) Importer(815301076,1909f56bfc062723c751e8b465ee728b)
Start importing Assets/POLYGON city pack/Prefabs/Floor/Walkway 1 Prefab.prefab using Guid(28d5ea07bacfa6346a6ccb36b5789cae) Importer(815301076,1909f56bfc062723c751e8b465ee728b) [PhysX] Initialized MultithreadedTaskDispatcher with 12 workers.
[PhysX] Initialized MultithreadedTaskDispatcher with 12 workers.
 -> (artifact id: '27ea210e4e0b69709084dd70e209c4a3') in 0.014242 seconds
Number of updated asset objects reloaded before import = 0
Number of asset objects unloaded after import = 14
========================================================================
Received Import Request.
  Time since last request: 0.000017 seconds.
  path: Assets/POLYGON city pack/Prefabs/Floor/WalkWay 5 prefab.prefab
  artifactKey: Guid(7446a392a730ac14d9cc70d21cf7ace0) Importer(815301076,1909f56bfc062723c751e8b465ee728b)
Start importing Assets/POLYGON city pack/Prefabs/Floor/WalkWay 5 prefab.prefab using Guid(7446a392a730ac14d9cc70d21cf7ace0) Importer(815301076,1909f56bfc062723c751e8b465ee728b) [PhysX] Initialized MultithreadedTaskDispatcher with 12 workers.
[PhysX] Initialized MultithreadedTaskDispatcher with 12 workers.
 -> (artifact id: '657c49c7b836bd8980b1630d7000b3bf') in 0.013106 seconds
Number of updated asset objects reloaded before import = 0
Number of asset objects unloaded after import = 12
Editor requested this worker to shutdown with reason: Scaling down because of idle timeout
TcpMessagingSession - receive error: operation aborted. errorcode: 995, details: The I/O operation has been aborted because of either a thread exit or an application request.
AssetImportWorker is now disconnected from the server
Process exiting
Exiting without the bug reporter. Application will terminate with return code 0