Using pre-set license
Built from '2022.3/respin/2022.3.62f2-4af31df585-v2' branch; Version is '2022.3.62f3 (96770f904ca7) revision 9860879'; Using compiler version '192829333'; Build Type 'Release'
OS: 'Windows 11  (10.0.26200) 64bit Professional' Language: 'en' Physical Memory: 16310 MB
BatchMode: 1, IsHumanControllingUs: 0, StartBugReporterOnCrash: 0, Is64bit: 1, IsPro: 1

COMMAND LINE ARGUMENTS:
C:\Program Files\Unity\Hub\Editor\2022.3.62f3\Editor\Unity.exe
-adb2
-batchMode
-noUpm
-name
AssetImportWorker2
-projectPath
C:/Users/user/Documents/Unity Projects/Paws
-logFile
Logs/AssetImportWorker2.log
-srvPort
61808
Successfully changed project path to: C:/Users/user/Documents/Unity Projects/Paws
C:/Users/user/Documents/Unity Projects/Paws
[UnityMemory] Configuration Parameters - Can be set up in boot.config
    "memorysetup-bucket-allocator-granularity=16"
    "memorysetup-bucket-allocator-bucket-count=8"
    "memorysetup-bucket-allocator-block-size=33554432"
    "memorysetup-bucket-allocator-block-count=8"
    "memorysetup-main-allocator-block-size=16777216"
    "memorysetup-thread-allocator-block-size=16777216"
    "memorysetup-gfx-main-allocator-block-size=16777216"
    "memorysetup-gfx-thread-allocator-block-size=16777216"
    "memorysetup-cache-allocator-block-size=4194304"
    "memorysetup-typetree-allocator-block-size=2097152"
    "memorysetup-profiler-bucket-allocator-granularity=16"
    "memorysetup-profiler-bucket-allocator-bucket-count=8"
    "memorysetup-profiler-bucket-allocator-block-size=33554432"
    "memorysetup-profiler-bucket-allocator-block-count=8"
    "memorysetup-profiler-allocator-block-size=16777216"
    "memorysetup-profiler-editor-allocator-block-size=1048576"
    "memorysetup-temp-allocator-size-main=16777216"
    "memorysetup-job-temp-allocator-block-size=2097152"
    "memorysetup-job-temp-allocator-block-size-background=1048576"
    "memorysetup-job-temp-allocator-reduction-small-platforms=262144"
    "memorysetup-allocator-temp-initial-block-size-main=262144"
    "memorysetup-allocator-temp-initial-block-size-worker=262144"
    "memorysetup-temp-allocator-size-background-worker=32768"
    "memorysetup-temp-allocator-size-job-worker=262144"
    "memorysetup-temp-allocator-size-preload-manager=33554432"
    "memorysetup-temp-allocator-size-nav-mesh-worker=65536"
    "memorysetup-temp-allocator-size-audio-worker=65536"
    "memorysetup-temp-allocator-size-cloud-worker=32768"
    "memorysetup-temp-allocator-size-gi-baking-worker=262144"
    "memorysetup-temp-allocator-size-gfx=262144"
Player connection [12404]  Target information:

Player connection [12404]  * "[IP] 192.168.100.239 [Port] 0 [Flags] 2 [Guid] 3519937911 [EditorId] 3519937911 [Version] 1048832 [Id] WindowsEditor(7,potata-prime) [Debug] 1 [PackageName] WindowsEditor [ProjectName] Editor" 

Player connection [12404] Host joined multi-casting on [225.0.0.222:54997]...
Player connection [12404] Host joined alternative multi-casting on [225.0.0.222:34997]...
Input System module state changed to: Initialized.
[PhysX] Initialized MultithreadedTaskDispatcher with 12 workers.
Refreshing native plugins compatible for Editor in 14.62 ms, found 4 plugins.
Preloading 0 native plugins for Editor in 0.00 ms.
Initialize engine version: 2022.3.62f3 (96770f904ca7)
[Subsystems] Discovering subsystems at path C:/Program Files/Unity/Hub/Editor/2022.3.62f3/Editor/Data/Resources/UnitySubsystems
[Subsystems] Discovering subsystems at path C:/Users/user/Documents/Unity Projects/Paws/Assets
GfxDevice: creating device client; threaded=0; jobified=0
Direct3D:
    Version:  Direct3D 11.0 [level 11.1]
    Renderer: NVIDIA GeForce RTX 4060 (ID=0x2882)
    Vendor:   NVIDIA
    VRAM:     7957 MB
    Driver:   32.0.15.7680
Initialize mono
Mono path[0] = 'C:/Program Files/Unity/Hub/Editor/2022.3.62f3/Editor/Data/Managed'
Mono path[1] = 'C:/Program Files/Unity/Hub/Editor/2022.3.62f3/Editor/Data/MonoBleedingEdge/lib/mono/unityjit-win32'
Mono config path = 'C:/Program Files/Unity/Hub/Editor/2022.3.62f3/Editor/Data/MonoBleedingEdge/etc'
Using monoOptions --debugger-agent=transport=dt_socket,embedding=1,server=y,suspend=n,address=127.0.0.1:56184
Begin MonoManager ReloadAssembly
Registering precompiled unity dll's ...
Register platform support module: C:/Program Files/Unity/Hub/Editor/2022.3.62f3/Editor/Data/PlaybackEngines/WindowsStandaloneSupport/UnityEditor.WindowsStandalone.Extensions.dll
Registered in 0.005179 seconds.
- Loaded All Assemblies, in  0.271 seconds
Native extension for WindowsStandalone target not found
Mono: successfully reloaded assembly
- Finished resetting the current domain, in  0.207 seconds
Domain Reload Profiling: 477ms
	BeginReloadAssembly (85ms)
		ExecutionOrderSort (0ms)
		DisableScriptedObjects (0ms)
		BackupInstance (0ms)
		ReleaseScriptingObjects (0ms)
		CreateAndSetChildDomain (1ms)
	RebuildCommonClasses (30ms)
	RebuildNativeTypeToScriptingClass (8ms)
	initialDomainReloadingComplete (50ms)
	LoadAllAssembliesAndSetupDomain (97ms)
		LoadAssemblies (84ms)
		RebuildTransferFunctionScriptingTraits (0ms)
		AnalyzeDomain (96ms)
			TypeCache.Refresh (95ms)
				TypeCache.ScanAssembly (85ms)
			ScanForSourceGeneratedMonoScriptInfo (0ms)
			ResolveRequiredComponents (0ms)
	FinalizeReload (207ms)
		ReleaseScriptCaches (0ms)
		RebuildScriptCaches (0ms)
		SetupLoadedEditorAssemblies (173ms)
			LogAssemblyErrors (0ms)
			InitializePlatformSupportModulesInManaged (8ms)
			SetLoadedEditorAssemblies (6ms)
			RefreshPlugins (0ms)
			BeforeProcessingInitializeOnLoad (2ms)
			ProcessInitializeOnLoadAttributes (119ms)
			ProcessInitializeOnLoadMethodAttributes (38ms)
			AfterProcessingInitializeOnLoad (0ms)
			EditorAssembliesLoaded (0ms)
		ExecutionOrderSort2 (0ms)
		AwakeInstancesAfterBackupRestoration (0ms)
========================================================================
Worker process is ready to serve import requests
Caller must complete domain reload
Begin MonoManager ReloadAssembly
- Loaded All Assemblies, in  0.478 seconds
Native extension for WindowsStandalone target not found
Mono: successfully reloaded assembly
- Finished resetting the current domain, in  0.622 seconds
Domain Reload Profiling: 1098ms
	BeginReloadAssembly (105ms)
		ExecutionOrderSort (0ms)
		DisableScriptedObjects (4ms)
		BackupInstance (0ms)
		ReleaseScriptingObjects (0ms)
		CreateAndSetChildDomain (16ms)
	RebuildCommonClasses (25ms)
	RebuildNativeTypeToScriptingClass (8ms)
	initialDomainReloadingComplete (34ms)
	LoadAllAssembliesAndSetupDomain (304ms)
		LoadAssemblies (221ms)
		RebuildTransferFunctionScriptingTraits (0ms)
		AnalyzeDomain (144ms)
			TypeCache.Refresh (125ms)
				TypeCache.ScanAssembly (116ms)
			ScanForSourceGeneratedMonoScriptInfo (13ms)
			ResolveRequiredComponents (4ms)
	FinalizeReload (622ms)
		ReleaseScriptCaches (0ms)
		RebuildScriptCaches (0ms)
		SetupLoadedEditorAssemblies (519ms)
			LogAssemblyErrors (0ms)
			InitializePlatformSupportModulesInManaged (5ms)
			SetLoadedEditorAssemblies (3ms)
			RefreshPlugins (0ms)
			BeforeProcessingInitializeOnLoad (50ms)
			ProcessInitializeOnLoadAttributes (438ms)
			ProcessInitializeOnLoadMethodAttributes (18ms)
			AfterProcessingInitializeOnLoad (6ms)
			EditorAssembliesLoaded (0ms)
		ExecutionOrderSort2 (0ms)
		AwakeInstancesAfterBackupRestoration (5ms)
Launched and connected shader compiler UnityShaderCompiler.exe after 0.04 seconds
Refreshing native plugins compatible for Editor in 8.86 ms, found 4 plugins.
Preloading 0 native plugins for Editor in 0.00 ms.
Unloading 3942 Unused Serialized files (Serialized files now loaded: 0)
Unloading 24 unused Assets / (56.0 KB). Loaded Objects now: 4412.
Memory consumption went from 138.1 MB to 138.0 MB.
Total: 5.575900 ms (FindLiveObjects: 0.477600 ms CreateObjectMapping: 0.236000 ms MarkObjects: 4.754800 ms  DeleteObjects: 0.106800 ms)

AssetImportParameters requested are different than current active one (requested -> active):
  custom:scripting/monoscript/fileName/PreferenceKeys.cs: 7859eba8df811149af48f0f2276a4bdd -> 
  custom:scripting/monoscript/fileName/AbsFilter.cs: eec45da3078262aefb7938df118ad87a -> 
  custom:scripting/monoscript/fileName/FbxAnimCurveKey.cs: 9fbd8256730f9061582d48eb9944b171 -> 
  custom:scripting/monoscript/fileName/FbxConstraintParent.cs: 567cb2edc39ae3219c9b505daf674f7b -> 
  custom:scripting/monoscript/fileName/SmoothGroupEditor.cs: 8bc2610f365dc4634fc8c31ccc969585 -> 
  custom:scripting/monoscript/fileName/BaseBrushUIGroup.cs: f3d79f09b8f41da79d38531e5168ee2f -> 
  custom:scripting/monoscript/fileName/DTSweep.cs: b489dbbdebbb3b9e956ffbc2a0d88071 -> 
  custom:scripting/monoscript/fileName/MeshValidation.cs: 96702c51dfa78152e589ae8ca081a783 -> 
  custom:scripting/monoscript/fileName/EditorHandleUtility.cs: 0ac2d22f358476e1b744f1f8895e1aba -> 
  custom:scripting/monoscript/fileName/NoneFractalType.cs: 25da773c57ca61106ec7fc86eb6373a7 -> 
  custom:scripting/monoscript/fileName/Filter.cs: 44a41dc767ec5f748893880acf05c662 -> 935824dbebf762a19f2d4c4751625fe2
  custom:scripting/monoscript/fileName/VertexPositionEditor.cs: 46d235253e54e23a363ea17144ac2a77 -> 
  custom:scripting/monoscript/fileName/ConnectElements.cs: b040b3cb3e9da34e655bb3a47bd46193 -> 
  custom:scripting/monoscript/fileName/FractalType.cs: f0a68b0494c41002f9f945e7b71b1216 -> 
  custom:scripting/monoscript/fileName/FbxShape.cs: 2a21f02fd9e62c646acad319734f118d -> 
  custom:scripting/monoscript/fileName/MeshHandle.cs: 4fb552a16b062d468ef698bbde7ead52 -> 
  custom:scripting/monoscript/fileName/Spline.cs: 4e387ee563fd6b588142d262df330d27 -> 
  custom:scripting/monoscript/fileName/EditorToolbarLoader.cs: fdf9b8f64a6e826326906d3119503c10 -> 
  custom:scripting/monoscript/fileName/TerrainToolboxUtilities.cs: a5dc108d5220e4b94b4ed137a0e429e4 -> 
  custom:scripting/monoscript/fileName/ShaderUtil.cs: 8aa3744413fbeaaae190f8c6dee6905f -> 
  custom:scripting/monoscript/fileName/DestroyListener.cs: 6be46e6f4b52a4b0718c2fb44268f9ce -> 
  custom:scripting/monoscript/fileName/MirrorObjects.cs: 352699d4a7651efc5cce5eea885082ac -> 
  custom:scripting/monoscript/fileName/ICustomSettings.cs: 4bc47e9c00373f861b48f19fe8f6ae73 -> 
  custom:scripting/monoscript/fileName/FbxNodeAttribute.cs: ad02766235b43e67881cc4772606f552 -> 
  custom:scripting/monoscript/fileName/SmudgeHeight.cs: 1462c04302f0981db09154b1f7d81802 -> 
  custom:scripting/monoscript/fileName/FbxLayerElementTemplateFbxColor.cs: 67fe6682d5c4e04a833c363e4d758dc1 -> 
  custom:scripting/monoscript/fileName/IHasDefault.cs: 01d6444158df331a838a77d2f5fc6309 -> 
  custom:scripting/monoscript/fileName/TriangulationPoint.cs: 32917afe2890c1499ece497286a4d04a -> 
  custom:scripting/monoscript/fileName/FbxExportTimelineAction.cs: e559b4fb29542e203982b9a404316b7b -> 
  custom:scripting/monoscript/fileName/LoadoutInfo.cs: 660f9f99b06f3cfdf56e6fc4f679894f -> 
  custom:container-demuxer-ogg: 62fdf1f143b41e24485cea50d1cbac27 -> 
  custom:scripting/monoscript/fileName/OpenMaterialEditor.cs: e48180fa4e846a1c9510af46c88df99b -> 
  custom:scripting/monoscript/fileName/UVEditor.cs: bb46d5bac7199bd3c17dd891460f80ff -> 
  custom:scripting/monoscript/fileName/FbxManager.cs: 23552d9ea4b9cd586cf62f846c77ccc9 -> 
  custom:scripting/monoscript/fileName/TriangulationContext.cs: c42f2501129644a7463ca94823659aca -> 
  custom:scripting/monoscript/fileName/StripProBuilderScripts.cs: 8d1118df1b038f5729efd517ae8a88bb -> 
  custom:scripting/monoscript/fileName/NoiseLib.cs: b7278e7e0a44a273dd60f7ead0b281ae -> 
  custom:scripting/monoscript/fileName/ExportObj.cs: c18a1561185a459c7d8d09a4d25283a2 -> 
  custom:scripting/monoscript/fileName/Heightmap.cs: b6d87f35c7d6c551db3a13a7afd2d798 -> 
  custom:scripting/monoscript/fileName/FbxAnimCurveBase.cs: 9fe9d6e0aecd8db0e60172d04d297415 -> 
  custom:scripting/monoscript/fileName/Fbx.cs: 7bfebcc1ae7f4cf3cf082b1383ace187 -> 
  custom:scripting/monoscript/fileName/FbxBlendShapeChannel.cs: 3a215ea3695097f400752aee08963ccf -> 
  custom:scripting/monoscript/fileName/ProBuilderAnalytics.cs: 2cd7a59044f39493e703b05f32b66c91 -> 
  custom:scripting/monoscript/fileName/EditorUtility.cs: 7f5f8fc8fe54686322795cdc77449b58 -> e48e64602babe8d4e820c8a476f3e0cb
  custom:scripting/monoscript/fileName/TerrainFillUtility.cs: bb73b867a8925602f4fa7777c7a52e7a -> 
  custom:scripting/monoscript/fileName/LogEditor.cs: 40340fd10eb0d8176aa6afc39bccbaf4 -> 
  custom:scripting/monoscript/fileName/PositionTool.cs: 2fd18bf8664a011c4421990ba96d6342 -> 
  custom:scripting/monoscript/fileName/Smoothing.cs: 330a1dd6217f1894b6d80984c74f9c02 -> 
  custom:scripting/monoscript/fileName/Debug.cs: 4c2f10687bd0c87c831e6811e627e0e6 -> 
  custom:scripting/monoscript/fileName/MergeElements.cs: c9b3400349305ddcd54accbdabf30f58 -> 
  custom:scripting/monoscript/fileName/IBrushUIGroup.cs: c361cdf51dd0f7ebe4a43835a80dab24 -> 
  custom:scripting/monoscript/fileName/ToolbarGroup.cs: 61877aef40bf12b94f4563196b114281 -> 
  custom:scripting/monoscript/fileName/FbxLayerElementTemplateFbxSurfaceMaterial.cs: e1cbaa144cc286681d8503e6027ad7eb -> 
  custom:scripting/monoscript/fileName/FbxPropertyEDecayType.cs: 52925515d890eaaad1885ac2cab26e28 -> 
  custom:scripting/monoscript/fileName/FbxLayerElementUV.cs: 3768c80af8f548fba07e2c5faa6364cd -> 
  custom:scripting/monoscript/fileName/BrushModeSmooth.cs: 9762aefe2e037dcf4702e36265e35152 -> 
  custom:scripting/monoscript/fileName/PolybrushMeshEditor.cs: a5ec6b3755e05d7130319baf99889a45 -> 
  custom:scripting/monoscript/fileName/DelaunayTriangle.cs: 908235f5d5e291f50089ca6a8bdf4c13 -> 
  custom:scripting/monoscript/fileName/BillowNoise.cs: 42426f7a4645fd7a235799b5cdc32b0b -> 
  custom:scripting/monoscript/fileName/FixedBitArray3.cs: bc9279bedd3a6bc1feb5645d9911ddcf -> 
  custom:scripting/monoscript/fileName/ConcavityFilter.cs: c1dd85d05ea4b694d69b549cc2dca1a3 -> 
  custom:scripting/monoscript/fileName/ConnectEdges.cs: 8f686a7fff4566a6aa5be848bd67c552 -> 
  custom:scripting/monoscript/fileName/GrowSelection.cs: de1d66ff5d47fd9485b62f0576610afb -> 
  custom:scripting/monoscript/fileName/DistributionSliderGUI.cs: cd4735ccbcd1478ef10d1340797ec107 -> 
  custom:scripting/monoscript/fileName/pb_Stl_Exporter.cs: a0bbf115d527a544930104c2dcebd300 -> 
  custom:scripting/monoscript/fileName/PaintTextureTool.cs: e6a804b11f28ca65760cf1d61e47057b -> 
  custom:scripting/monoscript/fileName/BrushModePaint.cs: ad731ab0efa5cd31747f925ba0a64283 -> 
  custom:scripting/monoscript/fileName/FbxConstraintRotation.cs: 3333049bba08581233d423cbcae9458d -> 
  custom:scripting/monoscript/fileName/EntityEditor.cs: a91f91f5e306a57ac3e888e91213305d -> 
  custom:scripting/monoscript/fileName/IntVec3.cs: 2c04041d253e07e499b1153625966a9e -> 
  custom:scripting/monoscript/fileName/DTSweepBasin.cs: 245db94975c479306e3cbdfe84d22fb1 -> 
  custom:video-codec-MediaFoundation-h265: 746d11721c4dcdbdad8f713fa42b33f4 -> 
  custom:scripting/monoscript/fileName/GenerateUV2.cs: 7e9f55032cd43909a50ad3d71fd47174 -> 
  custom:scripting/monoscript/fileName/Transform2D.cs: 99c230faf7d8b1d82d86bcfe0bdd121e -> 
  custom:scripting/monoscript/fileName/FbxIOBase.cs: b7908a419727520f0eb24140c7edaad4 -> 
  custom:scripting/monoscript/fileName/Math.cs: d29cb048762ac684bfa2f1f4430774cb -> 
  custom:scripting/monoscript/fileName/UVEditing.cs: 282cce0694f10e0de5a3bd7509995bd0 -> 
  custom:scripting/monoscript/fileName/PolygonSet.cs: 1d5b94bd81a36884686c2f6dc3640c06 -> 
  custom:scripting/monoscript/fileName/EditorShapeUtility.cs: b01457005654bb980604fba5d004d802 -> 
  custom:scripting/monoscript/fileName/ShapeMenuItems.cs: 5f7ac6f810ef27e38f22b209ac1fc203 -> 
  custom:scripting/monoscript/fileName/TextureRotateTool.cs: c2d0baad66e4308f6143c552f0536843 -> 
  custom:scripting/monoscript/fileName/TextureStitching.cs: 282cce0694f10e0de5a3bd7509995bd0 -> 
  custom:scripting/monoscript/fileName/FileUtility.cs: 04beb84589e064b503995a508183ab3a -> 2d70b80c72be1fb3b2b89ce0939e8cef
  custom:scripting/monoscript/fileName/VoronoiNoise.cs: ee0a21c6257a3f0f119e4e766436da28 -> 
  custom:scripting/monoscript/fileName/FbxSkeleton.cs: 5f421fe218c2cb9ba0356a7a8279fbcd -> 
  custom:scripting/monoscript/fileName/Prism.cs: c53bfe8cdbfb08eaf3dbf8c35a208bd4 -> 
  custom:scripting/monoscript/fileName/ExportStlBinary.cs: 5c64685a83bd5cbedf78a40252f3b12d -> 
  custom:scripting/monoscript/fileName/FillHole.cs: 49c97a483d8d6d36ce8ef90c74d4a79f -> 
  custom:scripting/monoscript/fileName/IBrushTerrainCache.cs: 90369d5d4a044058c0a92f0a57cff9cd -> 
  custom:scripting/monoscript/fileName/FbxLayer.cs: 7f5bb0bfd9e60d05e9ff383d46ec8267 -> 
  custom:scripting/monoscript/fileName/FbxFileTexture.cs: 093fe1d8d33acdb09ab59ebb9b725168 -> 
  custom:video-decoder-ogg-theora: a1e56fd34408186e4bbccfd4996cb3dc -> 
  custom:scripting/monoscript/fileName/ConstrainedPointSet.cs: c9342aea7930c4ca55cd85acb4b82d33 -> 
  custom:scripting/monoscript/fileName/PointOnEdgeException.cs: 9e0012c09b9fee63c09ec06c54fbb87d -> 
  custom:scripting/monoscript/fileName/PostProcessPrefabs.cs: 13d01213489803effa3f907206256e3e -> 
  custom:scripting/monoscript/fileName/SelectMaterial.cs: 9a86428319d18f00e00cf559df42df52 -> 
  custom:scripting/monoscript/fileName/TerrainToolboxVisualization.cs: 51cab2dadf57114a9411397e4253d36c -> 
  custom:scripting/monoscript/fileName/FbxScene.cs: 71ae3ce294fa1135cc2c4e9db34b0d1f -> 
  custom:scripting/monoscript/fileName/MenuItems.cs: 0d42edcc13b27bdfaeac15a126e93734 -> 
  custom:scripting/monoscript/fileName/FbxBindingTableEntry.cs: 605bd69e9b5692d5effddbfc32526f7b -> 
  custom:scripting/monoscript/fileName/SharpenPeaksTool.cs: 4c81589f7e304310b9bf07e39770a962 -> 
  custom:scripting/monoscript/fileName/DTSweepEdgeEvent.cs: 0fd87cf929642b86af7d774c6fbe71c0 -> 
  custom:scripting/monoscript/fileName/ContrastTool.cs: 4c1951307605f0beec328a06a898d6af -> 
  custom:scripting/monoscript/fileName/ProGridsInterface.cs: 495262c8bdcccdf28a7c22cd60c9f4e7 -> 
  custom:scripting/monoscript/fileName/PolybrushSettings.cs: 7a86956bdb6482957dafe063643fbd0f -> 
  custom:scripting/monoscript/fileName/HierarchyListener.cs: df959326ae23895096fc25ce5eee65bb -> 
  custom:scripting/monoscript/fileName/PolybrushMesh.cs: b13535429dd7631295d7f30f10258036 -> 
  custom:scripting/monoscript/fileName/Model.cs: 9856304bdbd2e76ecd815f3a6141f1cd -> 
  custom:scripting/monoscript/fileName/EntityVisibility.cs: 813cb3e764ffc83643f0aca9bfa0af07 -> 
  custom:scripting/monoscript/fileName/ExportAsset.cs: 64ea3c10f23669e99308cf5709607fe7 -> 
  custom:scripting/monoscript/fileName/BrushScatterVariator.cs: 4b7c31aad2fb4696955a4c583080b06a -> 
  custom:scripting/monoscript/fileName/TerrainSettings.cs: b5aea35d6e71e77b46eeffa77017f635 -> 
  custom:scripting/monoscript/fileName/PinchHeight.cs: c73bbe9e2240fabf64b31107b1b23686 -> 
  custom:scripting/monoscript/fileName/ProBuilderBridge.cs: 186617cd7b3fcd59d01fb5d92e4d7d07 -> 
  custom:scripting/monoscript/fileName/HydroErosion.cs: 84af384610ac3cf14ed423f2a226188b -> 
  custom:scripting/monoscript/fileName/EditorGUILayout.cs: af6b60ff05c0a0b5e8b12b58eeee0a3d -> 
  custom:scripting/monoscript/fileName/NoiseWindow.cs: 0d20bf0d60a95f1f4ca7bb9fe67398f3 -> 
  custom:scripting/monoscript/fileName/MaxFilter.cs: b81408d5c0bb352d5436a4eace4516b2 -> 
  custom:scripting/monoscript/fileName/ToggleHandleOrientation.cs: ff423b63e0ebde3f2c92755b6b7ee322 -> 
  custom:scripting/monoscript/fileName/EditorSnapping.cs: df92563ba70f0b4fd00aaa62e5c8ce20 -> 
  custom:framework-win-MediaFoundation: 216162199b28c13a410421893ffa2e32 -> 
  custom:scripting/monoscript/fileName/Normal.cs: 8aabbd74ea5a1bafd9f9f458ee31f0ea -> 
  custom:scripting/monoscript/fileName/FbxPropertyEWrapMode.cs: 27e00afb727c68841210366fd4f5c513 -> 
  custom:scripting/monoscript/fileName/SelectEdgeLoop.cs: 2335c8d843b8886988200cdd4d6db849 -> 
  custom:scripting/monoscript/fileName/FbxBlendShape.cs: a98858c64d72c6e061f0cb0d29151c84 -> 
  custom:scripting/monoscript/fileName/PolyGUILayout.cs: a2d931728dcc1c9d50835161d4589cd6 -> 
  custom:scripting/monoscript/fileName/DefaultBrushModifierKeys.cs: 6c3a5d7cd4a937da22e560786986baaa -> 
  custom:scripting/monoscript/fileName/Handles.cs: f2195f809ec78e95742e559ce449999f -> 
  custom:scripting/monoscript/fileName/PrefabAndSettings.cs: 0a674363a29bc97c29543bf4c51859b9 -> 
  custom:scripting/monoscript/fileName/MeshDebugTool.cs: 37611c9d109cb7f09200abdfa0dae3d7 -> 
  custom:scripting/monoscript/fileName/ThermalEroder.cs: 7e69c1378b1cd9cce2a8340a7e2b8578 -> 
  custom:scripting/monoscript/fileName/SplatSet.cs: 8cd131b8adb46833879b9eb4ec56c4d8 -> 
  custom:scripting/monoscript/fileName/FbxPropertyFlags.cs: 31b311a0ff82ed3ccc169e76c482eff1 -> 
  custom:scripting/monoscript/fileName/BrushTarget.cs: 1cebe5f4fedf7901a801065b3aa48d37 -> 
  custom:scripting/monoscript/fileName/HydraulicEroder.cs: 64e38060f50350f17719a98702355076 -> 
  custom:scripting/monoscript/fileName/InsertEdgeLoop.cs: 79633fa178da92a5c6294668ef444484 -> 
  custom:scripting/monoscript/fileName/FbxTimeSpan.cs: 5d2607b0cda668430aeb31b79ceef216 -> 
  custom:scripting/monoscript/fileName/VertexManipulationToolSettings.cs: c46b46378b08a08e84560f649870b305 -> 
  custom:scripting/monoscript/fileName/ExportModelEditorWindow.cs: cf701718ac83fb293467c7c3e1c28063 -> 
  custom:scripting/monoscript/fileName/IExportData.cs: fe9878291c2fc74de885772c14372b76 -> 
  custom:scripting/monoscript/fileName/PolybrushEditor.cs: bb02f12000caf1a044e160301581e313 -> 
  custom:scripting/monoscript/fileName/Util.cs: 8faf186b4bbf64a176189fb2de23bb5e -> 
  custom:scripting/monoscript/fileName/NoiseShaderGenerator.cs: da5831cc2231959a934e78f759d5ded8 -> 
  custom:scripting/monoscript/fileName/ProGridsIgnoreSnap.cs: a6e9a46f7d1ca1bca90f5934e2b8f31e -> 
  custom:scripting/monoscript/fileName/BrushModeRaiseLower.cs: 278f820d50964cad6079414acbcbd89a -> 
  custom:scripting/monoscript/fileName/SelectFaceLoop.cs: 41e1c4627a230cc32925e760a4ea1602 -> 
  custom:scripting/monoscript/fileName/FbxLayerElementTangent.cs: 2b2abf74c10dcaf3633f4d98533e4487 -> 
  custom:scripting/monoscript/fileName/LicenseEditor.cs: 63763a27e13858a79a8d582236d3aff4 -> 
  custom:scripting/monoscript/fileName/ExportModelSettings.cs: 50088f8dc6633493a2439a5a9c1e7481 -> 
  custom:scripting/monoscript/fileName/SelectPathFaces.cs: 80c6b565b5df1b6163de14f2f5623788 -> 
  custom:scripting/monoscript/fileName/ColorPaletteEditor.cs: b4a36a6140cfa45f721e8c6e642dd0be -> 
  custom:scripting/monoscript/fileName/NegateFilter.cs: 7c13689d916cde667e62e8d68c682c17 -> 
  custom:scripting/monoscript/fileName/ShapeState.cs: 3749e2c667cecc0f702ff706b018e886 -> 
  custom:scripting/monoscript/fileName/FbxSurfacePhong.cs: 813b21c1960d4edd5c5f62353114802e -> 
  custom:scripting/monoscript/fileName/PriorityQueue.cs: 0cdf409b5aa8d4c25876d72b5c6a3b60 -> 
  custom:scripting/monoscript/fileName/MaterialEditor.cs: f530beda68d4162ffebd1ab086eac73e -> 
  custom:scripting/monoscript/fileName/ProBuilderToolManager.cs: b1a465d81a664e6bb35ec8ea83bc4b74 -> 
  custom:scripting/monoscript/fileName/BrushTool.cs: 85d9c1772f81bc51861a29793c33aa6f -> 
  custom:scripting/monoscript/fileName/WindErosionTool.cs: c4fabfff0628525ee3df83e562f7560c -> 
  custom:scripting/monoscript/fileName/ObjExporter.cs: c82ccdbcc64a076a13c2f8aab8afbc5a -> 
  custom:scripting/monoscript/fileName/SlopeFilter.cs: e667eecb9e19a65e593fbc4a499591c2 -> 
  custom:scripting/monoscript/fileName/OpenVertexColorEditor.cs: 30ff560893ac054d11bcf5e0433eccba -> 
  custom:scripting/monoscript/fileName/PackageImporter.cs: 1fe0039e0f1efd9d08d3a2da485c6f93 -> 
  custom:scripting/monoscript/fileName/AttributeLayout.cs: 9b89cd2462186d7967cf59ff7451342c -> 
  custom:scripting/monoscript/fileName/UVRenderOptions.cs: cbafaf027c1745bc7e47ed02d4fc6533 -> 
  custom:scripting/monoscript/fileName/TooltipEditor.cs: 051c4adf0743255fa06a6508fb451a66 -> 
  custom:scripting/monoscript/fileName/SemVer.cs: 7dc1c3d122fbe1b513f4ed067a79851c -> 
  custom:scripting/monoscript/fileName/IBrushRotationController.cs: e23e00c29daa2db4793adaf7bb5003c3 -> 
  custom:scripting/monoscript/fileName/NoiseComponentEditor.cs: a42f479c5eae3b41397b90f2a38d3f4a -> 
  custom:scripting/monoscript/fileName/AttributeLayoutJsonEditor.cs: 8988a927113e14ef60e525a5f398a3d9 -> 
  custom:scripting/monoscript/fileName/IntVec4.cs: 4a457fdc2b6edfff9af20f31f74bc367 -> 
  custom:scripting/monoscript/fileName/FbxSurfaceLambert.cs: 913f4d72375b7f7e78565ef67e10c9da -> 
  custom:scripting/monoscript/fileName/FbxLayerContainer.cs: b8551e2966ce622b87cc1c0d7efe8675 -> 
  custom:scripting/monoscript/fileName/ShapeGenerator.cs: 8279205acb8a1e8bdcbaa5ab6a730a68 -> 
  custom:scripting/monoscript/fileName/InternalUtility.cs: b46a4bbee8883c649a48eca82d9c5113 -> 
  custom:scripting/monoscript/fileName/FbxPrefab.cs: 0d37a0275409adc5d549e4d1fc6d5bf7 -> 
  custom:scripting/monoscript/fileName/ConvertToPrefabEditorWindow.cs: 3236649dc377dd18cad8e7f8b876ec5b -> 
  custom:scripting/monoscript/fileName/FbxLayerElementArrayTemplateFbxSurfaceMaterial.cs: 21e550ba2ba7280355bc56f25c8e734e -> 
  custom:scripting/monoscript/fileName/GradientSerializer.cs: 6b7fa6800afb71dec66666b9d562e855 -> 
  custom:scripting/monoscript/fileName/FbxDocument.cs: 0550a92e67733c3dc5a87f70d596a44e -> 
  custom:scripting/monoscript/fileName/FbxPropertyELightType.cs: 4ac91b0f1a9bbd09fc595f357b2c3c6f -> 
  custom:scripting/monoscript/fileName/MenuAction.cs: 898ec4fe99f46e9006b47eb12b400bce -> 
  custom:scripting/monoscript/fileName/FbxQuaternion.cs: 50f937e4494a3493328884eacd695857 -> 
  custom:scripting/monoscript/fileName/FaceRebuildData.cs: 84b2db0355125c47a227c7fa1701067f -> 
  custom:scripting/monoscript/fileName/PreferenceDictionaryEditor.cs: 774f10560422addd57a825e7dbfea984 -> 
  custom:scripting/monoscript/fileName/PolyShapeTool.cs: 7bc678380b9081ce72ddf75ffd2e71dd -> 
  custom:scripting/monoscript/fileName/FbxAMatrix.cs: ceeb6eba84b583e8ed408cffdde01580 -> 
  custom:scripting/monoscript/fileName/FbxBindingTable.cs: 740dc5c493e5cc9529c43633fb8185b3 -> 
  custom:scripting/monoscript/fileName/Plane.cs: 10495ff9b800b2afa8268aeffb6ada07 -> 
  custom:scripting/monoscript/fileName/MeshSelection.cs: 1023d69f6dc6c80d3619702d1b000c52 -> 
  custom:scripting/monoscript/fileName/BuiltinMaterials.cs: f1801187dcebf42d4c70a9f4b283cc9a -> 
  custom:scripting/monoscript/fileName/AutoUVEditor.cs: a2d70cd5a5b723a42dd96d8849970c6c -> 
  custom:scripting/monoscript/fileName/HandleConstraint2D.cs: 0be005422d79e45e5239b3f12629e4ee -> 
  custom:scripting/monoscript/fileName/FbxStatus.cs: e0f858a177f1c1fb39ef05202160624e -> 
  custom:scripting/monoscript/fileName/IconImporter.cs: 2d62c02cc4cb901de901ddb71ac0c829 -> 
  custom:scripting/monoscript/fileName/PrefUtility.cs: 71ce90803e8fdc60b7b4c0d7ea11d3d2 -> 
  custom:scripting/monoscript/fileName/Experimental.cs: 91e9d2d4ec28f211f51aa6b3c2d6addc -> 
  custom:scripting/monoscript/fileName/ProbuilderScaleTool.cs: 2b819c71d43921e551cd144d387df88b -> 
  custom:scripting/monoscript/fileName/FbxMesh.cs: acc21884ec9f91bbf3a8d1f8e7820800 -> 
  custom:scripting/monoscript/fileName/ElementSelection.cs: c68aacab4736cb88931cbda58954f8b2 -> 
  custom:scripting/monoscript/fileName/BakeAdditionalVertexStreams.cs: 0cd348ed4de98c84c7963da5e66b5b47 -> 
  custom:CustomObjectIndexerAttribute: 9a22284fe3817be447336de3de66b15e -> 
  custom:scripting/monoscript/fileName/ConfigurableWindow.cs: 7bb4fff24b9a669048427ac0ab95d6c4 -> 
  custom:scripting/monoscript/fileName/TextureMoveTool.cs: ce8cacc59824d8cf57a35f09c16f8711 -> 
  custom:scripting/monoscript/fileName/SmartConnect.cs: 8e54477dfa9d32f8770b42f4e609398c -> 
  custom:scripting/monoscript/fileName/StrataFractalType.cs: ded195ca740e1d5403d9cd63e10add13 -> 
  custom:scripting/monoscript/fileName/FilterContext.cs: ed947e57b2f8dfddca5bb2ca357713a8 -> 
  custom:scripting/monoscript/fileName/HeightFilter.cs: 93c471cfcb972607d950b4436271ba09 -> 
  custom:scripting/monoscript/fileName/FlipObjectNormals.cs: 5609faa163c9a11dab9cd43e902b823c -> 
  custom:scripting/monoscript/fileName/Edge.cs: 057c878f971a98ac6fecd89263127db8 -> 
  custom:scripting/monoscript/fileName/Globals.cs: be110017fafd9c73fa3c7cb5418284c9 -> 
  custom:scripting/monoscript/fileName/BezierPoint.cs: 34833cc72fdb3a48f1f4d008cbd59fdb -> 
  custom:scripting/monoscript/fileName/ProBuilderShapeEditor.cs: e9de23e6a3e5ceebe7af47bb766a8898 -> 
  custom:scripting/monoscript/fileName/Projection.cs: ed09dc3fa75f6d964258c142443c8e2f -> 
  custom:scripting/monoscript/fileName/EditorHandleDrawingScopes.cs: fa69dc0aae38f933c4768b1a381f6f16 -> 
  custom:scripting/monoscript/fileName/FbxConstraint.cs: bef035e770af75152f9736986a060ae9 -> 
  custom:scripting/monoscript/fileName/NoiseFilter.cs: 26ebbe64769f7ff707c19b1da586af35 -> 
  custom:scripting/monoscript/fileName/MaterialUtility.cs: 39fc2b5fdbf10826d74b00a710dbbd4b -> 
  custom:scripting/monoscript/fileName/BrushModeMesh.cs: 0d383ad89d94110c67474666931f1f36 -> 
  custom:scripting/monoscript/fileName/VectorMask.cs: f37b197a0f2e7d76768feac2551f97f2 -> 
  custom:scripting/monoscript/fileName/BridgeEdges.cs: 7b3cbd3298c1cacf3fd10a2c13fb2858 -> 
  custom:scripting/monoscript/fileName/TwistHeight.cs: 4d6e84dc15af95271f9879bac25b45a0 -> 
  custom:scripting/monoscript/fileName/ExportPly.cs: 570e49f6204b40b7c2281c056489e701 -> 
  custom:scripting/monoscript/fileName/FbxAxisSystem.cs: 3ba61d9c458d48f1830eeaf919a573ab -> 
  custom:scripting/monoscript/fileName/ToggleDragSelectionMode.cs: 6a922485a12d7e52256776f0adc1d3b0 -> 
  custom:scripting/monoscript/fileName/ExportSettings.cs: 4fe3228d8cec84cbd2fe7ccb66c3e931 -> 
  custom:scripting/monoscript/fileName/NativeMethods.cs: 3feaaf1e162570d34e42584823c3cd96 -> 
  custom:scripting/monoscript/fileName/IBrushEventHandler.cs: 648ef116e9374d8323af7e53add8a21d -> 
  custom:scripting/monoscript/fileName/SmartSubdivide.cs: e83627bb1da7bd1a9a208feb135dee35 -> 
  custom:scripting/monoscript/fileName/EdgeLookup.cs: 1933ab40224290e9191c61e11eab2868 -> 
  custom:scripting/monoscript/fileName/TriangulateFaces.cs: 7d58267eca67ed800671b3fe1771472b -> 
  custom:scripting/monoscript/fileName/HandleUtility.cs: 3a2b940ef1063bb7ed90d70b8e902cf5 -> 
  custom:container-demuxer-webm: 4f35f7cbe854078d1ac9338744f61a02 -> 
  custom:scripting/monoscript/fileName/IPriorityQueue.cs: 90647cc400823b41df847a6cbfc29026 -> 
  custom:scripting/monoscript/fileName/BoundsUtility.cs: 9cfbb798a4ff3aff949740a99108a287 -> 
  custom:scripting/monoscript/fileName/SurfaceTopology.cs: 9526d30cd2f928b0eb81e56b5d034cc7 -> 
  custom:scripting/monoscript/fileName/DrawShapeTool.cs: ac1712ae32bc97f8f4f25c7ab7b85183 -> 
  custom:scripting/monoscript/fileName/BrushModePrefab.cs: 97ff9cf27cf7c218e6eeb4707f634ecd -> 
  custom:scripting/monoscript/fileName/DetachFaces.cs: cf9073f1266f2923b20679a1bde3c8c0 -> 
  custom:scripting/monoscript/fileName/FbxCluster.cs: da8abc8a471c252ab20f37672a71294e -> 
  custom:scripting/monoscript/fileName/MergeObjects.cs: 11f6d640a9d3c77be19a9d5930aa559d -> 
  custom:scripting/monoscript/fileName/ShapeState_DrawBaseShape.cs: e0d5b8da05d52dbfb8f12dcc42366618 -> 
  custom:scripting/monoscript/fileName/Cylinder.cs: c1df0163afb2da9cb82c7acacf1ed730 -> 
  custom:scripting/monoscript/fileName/FbxLayerElementBinormal.cs: 79b92f8d75f3392867b4e08b0bc010bc -> 
  custom:scripting/monoscript/fileName/FbxPropertyEGateFit.cs: d574bcd3d387155bb8ad22d046aba357 -> 
  custom:scripting/monoscript/fileName/FbxLayerElementMaterial.cs: 8c9dc6eccc3eb760e041679d54fb684e -> 
  custom:scripting/monoscript/fileName/BlurFilter.cs: 4bded063ee5a1d630a11ba413c1b48a1 -> 
  custom:scripting/monoscript/fileName/ThermalErosionTool.cs: 5f881ed20a33bb3f8edf03dcbde9dd39 -> 
  custom:scripting/monoscript/fileName/ArrayUtility.cs: 1a4a57b6fbdf126f88c3fded2fdb776b -> 
  custom:scripting/monoscript/fileName/NoiseSettingsAssetEditor.cs: 73af756cb55ed1a080c1e5070b684cf8 -> 
  custom:scripting/monoscript/fileName/BrushModeTexture.cs: beb1027957a0f11b7e4308b7086a5289 -> 
  custom:scripting/monoscript/fileName/ProbuilderRotateTool.cs: 46e8d522aca3344981cffc698ba16ada -> 
  custom:scripting/monoscript/fileName/ProBuilderShape.cs: 3618f60e8d988cd8a0d66f0d060fd11a -> 
  custom:scripting/monoscript/fileName/UnwrapParameters.cs: 644d0ce037708f9b6663416e490c0d59 -> 
  custom:scripting/monoscript/fileName/FbxDocumentInfo.cs: 863cb0899b508f7826edd27548c99530 -> 
  custom:scripting/monoscript/fileName/FbxSkin.cs: 72472130cbf13c197e5a2956817d0bbe -> 
  custom:scripting/monoscript/fileName/FbxConstraintAim.cs: 8042fd5ecfe9611849c3efd3eae14f36 -> 
  custom:scripting/monoscript/fileName/ComplementFilter.cs: 8c6d904118843bd7c3ac329072b1e7bf -> 
  custom:scripting/monoscript/fileName/OverlayRenderer.cs: 0388742b1599d907de14c6da1495e0b9 -> 
  custom:scripting/monoscript/fileName/ITriangulatable.cs: 5f8974429dff74ed7b6ecd00071f21a9 -> 
  custom:scripting/monoscript/fileName/FbxLayerElementArrayTemplateFbxVector4.cs: abba7e9bde8ed41768aeb11419eadebe -> 
  custom:scripting/monoscript/fileName/UnityScenePostProcessor.cs: 3af372e3e8128a470ce2c75685918c73 -> 
  custom:scripting/monoscript/fileName/FbxImporter.cs: c3c30d73aea4c9486679b1cb2c42fcc9 -> 
  custom:scripting/monoscript/fileName/DuplicateFaces.cs: 5ac5a69e6f038f9fa1492c8090a28996 -> 
  custom:scripting/monoscript/fileName/IHasPreferences.cs: a5f85efc1fefea988fce750a73fadae7 -> 
  custom:scripting/monoscript/fileName/SelectionPickerRendererHDRP.cs: e1a12a27c7781421a618a7721df48c68 -> 
  custom:scripting/monoscript/fileName/LayerFilter.cs: e077d2014f1431925e82af8979171080 -> 
  custom:scripting/monoscript/fileName/FbxAnimCurveDef.cs: 740d8ae75b4a6076bf9e3e485b5b77f1 -> 
  custom:scripting/monoscript/fileName/ValueNoise.cs: 5fd3e80ed38b7f3cbaad41b4857480dd -> 
  custom:scripting/monoscript/fileName/DTSweepPointComparator.cs: 797b86f3c76f8674cd07c1b4091aebb1 -> 
  custom:scripting/monoscript/fileName/FixedArray3.cs: 90647cc400823b41df847a6cbfc29026 -> 
  custom:scripting/monoscript/fileName/ProBuilderSnapping.cs: 299be986ce6dd2a383c58b87f56cf5bc -> 
  custom:scripting/monoscript/fileName/FbxAnimCurve.cs: 1c6d4e7669f1bc6ab32b5099f00d5d1f -> 
  custom:scripting/monoscript/fileName/MenuToolToggle.cs: 2abf8abff0704256700f4bae8074325c -> 
  custom:scripting/monoscript/fileName/Cone.cs: 3ac9bedd6ed3a29bf5087d05f2c8a2a9 -> 
  custom:scripting/monoscript/fileName/BrushModeSculpt.cs: edc8d8b85023ef5748d55f9a342b38d1 -> 
  custom:scripting/monoscript/fileName/SelectRing.cs: 6912c38cf645b01b143799d78cd61ef1 -> 
  custom:scripting/monoscript/fileName/EntityUtility.cs: b021dbc0e14e8512304615a12fc46603 -> 
  custom:scripting/monoscript/fileName/SubdivideEdges.cs: ea38859c9b60817b797cd0bc73fe7421 -> 
  custom:scripting/monoscript/fileName/EditorToolbarMenuItems.cs: 46058aaf6133ec8b6c96241a03c62a3a -> 
  custom:scripting/monoscript/fileName/ProbuilderMoveTool.cs: 0bc95615dcf63b5cbaf368eee6b40041 -> 
  custom:scripting/monoscript/fileName/TriangulationDebugContext.cs: 87fbe3212c108a097e48e0b9075b23af -> 
  custom:scripting/monoscript/fileName/CutTool.cs: e6300f07efa58b123cc9c4077043e15d -> 
  custom:scripting/monoscript/fileName/FbxAnimCurveNode.cs: 045cd34a26302a4340887f5c3df9fa56 -> 
  custom:scripting/monoscript/fileName/NoiseFieldView.cs: b7a2dbb01a6982fddace5cd39506bf87 -> 
  custom:scripting/monoscript/fileName/TerrainCreationSettings.cs: 498edb7316432962e83cd369d4324ec0 -> 
  custom:scripting/monoscript/fileName/SplitVertices.cs: 30ce1208e3cd3ede28dd939c947c561b -> 
  custom:scripting/monoscript/fileName/ActionResult.cs: 878c00c54fb54c01804190a9d0655ed4 -> 
  custom:scripting/monoscript/fileName/Polygon.cs: 5ac035759c9f8a76e3cbcd97006ade55 -> 
  custom:scripting/monoscript/fileName/BrushSettings.cs: e0c059dbf8095a9b329bb54ea9bbd088 -> 
  custom:scripting/monoscript/fileName/KdTree.cs: fa1071bf87824d896f817aa60401970b -> 
  custom:scripting/monoscript/fileName/ConvertToPrefabSettings.cs: 51fc9323133a3116f2cf5fdc2eaf37af -> 
  custom:scripting/monoscript/fileName/ExportNoiseWindow.cs: 0f5b6bac20cd34fc9fda83fb4100c836 -> 
  custom:scripting/monoscript/fileName/SceneUtility.cs: 437e63f17d37986a83cc39fdecbc1360 -> 
  custom:scripting/monoscript/fileName/TerrainToolUtility.cs: 244a0f70e48dd3483087b7779dcf1761 -> 
  custom:scripting/monoscript/fileName/FbxNull.cs: 36aaf400046069e6292d17219d1c069c -> 
  custom:scripting/monoscript/fileName/OpenUVEditor.cs: cb3d61ee3cb3d622ab4668fb4c46395b -> 
  custom:scripting/monoscript/fileName/FbxEntryView.cs: dda744d71a7635018a7cc355b067f8de -> 
  custom:scripting/monoscript/fileName/DeleteFaces.cs: 6b563d42d9e83bc675dc19702c968415 -> 
  custom:scripting/monoscript/fileName/ExportNoiseGUI.cs: bdf46c6765465a3b579f10c67c7b8bc9 -> 
  custom:scripting/monoscript/fileName/SetCollider.cs: eae49933455a2c9b95713257135e4d8f -> 
  custom:scripting/monoscript/fileName/PrefabPalette.cs: 020ad89cb8deeb7ff64c8fe341cedae5 -> 
  custom:scripting/monoscript/fileName/BezierShape.cs: b5801eb32f53d6731ef1dbd52394d0d7 -> 
  custom:scripting/monoscript/fileName/Changelog.cs: e4a5e52a389250dd1ed5a9c2a15fa8a1 -> 
  custom:scripting/monoscript/fileName/FbxImplementation.cs: 7b47a353c3978648ba37a31403bb9735 -> 
  custom:scripting/monoscript/fileName/pb_Stl_Importer.cs: d65407d7fe02c27f450e320f523317a6 -> 
  custom:scripting/monoscript/fileName/z_AdditionalVertexStreams.cs: 9fd252dcba4c7c9f6d2907502793e3f5 -> 
  custom:scripting/monoscript/fileName/FbxLayerElementTemplateFbxVector4.cs: 33022fe870edf908b370d76dc35c9c8f -> 
  custom:scripting/monoscript/fileName/AdvancingFrontNode.cs: 03e5d4b9222c4095e8449306398434f5 -> 
  custom:scripting/monoscript/fileName/ProBuilderInterface.cs: f687b6f4d626c6ac55e929eee00e1d6d -> 
  custom:scripting/monoscript/fileName/FbxPropertyEBlendMode.cs: b3f5b36afebc764d62687b9487a92855 -> 
  custom:scripting/monoscript/fileName/ProBuilderize.cs: 006fb89e624c26dbea4b2af78139477c -> 
  custom:scripting/monoscript/fileName/TerrainToolboxSettings.cs: 6c9485898c1d0d4e212a8c7253774f20 -> 
  custom:scripting/monoscript/fileName/CommonEdge.cs: 62a0f10b1b5f789c5f3080b78656547e -> 
  custom:scripting/monoscript/fileName/DeleteElements.cs: 4c13bc6aa328361166e449ea1ebb36f9 -> 
  custom:scripting/monoscript/fileName/Door.cs: 01c9614e23978f328b71d053948f991a -> 
  custom:container-muxer-webm: aa71ff27fc2769a1b78a27578f13a17b -> 
  custom:scripting/monoscript/fileName/PolyMesh.cs: 0a933c4b0e6fac014dea4a50ccafb456 -> 
  custom:scripting/monoscript/fileName/FbxCollection.cs: a7719a3c7d0f9755fa5160248c6f774d -> 
  custom:scripting/monoscript/fileName/TerrainPalette.cs: 442c8043e3a423e9bfc363913f2310bc -> 
  custom:scripting/monoscript/fileName/BrushSpacingVariator.cs: fffe8cd5ea384ad91e99ec1323918e4a -> 
  custom:scripting/monoscript/fileName/VertexManipulationTool.cs: 285f01fa4b22517173c175fb8dc94e60 -> 
  custom:scripting/monoscript/fileName/VertexUtility.cs: 052e4b725d8884d92d676e6d212b34e9 -> 
  custom:scripting/monoscript/fileName/RemapFilter.cs: 239f78308a6dad0764aa10ce8b541586 -> 
  custom:scripting/monoscript/fileName/EditorToolsContexts.cs: 2d17066c287657c5db318975da74e7af -> 
  custom:scripting/monoscript/fileName/CloneBrushTool.cs: 5d261fbce7065a31431e535fdc703077 -> 
  custom:scripting/monoscript/fileName/Version.cs: 2ea90d0bd9a7e2100b7bd9e5a7cff1d5 -> 
  custom:scripting/monoscript/fileName/ObjectPool.cs: 90647cc400823b41df847a6cbfc29026 -> 
  custom:scripting/monoscript/fileName/SubMesh.cs: c705873f5fbdc7fc35376f4b71cd91a3 -> 
  custom:scripting/monoscript/fileName/PowerFilter.cs: 3f83b308f8aa1802eb1e2d6a05319c53 -> 
  custom:video-decoder-webm-vp8: 9c59270c3fd7afecdb556c50c9e8de78 -> 
  custom:scripting/monoscript/fileName/FbxRotationCurve.cs: b3d987039abb603e65dafcc714be9395 -> 
  custom:scripting/monoscript/fileName/ShaderMetaDataUtility.cs: 0f68828362ed09bc31792cb99e3af962 -> 
  custom:scripting/monoscript/fileName/PolyAsset.cs: bbbee96ae71f7894696168a6e787ec75 -> 
  custom:scripting/monoscript/fileName/FbxNurbsCurve.cs: 7351470297bac997ad5edd9cd3f442bd -> 
  custom:scripting/monoscript/fileName/ToggleSelectBackFaces.cs: cd800d355c36b0670ead69c584432936 -> 
  custom:scripting/monoscript/fileName/MultiplyFilter.cs: dd63ab1d299eac3771ba4417ba375f67 -> 
  custom:scripting/monoscript/fileName/MinFilter.cs: 2c244a65e7fa98d1553885f153f1aceb -> 
  custom:scripting/monoscript/fileName/IBrushSmoothController.cs: 6eba50a9110366b69fa8939e6df9659e -> 
  custom:scripting/monoscript/fileName/EditorStyles.cs: d933620442e94f395abad499f0a07844 -> 
  custom:scripting/monoscript/fileName/PrefabLoadoutEditor.cs: 56c8937838f8f6e498a5c031b5c9e8b2 -> 
  custom:scripting/monoscript/fileName/IconUtility.cs: 81e7ae93b6e16efdad5e6106b1358486 -> 
  custom:scripting/monoscript/fileName/FbxPropertyChannelPair.cs: 762d796c1a9204bcde8e30ce0bfeb4d9 -> 
  custom:scripting/monoscript/fileName/FbxGeometry.cs: 48013c33c3d7f63d61eeadad3653c3fa -> 
  custom:scripting/monoscript/fileName/FbxDataType.cs: 8afa2284a1d3520c6c7b056b41c013dd -> 
  custom:scripting/monoscript/fileName/IntVec2.cs: 08f3ad76946da3616135c08e32f0dd9a -> 
  custom:scripting/monoscript/fileName/FbxLayerElementVertexColor.cs: a848de8bf2124bd81bf8bcb7a2d65b0d -> 
  custom:scripting/monoscript/fileName/PointSet.cs: 856b6b7048d351f3361fd73be98c133e -> 
  custom:scripting/monoscript/fileName/GeneratedShaderInfo.cs: e2948832f770475796b32f4675121e14 -> 
  custom:SearchIndexIgnoredProperties: e643bd26f0fe6173181afceb89e7c659 -> 
  custom:scripting/monoscript/fileName/FbxDouble4x4.cs: ae149be842cc8e03152b34b334239b73 -> 
  custom:scripting/monoscript/fileName/SelectionPickerRenderer.cs: ebb4947fce4540eba10b7d1df3164b8c -> 
  custom:scripting/monoscript/fileName/Extrude.cs: 34a5e82da627ee072b8b3873fd02e1ab -> 
  custom:AudioImporter_EditorPlatform: d09bf68614088b80899f8185d706f6e7 -> 
  custom:scripting/monoscript/fileName/PolybrushSettingsProvider.cs: 3c64d14a3715108eee2d8c87a1464b1e -> 
  custom:scripting/monoscript/fileName/ReflectionUtility.cs: bc1f54119a20b567a654dbc9d2a6ed7f -> 
  custom:scripting/monoscript/fileName/AspectFilter.cs: fb0af1ff0282a61b75d780590b69db91 -> 
  custom:scripting/monoscript/fileName/FbxPropertyFloat.cs: c363c4af4c6e907f7bd3c82665343894 -> 
  custom:scripting/monoscript/fileName/EditableObject.cs: d43824d7166c8897567beda97b909355 -> 
  custom:scripting/monoscript/fileName/ComponentIndex.cs: 39b22662a9da5e85c836f667f01f70c7 -> 
  custom:scripting/monoscript/fileName/LightmapUVEditor.cs: 4a5ea877356561228eed906adcd3bedb -> 
  custom:scripting/monoscript/fileName/PreferencesUpdater.cs: 83612b3eb5c9f939088fe8899554f47b -> 
  custom:scripting/monoscript/fileName/FbxLayerElementNormal.cs: 26c5093132973342a1cf62e727ceabf9 -> 
  custom:scripting/monoscript/fileName/PrefabPaletteEditor.cs: 5692ef0c2f7b13184145c5b987dfcc29 -> 
  custom:scripting/monoscript/fileName/FbxIOPluginRegistry.cs: 80f28650270352b658e89584ba53cf78 -> 
  custom:scripting/monoscript/fileName/Arch.cs: b067ac6b52031bd7322d6f3511ad169c -> 
  custom:scripting/monoscript/fileName/FbxConstraintPosition.cs: d2eff2c9ae30cc45f159fb343326a38b -> 
  custom:scripting/monoscript/fileName/FbxEmitter.cs: d089011a2111ed9ba11a9c8860650eb8 -> 
  custom:scripting/monoscript/fileName/ConnectVertices.cs: 8257d8a693dec45e625c35a99914af6f -> 
  custom:scripting/monoscript/fileName/NoiseUtils.cs: faeef5320eb33c91850ada4ff1b45027 -> 
  custom:scripting/monoscript/fileName/FbxMatrix.cs: 2c5d11da739bae5ab7a9e6287e3f635f -> 
  custom:scripting/monoscript/fileName/EntityBehaviour.cs: 7a0182fad58e8b86f5d1052d96507e02 -> 
  custom:scripting/monoscript/fileName/ColorMask.cs: a25e82598c03d90bc54d67eeaeb16981 -> 
  custom:scripting/monoscript/fileName/FbxExporterRepairMissingScripts.cs: 820d40b5e304f02a2207f1df5b1786dd -> 
  custom:scripting/monoscript/fileName/Entity.cs: 46f49b609c478dd10de66061000fec95 -> 
  custom:scripting/monoscript/fileName/ProBuilderEditor.cs: 2dba96b7748ca8a4b559fcb455a58b78 -> 
  custom:scripting/monoscript/fileName/FbxDoubleTemplates.cs: 1f4bbdb65eab2cdcb62f8165d2d82517 -> 
  custom:scripting/monoscript/fileName/MeshTransform.cs: 558feaf5ce4456f3514221266af9489f -> 
  custom:scripting/monoscript/fileName/ExportStlAscii.cs: 9a4dfdfba98097a3c691a44b59f67ad6 -> 
  custom:scripting/monoscript/fileName/SplatWeightEditor.cs: 97d595152c4387609ea4f2515eb6fcb7 -> 
  custom:scripting/monoscript/fileName/CenterPivot.cs: 0540fa0c3bb9c7b452e63f89e313456c -> 
  custom:scripting/monoscript/fileName/OffsetElements.cs: 112aeff604960ea9032670cfb4a87fc1 -> 
  custom:scripting/monoscript/fileName/IBrushRenderWithTerrain.cs: cf6f1366b8d01719796bb34375dff90e -> 
  custom:scripting/monoscript/fileName/AppendElements.cs: 48197571f7c160b8c47e348465caee55 -> 
  custom:scripting/monoscript/fileName/IKdTree.cs: 90647cc400823b41df847a6cbfc29026 -> 
  custom:scripting/monoscript/fileName/CSG.cs: fddebc96510ce08c125abace9d05eafd -> 
  custom:scripting/monoscript/fileName/DetailsScatterTool.cs: e6f6e1739db2e6af452adcd451b1bac2 -> 
  custom:scripting/monoscript/fileName/ProBuilderEditorShortcuts.cs: 2e87be32c8a93b1377e99b0795a6bb9d -> 
  custom:scripting/monoscript/fileName/FbxLayerElementTemplateFbxVector2.cs: d2cb18b2db40df38e585413819958705 -> 
  custom:scripting/monoscript/fileName/TerrainToolsAnalytics.cs: 65cc3f66f269f7f523161150ae21c342 -> 
  custom:scripting/monoscript/fileName/ProBuilderMenuActionAttribute.cs: 3674968d5ee67384faaf101c9d3dcda8 -> 
  custom:scripting/monoscript/fileName/SimpleTuple.cs: 0cdf409b5aa8d4c25876d72b5c6a3b60 -> 
  custom:scripting/monoscript/fileName/SetTrigger.cs: 286b69f4327b4c46524ba1c15eb198ce -> 
  custom:scripting/monoscript/fileName/Vertex.cs: c33a8579f06fb5ec710638da284dce30 -> 
  custom:scripting/monoscript/fileName/Triangle.cs: 38f2dea2cbf63a10d865b3c93a929d93 -> 
  custom:scripting/monoscript/fileName/P2T.cs: 0aa69cc22c33e17e24d809b0c56993bc -> 
  custom:scripting/monoscript/fileName/OpenLightmapUVEditor.cs: 1e75a505fb05c16310e33b72465177ef -> 
  custom:scripting/monoscript/fileName/ErosionUtility.cs: d23fb9b5d906b1cad40cc60e934bb2ac -> 
  custom:scripting/monoscript/fileName/BrushJitterHandler.cs: fb326f0fb299994955e1d208d56f8fa5 -> 
  custom:scripting/monoscript/fileName/Shape.cs: 0c1bd185dc308e7f1b0ad86de0300f5a -> 
  custom:scripting/monoscript/fileName/FbxLayerElementArrayTemplateInt.cs: 6ef48c5951f82f75d16dff92ec083434 -> 
  custom:scripting/monoscript/fileName/SplatWeight.cs: e12e48d501be17a1969934095154e7e6 -> 
  custom:scripting/monoscript/fileName/IBrushSpacingController.cs: 87c16920c3444812b8c039df8e539072 -> 
  custom:scripting/monoscript/fileName/IValid.cs: 27e1a7910f7152539582dd746f0a479a -> 
  custom:scripting/monoscript/fileName/SceneDragAndDropListener.cs: 07a111f362d027d85d45bdb7a902f14e -> 
  custom:scripting/monoscript/fileName/Cube.cs: adf8d58792eaf50687787b68f170b6d6 -> 
  custom:scripting/monoscript/fileName/FbxProperty.cs: 3819dd05a82badd129a7f6e365473927 -> 
  custom:scripting/monoscript/fileName/Eroder.cs: f6882f2a548240ebabdfee90e26d61a0 -> 
  custom:scripting/monoscript/fileName/TerrainToolboxLayer.cs: 754aecac0474dff6a654507c8effe965 -> 
  custom:scripting/monoscript/fileName/Face.cs: a341fcdb31a7309723bdeb224f913433 -> 
  custom:scripting/monoscript/fileName/ProBuilderMeshPreview.cs: 2c7c631c64eeea962429990f92666a51 -> 
  custom:scripting/monoscript/fileName/SelectEdgeRing.cs: a765561d8bccdd9a6baf3be3ef9ae6db -> 
  custom:scripting/monoscript/fileName/Stairs.cs: 172b180c42a148fadf6415c52210a729 -> 
  custom:scripting/monoscript/fileName/FbxSystemUnit.cs: 3295634c7fc9bdf2758f5d5c17ce2c9f -> 
  custom:scripting/monoscript/fileName/FbxTransform.cs: 23a8d5f81f4b3a51c97bab2fcfe349f0 -> 
  custom:scripting/monoscript/fileName/DTSweepConstraint.cs: d620e55901dd883c92623a89c42030d5 -> 
  custom:scripting/monoscript/fileName/PreferencesInternal.cs: bfcfc9829daeeacc6e112df0986f85a6 -> 
  custom:scripting/monoscript/fileName/VersionValidator.cs: bbb65e8a50d52b88a89cdeafda2af2f0 -> 
  custom:scripting/monoscript/fileName/UvAutoManualConversion.cs: 762f54589cdc906e3e1c04a57cf8ef9a -> 
  custom:scripting/monoscript/fileName/SelectVertexColor.cs: 7f0acb641efa7529c84cdbc924192168 -> 
  custom:scripting/monoscript/fileName/PolyEdge.cs: 45320c7be4fae1b068438d4e6bc5b336 -> 
  custom:scripting/monoscript/fileName/FbxPropertyNullELook.cs: b3c41a31e7c05e33d492c05e29faefd0 -> 
  custom:scripting/monoscript/fileName/SelectFaceRing.cs: 3c7218fc27e261315951073ae7a7ef33 -> 
  custom:scripting/monoscript/fileName/SelectHole.cs: 331dc98cef43e5c9a3f6963fcc1bfe76 -> 
  custom:scripting/monoscript/fileName/ConformFaceNormals.cs: 05b09c7c65b09cbd069b7d54a7757b98 -> 
  custom:scripting/monoscript/fileName/FbxBindingTableBase.cs: b215adae3ec7fbfda953323d2a2d2314 -> 
  custom:scripting/monoscript/fileName/ShapeFactory.cs: 0502fb9700fa7e8a16f4ae24254c8fb0 -> 
  custom:scripting/monoscript/fileName/FbxLayerElementArrayTemplateFbxColor.cs: 5152d886d8a25c3888aae80f96bce43d -> 
  custom:scripting/monoscript/fileName/ZoomOverride.cs: 7c310863cacc8aa98eaa83358cc868f4 -> 
  custom:scripting/monoscript/fileName/ComputeUtility.cs: 3377ececa5b8f78274f4b404ca1e56f3 -> 
  custom:scripting/monoscript/fileName/MirrorSettingsEditor.cs: 033e9fb698bac953886bdede9bf9f483 -> 
  custom:scripting/monoscript/fileName/OptimizeHeightRange.cs: 33cd2a6f98a1fc3e3692f3dd5a328559 -> 
  custom:scripting/monoscript/fileName/HlslDescriptions.cs: 2e5c0ec6d81804374463b441c6144b12 -> 
  custom:scripting/monoscript/fileName/FbxIOSettings.cs: 3fd153d39b55fff27e36563685561a58 -> 
  custom:scripting/monoscript/fileName/NearestNeighbourList.cs: 0cdf409b5aa8d4c25876d72b5c6a3b60 -> 
  custom:scripting/monoscript/fileName/PreviewDatabase.cs: edee20e34a1ca90f8a6d44fe594dc7f8 -> 
  custom:scripting/monoscript/fileName/IBrushController.cs: 2c9ed248ab1dc4dc1a8342a91b58bb95 -> 
  custom:scripting/monoscript/fileName/RidgeNoise.cs: ccf89751d2894a59fb771f5c3ce128d2 -> 
  custom:scripting/monoscript/fileName/MenuActionShortcutAttribute.cs: 8ee1e1f0f987fedec31fbb0f30bf1447 -> 
  custom:scripting/monoscript/fileName/MenuOption.cs: ec547da010b1f775387dac0d6dfc2379 -> 
  custom:scripting/monoscript/fileName/Normals.cs: 2fceabbe4457a8c2cd17103527fc3999 -> 
  custom:scripting/monoscript/fileName/FbxMarker.cs: f0c12d9017c19e89cf779f137b396c51 -> 
  custom:scripting/monoscript/fileName/BrushShortcutHandler.cs: 90647cc400823b41df847a6cbfc29026 -> 
  custom:scripting/monoscript/fileName/ExportEmptyFbx.cs: cd15797793c8de7703f841d592f40745 -> 
  custom:scripting/monoscript/fileName/BevelEdges.cs: 900660c27c5ca8704eace46fcb229e08 -> 
  custom:scripting/monoscript/fileName/FbxExporter.cs: 14d203fdccc1574fb517ce4360deed0b -> 
  custom:scripting/monoscript/fileName/PolygonPoint.cs: 5deffe9741b5d71ba54cbaa302167698 -> 
  custom:scripting/monoscript/fileName/ToolboxHelper.cs: dbd204f22d75718cc368defb63c01120 -> 
  custom:scripting/monoscript/fileName/DimensionsEditor.cs: ec4125bca3b24bfc179b302c1fca5bf2 -> 
  custom:scripting/monoscript/fileName/PointGenerator.cs: a1aa7e0803f517e32a9376a405ccf247 -> 
  custom:scripting/monoscript/fileName/SelectionPicker.cs: 0497fef85e2b96a812879276bdcae9cf -> 
  custom:scripting/monoscript/fileName/PaintHeightTool.cs: 3c73e63bf78c395ca6006c67bab6dede -> 
  custom:scripting/monoscript/fileName/HydraulicErosionSettings.cs: ef4c5763f4fa0ad6b8fa4119fe4f1dbd -> 
  custom:scripting/monoscript/fileName/ProBuilderMeshEditor.cs: 409e7369087b8f191734315fac6dc594 -> 
  custom:scripting/monoscript/fileName/ConformObjectNormals.cs: ea6076ebe43da4b8ba6bcf8b94771359 -> 
  custom:scripting/monoscript/fileName/PolyShapeEditor.cs: fe3b7706705ed3c4dd84e573dcfcf6ed -> 
  custom:scripting/monoscript/fileName/FbxPropertyInt.cs: 6df0f2671e699b6498dcabcaa8c11ccd -> 
  custom:scripting/monoscript/fileName/FilterStackEditor.cs: 5cfe9165094bfe24e8679354fbf3353e -> 
  custom:scripting/monoscript/fileName/NoiseComponent.cs: faac9ad071075a736b49e9501682bff0 -> 
  custom:scripting/monoscript/fileName/EditorSceneViewPicker.cs: 13df4fde3106db2f1cf39c7820e34ef1 -> 
  custom:scripting/monoscript/fileName/TerrainGroup.cs: d28e044962126e2fa219bbc37336fe18 -> 
  custom:scripting/monoscript/fileName/BrushMirror.cs: 900f96e57d476b8480556e2883774ffd -> 
  custom:scripting/monoscript/fileName/FbxSubDeformer.cs: f5160f8ddaa4b846839699b92041e395 -> 
  custom:scripting/monoscript/fileName/PerlinNoise.cs: f085172d1d085480f961f1bc9b17d375 -> 
  custom:scripting/monoscript/fileName/IBrushSizeController.cs: a8dfdaac0314a368de1885929b574f29 -> 
  custom:scripting/monoscript/fileName/PolyShape.cs: 68d98358b4f6d4a567396bfd2d8fb6a8 -> 
  custom:scripting/monoscript/fileName/pb_ObjectArray.cs: 23d64ec5390756f20b8935c6d27ae727 -> 
  custom:scripting/monoscript/fileName/Triangulation.cs: 09054241e6b66b6bff40ad35686c73c1 -> 
  custom:scripting/monoscript/fileName/BrushRenderWithTerrainUiGroup.cs: 28abd307e1aeeb8776dc5c8c9af0228b -> 
  custom:scripting/monoscript/fileName/MirrorSettings.cs: 253af48b43d6bcbf1cd0c60207c381e7 -> 
  custom:scripting/monoscript/fileName/EditorMaterialUtility.cs: b048d9073a287734afa3e8a672786fb9 -> 
  custom:scripting/monoscript/fileName/OpenVertexPositionEditor.cs: 8383d3bdff3fd2a102f368cd27c823e5 -> 
  custom:scripting/monoscript/fileName/TerrainToolsShaderImporter.cs: 8ec1f896531cfc761ca14d07d2628d75 -> 
  custom:scripting/monoscript/fileName/WindEroder.cs: e01803fb8046a3bccb677e259da160b8 -> 
  custom:scripting/monoscript/fileName/DefaultBrushUIGroup.cs: 9a4ee807c9986c373bc11882e51d4f13 -> 
  custom:scripting/monoscript/fileName/PolygonGenerator.cs: 2aafe12f9c6b9da7c8245101147d5dd8 -> 
  custom:scripting/monoscript/fileName/SelectLoop.cs: 03ac0ad9679c503b1c8b7fe6c371f29c -> 
  custom:scripting/monoscript/fileName/BezierSplineEditor.cs: 3ad6df2b7420af9029add9cd3b037737 -> 
  custom:scripting/monoscript/fileName/Sphere.cs: fc1a890637c16d42bea0288fac0d32cf -> 
  custom:scripting/monoscript/fileName/VertexPositioning.cs: 72fdeca4b408d9862267b32f667e1074 -> 
  custom:scripting/monoscript/fileName/ColorPalette.cs: b6e5c149eac810eae44b02c730ce4857 -> 079510324a1c49ced22d2a909747c573
  custom:scripting/monoscript/fileName/VectorHash.cs: 73efb1b59aa72f6931fc7c991c4eeae6 -> 
  custom:scripting/monoscript/fileName/FbxSurfaceMaterial.cs: eb900b126346156d69160840468ae69c -> 
  custom:scripting/monoscript/fileName/FbxNode.cs: 19ee172d8b678ec052a7c50adc93089f -> 
  custom:scripting/monoscript/fileName/FbxPropertyDouble.cs: 86532092f8e5ac4165190f00bc6ddac1 -> 
  custom:scripting/monoscript/fileName/FbxLimits.cs: 88b1e072f91c043e0a42a1ace2ad849c -> 
  custom:scripting/monoscript/fileName/FbxPropertyDouble3.cs: 7214a26730fd8b30e98740c4804cff61 -> 
  custom:scripting/monoscript/fileName/FbxPropertyEProjectionType.cs: 1f2afeb1b2c72f62924f8d131875efd5 -> 
  custom:scripting/monoscript/fileName/FlipFaceNormals.cs: b425fafc3a8e4b16ac0ff7feea8fc66b -> 
  custom:scripting/monoscript/fileName/AssetIdRemapEditor.cs: c3f34756c8a6598c4cf15f5e847bf414 -> 
  custom:scripting/monoscript/fileName/TriangulateObject.cs: 552194489d8ee542e612ed9b3681ec44 -> 
  custom:scripting/monoscript/fileName/DoubleMath.cs: d3a713d6df919a256ea9b090c3b84b43 -> 
  custom:scripting/monoscript/fileName/AdvancingFront.cs: ba4e7f8c74fb24a84261ff39b2535119 -> 
  custom:scripting/monoscript/fileName/FbxTexture.cs: f97a3797113512f7d0d907cbda6684fc -> 
  custom:scripting/monoscript/fileName/FbxPose.cs: 88c58779797f89edb2d34cfb8d39c646 -> 
  custom:video-encoder-webm-vp8: eb34c28f22e8b96e1ab97ce403110664 -> 
  custom:scripting/monoscript/fileName/FbxPropertyEInheritType.cs: d98edf98fb0d376c66dfc7407ff7569f -> 
  custom:scripting/monoscript/fileName/RndVec3.cs: 0823606673dce2b8dfd547046891a6c9 -> 
  custom:scripting/monoscript/fileName/WingedEdgeEnumerator.cs: adbd097edcaa08879624b3dbf9fed71f -> 
  custom:scripting/monoscript/fileName/HyperRect.cs: 90647cc400823b41df847a6cbfc29026 -> 
  custom:scripting/monoscript/fileName/ColorUtility.cs: d3a18077d0d39afd62dec292c83f0dfc -> d200961113112fafc99dca6b1317a37b
  custom:scripting/monoscript/fileName/FloatMath.cs: 0fe73a55cac7bdb87b1e039ac908242b -> 
  custom:scripting/monoscript/fileName/UvUnwrapping.cs: 6dc18e949826aea52a2968ed7b10cc47 -> 
  custom:scripting/monoscript/fileName/FbxConstraintScale.cs: bceae67b357d03a6f01e0d2a41c8fe70 -> 
  custom:scripting/monoscript/fileName/RepairActions.cs: c98caac95a1bd550b46a8909c4bd3f4b -> 
  custom:scripting/monoscript/fileName/BrushRenderUIGroupUnderCursor.cs: 1f9c25dc6fe37aa84c0261e472067510 -> 
  custom:scripting/monoscript/fileName/ShrinkSelection.cs: fe8a97f4f165a36f66e0120cfbdfd1a0 -> 
  custom:scripting/monoscript/fileName/WeldVertices.cs: 150ff8957179426a96725d6e78b916cf -> 
  custom:audio-decoder-ogg-vorbis: bf7c407c2cedff20999df2af8eb42d56 -> 
  custom:scripting/monoscript/fileName/pb_Stl.cs: 9b07f4f149309491c5f1435ec678ae63 -> 
  custom:scripting/monoscript/fileName/VertexColorPalette.cs: e5d6bcbfe423cc4ee23c4be5f46b1637 -> 
  custom:scripting/monoscript/fileName/BridgeTool.cs: c627f7a34c31e430863f213b336e3138 -> 
  custom:scripting/monoscript/fileName/MeshHandles.cs: 9078a2010039bebdb66a21ef9e570477 -> 
  custom:scripting/monoscript/fileName/Pipe.cs: 5ab339b2fd460f209f184462230f3149 -> 
  custom:scripting/monoscript/fileName/MeshPreview.cs: ea4f563f2835c56d60266511e2be4910 -> 
  custom:scripting/monoscript/fileName/FbxLayerElement.cs: dab154f20ea89abf2af8fdd1c43afd0e -> 
  custom:scripting/monoscript/fileName/ConvertToNestedPrefab.cs: 442c41c99487f072ce4f79d90127da06 -> 
  custom:scripting/monoscript/fileName/TextureTool.cs: 993795ee2a60353f3a850d19c84178be -> 
  custom:scripting/monoscript/fileName/EditorMeshUtility.cs: 07524f479fd6253ffe9cec9107fd0db3 -> 
  custom:scripting/monoscript/fileName/TerrainGroupInspector.cs: 2b484e51159ff5010975334ffff60ec0 -> 
  custom:scripting/monoscript/fileName/HandleGUI.cs: d5e044de315c4ae729548743aabbcc7c -> 
  custom:scripting/monoscript/fileName/Export.cs: 078559a78b86060d1b211241c5c67779 -> 
  custom:scripting/monoscript/fileName/AddFilter.cs: 871403347470489ae58c5fe0134bced0 -> 
  custom:scripting/monoscript/fileName/BrushRotationVariator.cs: 310fd28aa8d1088e0dcac5fcda274b4b -> 
  custom:scripting/monoscript/fileName/DTSweepContext.cs: 2981771f565ec1526dc5d821e460f88f -> 
  custom:scripting/monoscript/fileName/FilterStack.cs: cbb178e0e5f8c9269c19fe65f4a650fb -> 
  custom:scripting/monoscript/fileName/NoiseFillShaderGenerator.cs: 78dcb01bb90aad146b4765bd2347cd83 -> 
  custom:scripting/monoscript/fileName/PreferenceDictionary.cs: f86da59410ee2da02b27cdab0b14d588 -> 
  custom:scripting/monoscript/fileName/FbxPropertyEntryView.cs: 44e13baac7c841e4a620a4c82f1c75fd -> 
  custom:scripting/monoscript/fileName/NoiseTemplateImporter.cs: b873a1f5be0140b678ef587728f04b55 -> 
  custom:scripting/monoscript/fileName/FbxPropertyEAreaLightShape.cs: 07528d7283f9e29a60acbba21cbbc01e -> 
  custom:scripting/monoscript/fileName/TriggerBehaviour.cs: 9e9b28603c1443f5d61fd91ef7ccbf86 -> 
  custom:scripting/monoscript/fileName/ProBuilderMeshFunction.cs: 90647cc400823b41df847a6cbfc29026 -> 
  custom:scripting/monoscript/fileName/TooltipContent.cs: ebba672cca5b3ad7206f389dac2aaebf -> 
  custom:scripting/monoscript/fileName/FbxGlobalSettings.cs: 5a71ade068c99f9827828d54891eac38 -> 
  custom:scripting/monoscript/fileName/IBrushRenderUnderCursor.cs: 6532e36aa0b5583c5a82fe0dafb29142 -> 
  custom:scripting/monoscript/fileName/CameraVisitor.cs: 48db874b39f8e385ca58be5a45f5fa5a -> 
  custom:scripting/monoscript/fileName/TerrainToolGUIHelper.cs: efaf61c0465611c889a53bb12260cfc2 -> 
  custom:scripting/monoscript/fileName/FbxConnection.cs: c29cd84f9c806c9ea605731e79167951 -> 
  custom:scripting/monoscript/fileName/FbxPropertyString.cs: d0a70ad46a27988a0de613fe0dfe1101 -> 
  custom:scripting/monoscript/fileName/ClampFilter.cs: 28c4a03461ff057ab8b6edef6965bacc -> 
  custom:scripting/monoscript/fileName/EdgeUtility.cs: 1a660714836b36f59bcd2ddafecfe565 -> 
  custom:scripting/monoscript/fileName/SelectionUtility.cs: 92d2eece3ee87ab27a4e71ba6256b756 -> 
  custom:scripting/monoscript/fileName/FbxGeometryBase.cs: b80921b904337d64836aab1315c4d8e6 -> 
  custom:scripting/monoscript/fileName/FbxAnimCurveFilterUnroll.cs: ca0ada5a99f9d147676f2f2da1ce17d5 -> 
  custom:scripting/monoscript/fileName/NoiseSettings.cs: deb34e83d263704954b02d41a650d753 -> 
  custom:scripting/monoscript/fileName/ScriptingSymbolManager.cs: 9f4ebf1856d93cebe044158f23b01e0b -> 
  custom:scripting/monoscript/fileName/TerraceErosion.cs: a4a22fc05e03a7c3a7ce05ce27990b8a -> 
  custom:scripting/monoscript/fileName/BrushMode.cs: 6dea0ddfa2a45d2978dd0b13296d701d -> 
  custom:scripting/monoscript/fileName/Submesh.cs: 51f2a9e71cf380288c6159863c8c6958 -> 
  custom:scripting/monoscript/fileName/SubdivideObject.cs: 15529496d16d945ce564dd73b9f022cf -> 
  custom:scripting/monoscript/fileName/FbxPropertyMarkerELook.cs: 1d1de918f87923247ec760d3faf16ac8 -> 
  custom:scripting/monoscript/fileName/SelectSmoothingGroup.cs: e7adc037d5343729fde59c2f041f72e6 -> 
  custom:scripting/monoscript/fileName/OpenSmoothingEditor.cs: b7bfcfe69a934092c115177d09b130dc -> 
  custom:scripting/monoscript/fileName/SetPivotToSelection.cs: 0a4f1a088a797c04c53d4f4d7ec66668 -> 
  custom:scripting/monoscript/fileName/TerrainToolboxCreateTerrain.cs: 5d67d555e81171944fbb5df645d5241b -> 
  custom:scripting/monoscript/fileName/HierarchyChanged.cs: 84abd15764b10af4cb07f928b3997537 -> 
  custom:scripting/monoscript/fileName/IPaintContextRender.cs: da306055e7e9ad21d0a466c0b994eb49 -> 
  custom:scripting/monoscript/fileName/BaseBrushVariator.cs: 8ef2898efa2bacdf62d241846fa96aa2 -> 
  custom:scripting/monoscript/fileName/NoiseBlitShaderGenerator.cs: a5c81741db49e5e29bc72e29b95058d8 -> 
  custom:scripting/monoscript/fileName/FilterUtility.cs: 36b2ef192f20260958fc9fd18ecad2ec -> 
  custom:scripting/monoscript/fileName/IBrushStrengthController.cs: 3cf42935457403d6d2ec2f8c37b55610 -> 
  custom:scripting/monoscript/fileName/IBrushScatterController.cs: 42b823fdc9f41b6ed5234049695c6deb -> 
  custom:scripting/monoscript/fileName/Bevel.cs: cda4b6394b0873a5b8e8df0dce506d92 -> 
  custom:scripting/monoscript/fileName/FbxExportPresetSelectorReceiver.cs: 933e0be0fa35b1c35e22280b93f58ee2 -> 
  custom:scripting/monoscript/fileName/FbxLight.cs: 5def5fa0c94426100af916b97b3b7028 -> 
  custom:scripting/monoscript/fileName/ShapeState_DrawHeightShape.cs: bf3d191b58aaab9e01024402c1802b6e -> 
  custom:scripting/monoscript/fileName/ProBuilderSettings.cs: 44e160cbb89a8c9e895fdc5e21b659ba -> 
  custom:scripting/monoscript/fileName/IBrushModifierKeyController.cs: 3f44895df2c8b9c413e25173301aa0ed -> 
  custom:scripting/monoscript/fileName/FilterStackView.cs: 5120ca1b3b69babad91c384f7be7a93f -> 
  custom:scripting/monoscript/fileName/EditShapeTool.cs: 5e5caa4d0c9b3b31aa98622a360a986a -> 
  custom:scripting/monoscript/fileName/NoiseSettingsGUI.cs: 3fd552bf1996ce1fdcf5030db72af54e -> 
  custom:scripting/monoscript/fileName/BrushStrengthVariator.cs: 68d041f4e687e8132acaf3c124109e0c -> 
  custom:scripting/monoscript/fileName/EditorHandleDrawing.cs: e4a253013e923fc5e2a42116f3e9cb52 -> 
  custom:scripting/monoscript/fileName/TransformUtility.cs: d73c91a7d4fba2846cb7f791384de39e -> 
  custom:scripting/monoscript/fileName/UnwrapParametersEditor.cs: ad2871f345be52d0cf9added22b9bbb9 -> 
  custom:scripting/monoscript/fileName/FbxAnimLayer.cs: a33542128507b1a9774126b009d92729 -> 
  custom:scripting/monoscript/fileName/SelectionPickerRendererStandard.cs: e1a12a27c7781421a618a7721df48c68 -> 
  custom:scripting/monoscript/fileName/Log.cs: 2f3b85a20367d6d99e3a14c7ae399267 -> 
  custom:scripting/monoscript/fileName/SlopeFlattenTool.cs: c4256c8a98890165f6af21904025483a -> 
  custom:scripting/monoscript/fileName/DTSweepDebugContext.cs: 6ac3331923d1210cbd6f306a6bc3e3c2 -> 
  custom:scripting/monoscript/fileName/FbxEuler.cs: 78ce073ba7cd774c97fd3fec848d1d22 -> 
  custom:scripting/monoscript/fileName/Clipping.cs: 1741f8440a6254efcb95789a09be4e6a -> 5c87c7b6bd30043817e201557e09a654
  custom:scripting/monoscript/fileName/FbxLayerElementArray.cs: f198dec82146e3d89a7d025f49bcd332 -> 
  custom:scripting/monoscript/fileName/SubdivideFaces.cs: 9109bab35f1c932e6b2935ab1452a120 -> 
  custom:scripting/monoscript/fileName/TerrainToolboxWindow.cs: 8e221bd451b65b6533689e552a2b9245 -> 
  custom:scripting/monoscript/fileName/ProBuilderMeshSelection.cs: 90647cc400823b41df847a6cbfc29026 -> 
  custom:scripting/monoscript/fileName/FbxTime.cs: 7ff870fb104aeff8c3e2fd6db612200f -> 
  custom:scripting/monoscript/fileName/MeshChannel.cs: 8b5a7a71b6cca63206947900a773d2c7 -> 
  custom:scripting/monoscript/fileName/ContextClickManipulator.cs: 551ac0135cff9eba4bc63f242fd17841 -> 
  custom:scripting/monoscript/fileName/FbxAnimStack.cs: cd827408506b52689ab211c452254bdf -> 
  custom:scripting/monoscript/fileName/FbxObject.cs: 22901937c83410c82a079ff7fceb58dc -> 
  custom:scripting/monoscript/fileName/NewPolyShapeToggle.cs: 8acdd5cdcb7ee88e0e50b5931573fb4b -> 
  custom:scripting/monoscript/fileName/FlipFaceEdge.cs: f530ea0a74860a23981eb940ef68b251 -> 
  custom:scripting/monoscript/fileName/SmoothHeightTool.cs: f03633799f5b4a4c69fb3bb2f50728d0 -> 
  custom:scripting/monoscript/fileName/FreezeTransform.cs: e675172267d870c70773e18ea0e1e250 -> 
  custom:scripting/monoscript/fileName/ExtrudeElements.cs: 4c7ec400f4d4c6eaeb8b42dd1d2a747d -> 
  custom:scripting/monoscript/fileName/FbxLayerElementArrayTemplateFbxVector2.cs: 5c3a6f20f8c80779ca7828c92f33194b -> 
  custom:scripting/monoscript/fileName/FbxSharpProgressCallback.cs: 8eff72a266de0b6f575a84b2ebe1f086 -> 
  custom:scripting/monoscript/fileName/Bounds2D.cs: 16ca90bc5c32dbbd92a84501f2c2743d -> 
  custom:scripting/monoscript/fileName/ExtrudeFaces.cs: 8da1d7548a755d4f7bfa6a3ad702beef -> 
  custom:scripting/monoscript/fileName/TriangulationUtil.cs: f18a7fb009b05f02616bafd07fbae553 -> 
  custom:scripting/monoscript/fileName/AssetTreeView.cs: f69e053f44c2ceb1d31b6346bdecf246 -> 
  custom:scripting/monoscript/fileName/FbxIOFileHeaderInfo.cs: 2f533e3b2e35800afb9637e46763a4d2 -> 
  custom:scripting/monoscript/fileName/NoiseSettingsFactory.cs: 2d016f87712a0e77014e1475960569e9 -> 
  custom:scripting/monoscript/fileName/PlyExporter.cs: bf5494e3645f49425628ca78199ab31d -> 
  custom:scripting/monoscript/fileName/SelectionPickerSettings.cs: 2d19355ddaebe622fb966ebf4e2a7407 -> 
  custom:audio-encoder-webm-vorbis: bf7c407c2cedff20999df2af8eb42d56 -> 
  custom:scripting/monoscript/fileName/TriangulationConstraint.cs: 02158ed4aeb2e0540be606ebedcd9aa5 -> 
  custom:scripting/monoscript/fileName/DefaultBrushSmoother.cs: 8a4663b0bdf452a7ec0231edf7c7e564 -> 
  custom:scripting/monoscript/fileName/FbxPropertyBool.cs: b6e61da9a36971e93e14e86c261e72ce -> 
  custom:scripting/monoscript/fileName/FbxDeformer.cs: eaf4846ef3982ac5d1a664b2ad250993 -> 
  custom:scripting/monoscript/fileName/InstallIntegration.cs: d9c189ac718e03ccb133c538d8fe3ebc -> 
  custom:scripting/monoscript/fileName/MeshUtility.cs: 5ca3f663a0ea6397d499c955e50b029b -> 
  custom:scripting/monoscript/fileName/StampTool.cs: 4bb33afd9ae3a38d700c95b1909986a8 -> 
  custom:scripting/monoscript/fileName/CutToolToggle.cs: 552b76f8f489d420018d2bc016dee384 -> 
  custom:scripting/monoscript/fileName/AssetId.cs: 72051ac5858b603f67e79ad23943c39b -> 
  custom:scripting/monoscript/fileName/NoiseHeightTool.cs: 5c2327f039c1dd37f0d88a0f397af28a -> 
  custom:scripting/monoscript/fileName/Lightmapping.cs: 729d5176389c7d55a1cea260e00908f3 -> 
  custom:scripting/monoscript/fileName/SharedVertex.cs: 9680b52997af34358e173ceeda08f072 -> 
  custom:scripting/monoscript/fileName/RaycastHit.cs: 515368b8ed95066c744e7801d9ebd7e9 -> 
  custom:scripting/monoscript/fileName/ToggleDragRectMode.cs: a6f38316b8f4d3d28669b3b66d64c405 -> 
  custom:scripting/monoscript/fileName/TerrainVisualizationSettings.cs: eb730232c61bbd31248f9ce9aa6395aa -> 
  custom:scripting/monoscript/fileName/ShapeState_InitShape.cs: ecc7de96dd0c9d79cb24f533500a9905 -> 
  custom:scripting/monoscript/fileName/CustomExtensions.cs: 4dd2d579b175e1cfed48fcf67b4a834f -> 
  custom:scripting/monoscript/fileName/MaterialPalette.cs: 6eec2d59c4da6a8a8bfa6297b1bcc8a2 -> 
  custom:scripting/monoscript/fileName/SetHeightTool.cs: 1ff938e56b1c0debf733c201d4541dba -> 
  custom:scripting/monoscript/fileName/UndoUtility.cs: 2fc130e3e3964660deff56d5ee0e948d -> de700a4259ac5606935520f528f0f92a
  custom:scripting/monoscript/fileName/NoiseType.cs: 090ca925c5e6cdbca132221545b83756 -> 
  custom:scripting/monoscript/fileName/FbxCamera.cs: ff6f9ac7210e395dab3784e2d0c7fb91 -> 
  custom:scripting/monoscript/fileName/SamplesLinkPackageManagerExtension.cs: 2211f84bf4e5014a6b1f498601323f40 -> 
  custom:scripting/monoscript/fileName/TextureScaleTool.cs: ada73f928df57eed2635e39d4b904480 -> 
  custom:scripting/monoscript/fileName/FbmFractalType.cs: 144f74c3608bf08706204d0849400e88 -> 
  custom:scripting/monoscript/fileName/PolyGUI.cs: c026b72096e81d3cc96e377b60eece5f -> 
  custom:scripting/monoscript/fileName/WingedEdge.cs: 4d875b987a0abf3c39f7fbca07295966 -> 
  custom:scripting/monoscript/fileName/NoiseEditorView.cs: e3a1c14dfa4323b65bc284ee321d8c59 -> 
  custom:scripting/monoscript/fileName/Pref.cs: 8f6297df34271fdb1ce2d9607ec6261d -> 
  custom:scripting/monoscript/fileName/TypeMath.cs: 90647cc400823b41df847a6cbfc29026 -> 
  custom:scripting/monoscript/fileName/ExtrudeEdges.cs: ddb56ecccd06d064cce30e8ec94c3a24 -> 
  custom:scripting/monoscript/fileName/BrushSizeVariator.cs: 74c935e09f8a9b9c52c39f89647c6f39 -> 
  custom:scripting/monoscript/fileName/Torus.cs: 80ba092579159f0ee10eed09283f5118 -> 
  custom:scripting/monoscript/fileName/MainToolbar.cs: 162e661b90bc0601e328b0d9c9a85d04 -> 
  custom:scripting/monoscript/fileName/NewShapeToggle.cs: 5f15e27392c39392c01d85b37192a28d -> 
  custom:scripting/monoscript/fileName/EditorGUIUtility.cs: b16f813dafa270a7bea1e0294dc674e0 -> 597c98dd58b27da4c0bfae4ba244c9cd
  custom:scripting/monoscript/fileName/RTHandleCollection.cs: 66dbbdfa83cc1e0dae8832345c177e15 -> 
  custom:scripting/monoscript/fileName/QuadUtility.cs: f80c36f8b1183a738f2c4f7fa2ab27d9 -> 
  custom:scripting/monoscript/fileName/KdTreeNode.cs: 90647cc400823b41df847a6cbfc29026 -> 
  custom:scripting/monoscript/fileName/InternalMeshUtility.cs: 47e64566b64f31667f3ecd22aea855bd -> 
  custom:scripting/monoscript/fileName/ITypeMath.cs: 90647cc400823b41df847a6cbfc29026 -> 
  custom:scripting/monoscript/fileName/ToggleXRay.cs: 2beaa89293af925965c361a628716eab -> 
  custom:scripting/monoscript/fileName/Subdivision.cs: 2d3ed2728b5e862f0b20dccff60f596a -> 
  custom:scripting/monoscript/fileName/ColliderBehaviour.cs: facc1ae2f42419fa1146003334c8bf66 -> 
  custom:scripting/monoscript/fileName/Node.cs: 291859575cb9c6e25dde80dbcd31fe5f -> 
  custom:scripting/monoscript/fileName/MergeFaces.cs: f0a7123f95ff8b6d8a9b42653a9c0700 -> 
  custom:scripting/monoscript/fileName/Direction.cs: b401a571035111dc122d6238c4a25a65 -> 
  custom:scripting/monoscript/fileName/CombineMeshes.cs: a9ce7a0bc7639b0c1010471275dc600c -> 
  custom:scripting/monoscript/fileName/VertexEditing.cs: cb46c69b687fb75b59e3367415afaff1 -> 
  custom:scripting/monoscript/fileName/AutoUnwrapSettings.cs: 505c9e8ec7abeb42e5de8a57e4ff3803 -> 
  custom:scripting/monoscript/fileName/FbxSemanticEntryView.cs: cfd002bcde442a3b5e643bb8a652b3f6 -> 
  custom:scripting/monoscript/fileName/TerrainDetailUtilities.cs: 5449f2c350275fe5d845a715b36197e4 -> 
  custom:scripting/monoscript/fileName/MeshImporter.cs: bf784b146e3ce8404151198f5cf6434d -> 
  custom:scripting/monoscript/fileName/MeshAndElementSelection.cs: a24a0934fd2aa12cf7e44f99f89ac69e -> 
  custom:scripting/monoscript/fileName/Sprite.cs: feaf383831c6d8dc30fd1ee62a194252 -> 
  custom:scripting/monoscript/fileName/NewBezierShape.cs: 2b4083186ccd0d651beb42f17f850f7e -> 
  custom:scripting/monoscript/fileName/ProBuilderSettingsProvider.cs: 31c7f11630ae278eb11b8b1b3b44c0ad -> 
  custom:scripting/monoscript/fileName/BrushSettingsEditor.cs: 07ca9b157eb5df9a12de3204940168e5 -> 
  custom:scripting/monoscript/fileName/CollapseVertices.cs: b8f4877fb9cdb02e00dd9b33b403fa7c -> 
  custom:scripting/monoscript/fileName/PaintHolesTool.cs: 344f5d2ec19bc7b41f8eab6be5ce9cbf -> 
========================================================================
Received Import Request.
  Time since last request: 6442.002151 seconds.
  path: Assets/LoafbrrAssets/Interiors_A/texture
  artifactKey: Guid(e4a1dcfcb38e3fe4db1b911e9cc79cf3) Importer(815301076,1909f56bfc062723c751e8b465ee728b)
Start importing Assets/LoafbrrAssets/Interiors_A/texture using Guid(e4a1dcfcb38e3fe4db1b911e9cc79cf3) Importer(815301076,1909f56bfc062723c751e8b465ee728b) [PhysX] Initialized MultithreadedTaskDispatcher with 12 workers.
 -> (artifact id: 'd35e0fd09f38505a6ec2504a3382c13c') in 0.001923 seconds
Number of updated asset objects reloaded before import = 0
Number of asset objects unloaded after import = 0
========================================================================
Received Import Request.
  Time since last request: 2.352638 seconds.
  path: Assets/LoafbrrAssets/Interiors_A/texture/Door
  artifactKey: Guid(bca0c2c90b16da848946ffe31965c5d8) Importer(815301076,1909f56bfc062723c751e8b465ee728b)
Start importing Assets/LoafbrrAssets/Interiors_A/texture/Door using Guid(bca0c2c90b16da848946ffe31965c5d8) Importer(815301076,1909f56bfc062723c751e8b465ee728b) [PhysX] Initialized MultithreadedTaskDispatcher with 12 workers.
 -> (artifact id: 'b559491f77932155dde2e1236f854feb') in 0.000495 seconds
Number of updated asset objects reloaded before import = 0
Number of asset objects unloaded after import = 0
========================================================================
Received Import Request.
  Time since last request: 0.145336 seconds.
  path: Assets/LoafbrrAssets/Interiors_A/texture/Door/Door_Alpha_1K.png
  artifactKey: Guid(37dc1d2bfdcaff746987f65ce8b61e35) Importer(815301076,1909f56bfc062723c751e8b465ee728b)
Start importing Assets/LoafbrrAssets/Interiors_A/texture/Door/Door_Alpha_1K.png using Guid(37dc1d2bfdcaff746987f65ce8b61e35) Importer(815301076,1909f56bfc062723c751e8b465ee728b) [PhysX] Initialized MultithreadedTaskDispatcher with 12 workers.
[PhysX] Initialized MultithreadedTaskDispatcher with 12 workers.
 -> (artifact id: '52e939357f6316b4552642d71ceb5b35') in 0.051930 seconds
Number of updated asset objects reloaded before import = 0
Number of asset objects unloaded after import = 2
========================================================================
Received Import Request.
  Time since last request: 0.000021 seconds.
  path: Assets/LoafbrrAssets/Interiors_A/texture/Door/Door_ORM_1K.png
  artifactKey: Guid(c791f2fc02f58fe41a96860939ab0e86) Importer(815301076,1909f56bfc062723c751e8b465ee728b)
Start importing Assets/LoafbrrAssets/Interiors_A/texture/Door/Door_ORM_1K.png using Guid(c791f2fc02f58fe41a96860939ab0e86) Importer(815301076,1909f56bfc062723c751e8b465ee728b) [PhysX] Initialized MultithreadedTaskDispatcher with 12 workers.
[PhysX] Initialized MultithreadedTaskDispatcher with 12 workers.
 -> (artifact id: '4cbd2192f45492a96c3c215c06a7a964') in 0.012279 seconds
Number of updated asset objects reloaded before import = 0
Number of asset objects unloaded after import = 2
========================================================================
Received Import Request.
  Time since last request: 0.000029 seconds.
  path: Assets/LoafbrrAssets/Interiors_A/texture/Door/Door_ORM_2K.png
  artifactKey: Guid(e867d5f993286024b80c5e5600b0823d) Importer(815301076,1909f56bfc062723c751e8b465ee728b)
Start importing Assets/LoafbrrAssets/Interiors_A/texture/Door/Door_ORM_2K.png using Guid(e867d5f993286024b80c5e5600b0823d) Importer(815301076,1909f56bfc062723c751e8b465ee728b) [PhysX] Initialized MultithreadedTaskDispatcher with 12 workers.
[PhysX] Initialized MultithreadedTaskDispatcher with 12 workers.
 -> (artifact id: '614225b4b880a87fd02dcdfa7c37be6a') in 0.017304 seconds
Number of updated asset objects reloaded before import = 0
Number of asset objects unloaded after import = 2
========================================================================
Received Import Request.
  Time since last request: 1.788019 seconds.
  path: Assets/LoafbrrAssets/Interiors_A/texture/Surface_Floor_A
  artifactKey: Guid(16fbe424514be5d4c9c0ff8fc0235dac) Importer(815301076,1909f56bfc062723c751e8b465ee728b)
Start importing Assets/LoafbrrAssets/Interiors_A/texture/Surface_Floor_A using Guid(16fbe424514be5d4c9c0ff8fc0235dac) Importer(815301076,1909f56bfc062723c751e8b465ee728b) [PhysX] Initialized MultithreadedTaskDispatcher with 12 workers.
 -> (artifact id: '621db1526e2daabb4f8ed9a5e7219788') in 0.000519 seconds
Number of updated asset objects reloaded before import = 0
Number of asset objects unloaded after import = 0
========================================================================
Received Import Request.
  Time since last request: 0.643319 seconds.
  path: Assets/LoafbrrAssets/Interiors_A/texture/Surface_Ceiling_B
  artifactKey: Guid(a3d524bd5826dca41a73b22f0ef22e45) Importer(815301076,1909f56bfc062723c751e8b465ee728b)
Start importing Assets/LoafbrrAssets/Interiors_A/texture/Surface_Ceiling_B using Guid(a3d524bd5826dca41a73b22f0ef22e45) Importer(815301076,1909f56bfc062723c751e8b465ee728b) [PhysX] Initialized MultithreadedTaskDispatcher with 12 workers.
 -> (artifact id: '7613ffc6d8806186a31d770260aa0e21') in 0.000661 seconds
Number of updated asset objects reloaded before import = 0
Number of asset objects unloaded after import = 0
========================================================================
Received Import Request.
  Time since last request: 0.288745 seconds.
  path: Assets/LoafbrrAssets/Interiors_A/texture/Surface_Ceiling_A
  artifactKey: Guid(08fdff15295ae39488a7f3fa1e56f767) Importer(815301076,1909f56bfc062723c751e8b465ee728b)
Start importing Assets/LoafbrrAssets/Interiors_A/texture/Surface_Ceiling_A using Guid(08fdff15295ae39488a7f3fa1e56f767) Importer(815301076,1909f56bfc062723c751e8b465ee728b) [PhysX] Initialized MultithreadedTaskDispatcher with 12 workers.
 -> (artifact id: '5f499ada819f28192a2087ca06a797ce') in 0.000433 seconds
Number of updated asset objects reloaded before import = 0
Number of asset objects unloaded after import = 0
========================================================================
Received Import Request.
  Time since last request: 0.313370 seconds.
  path: Assets/LoafbrrAssets/Interiors_A/texture/MiscTrim
  artifactKey: Guid(c1b769c7ed9b6184e95ff510752e5e5a) Importer(815301076,1909f56bfc062723c751e8b465ee728b)
Start importing Assets/LoafbrrAssets/Interiors_A/texture/MiscTrim using Guid(c1b769c7ed9b6184e95ff510752e5e5a) Importer(815301076,1909f56bfc062723c751e8b465ee728b) [PhysX] Initialized MultithreadedTaskDispatcher with 12 workers.
 -> (artifact id: '2fe791ea404aaec5bb2921967d762a23') in 0.000462 seconds
Number of updated asset objects reloaded before import = 0
Number of asset objects unloaded after import = 0
========================================================================
Received Import Request.
  Time since last request: 1.614583 seconds.
  path: Assets/LoafbrrAssets/Interiors_A/texture/Surface_Floor_B
  artifactKey: Guid(aa4e839056203e741a720992bdc54314) Importer(815301076,1909f56bfc062723c751e8b465ee728b)
Start importing Assets/LoafbrrAssets/Interiors_A/texture/Surface_Floor_B using Guid(aa4e839056203e741a720992bdc54314) Importer(815301076,1909f56bfc062723c751e8b465ee728b) [PhysX] Initialized MultithreadedTaskDispatcher with 12 workers.
 -> (artifact id: '0ecb188b14ab845a2fea4e94521c4296') in 0.000483 seconds
Number of updated asset objects reloaded before import = 0
Number of asset objects unloaded after import = 0
========================================================================
Received Import Request.
  Time since last request: 0.488065 seconds.
  path: Assets/LoafbrrAssets/Interiors_A/texture/Surface_Wall_A
  artifactKey: Guid(015c7acb70a223d4082dea2227a375e4) Importer(815301076,1909f56bfc062723c751e8b465ee728b)
Start importing Assets/LoafbrrAssets/Interiors_A/texture/Surface_Wall_A using Guid(015c7acb70a223d4082dea2227a375e4) Importer(815301076,1909f56bfc062723c751e8b465ee728b) [PhysX] Initialized MultithreadedTaskDispatcher with 12 workers.
 -> (artifact id: '6d830a2529a2e025854a68ea430d0967') in 0.000434 seconds
Number of updated asset objects reloaded before import = 0
Number of asset objects unloaded after import = 0
========================================================================
Received Import Request.
  Time since last request: 2.043504 seconds.
  path: Assets/LoafbrrAssets/Interiors_A/Scene
  artifactKey: Guid(04d47eab02fc2f04abafd8748ab7e5b4) Importer(815301076,1909f56bfc062723c751e8b465ee728b)
Start importing Assets/LoafbrrAssets/Interiors_A/Scene using Guid(04d47eab02fc2f04abafd8748ab7e5b4) Importer(815301076,1909f56bfc062723c751e8b465ee728b) [PhysX] Initialized MultithreadedTaskDispatcher with 12 workers.
 -> (artifact id: '3b2c205134ddcadc1e13b4bb312cfde8') in 0.000426 seconds
Number of updated asset objects reloaded before import = 0
Number of asset objects unloaded after import = 0
========================================================================
Received Import Request.
  Time since last request: 1.301583 seconds.
  path: Assets/LoafbrrAssets/Interiors_A/materials
  artifactKey: Guid(634b5ba6ad369d944b2ff9413a5167ac) Importer(815301076,1909f56bfc062723c751e8b465ee728b)
Start importing Assets/LoafbrrAssets/Interiors_A/materials using Guid(634b5ba6ad369d944b2ff9413a5167ac) Importer(815301076,1909f56bfc062723c751e8b465ee728b) [PhysX] Initialized MultithreadedTaskDispatcher with 12 workers.
 -> (artifact id: 'e3e062cb1b4e286c55da5e4502d451b8') in 0.000435 seconds
Number of updated asset objects reloaded before import = 0
Number of asset objects unloaded after import = 0
========================================================================
Received Import Request.
  Time since last request: 0.079106 seconds.
  path: Assets/LoafbrrAssets/Interiors_A/materials/Door_A_Mat.mat
  artifactKey: Guid(81e7e11c06d9069479ce536f06d47d0f) Importer(815301076,1909f56bfc062723c751e8b465ee728b)
Start importing Assets/LoafbrrAssets/Interiors_A/materials/Door_A_Mat.mat using Guid(81e7e11c06d9069479ce536f06d47d0f) Importer(815301076,1909f56bfc062723c751e8b465ee728b) [PhysX] Initialized MultithreadedTaskDispatcher with 12 workers.
[PhysX] Initialized MultithreadedTaskDispatcher with 12 workers.
 -> (artifact id: 'f3f86245645487bb447b953fb914ad12') in 0.082009 seconds
Number of updated asset objects reloaded before import = 0
Number of asset objects unloaded after import = 4
========================================================================
Received Import Request.
  Time since last request: 0.000013 seconds.
  path: Assets/LoafbrrAssets/Interiors_A/materials/Surface_Wall_A.mat
  artifactKey: Guid(eab569f38658eb1458ccc8da23a4c6b2) Importer(815301076,1909f56bfc062723c751e8b465ee728b)
Start importing Assets/LoafbrrAssets/Interiors_A/materials/Surface_Wall_A.mat using Guid(eab569f38658eb1458ccc8da23a4c6b2) Importer(815301076,1909f56bfc062723c751e8b465ee728b) [PhysX] Initialized MultithreadedTaskDispatcher with 12 workers.
[PhysX] Initialized MultithreadedTaskDispatcher with 12 workers.
 -> (artifact id: 'ca9a732b8b1b99a40d4fd32577e725ca') in 0.066910 seconds
Number of updated asset objects reloaded before import = 0
Number of asset objects unloaded after import = 4
========================================================================
Received Import Request.
  Time since last request: 0.000012 seconds.
  path: Assets/LoafbrrAssets/Interiors_A/materials/Surface_Ceiling_B 1.mat
  artifactKey: Guid(f45816b3c3857b84b8241a2b96a712d2) Importer(815301076,1909f56bfc062723c751e8b465ee728b)
Start importing Assets/LoafbrrAssets/Interiors_A/materials/Surface_Ceiling_B 1.mat using Guid(f45816b3c3857b84b8241a2b96a712d2) Importer(815301076,1909f56bfc062723c751e8b465ee728b) [PhysX] Initialized MultithreadedTaskDispatcher with 12 workers.
[PhysX] Initialized MultithreadedTaskDispatcher with 12 workers.
 -> (artifact id: '6f6eea1feb45773459e1d86d2f67a2c9') in 0.047693 seconds
Number of updated asset objects reloaded before import = 0
Number of asset objects unloaded after import = 4
========================================================================
Received Import Request.
  Time since last request: 0.000014 seconds.
  path: Assets/LoafbrrAssets/Interiors_A/materials/MiscTrim_Mat.mat
  artifactKey: Guid(c7792db8ef655d04c899439ac751a526) Importer(815301076,1909f56bfc062723c751e8b465ee728b)
Start importing Assets/LoafbrrAssets/Interiors_A/materials/MiscTrim_Mat.mat using Guid(c7792db8ef655d04c899439ac751a526) Importer(815301076,1909f56bfc062723c751e8b465ee728b) [PhysX] Initialized MultithreadedTaskDispatcher with 12 workers.
[PhysX] Initialized MultithreadedTaskDispatcher with 12 workers.
 -> (artifact id: '90b4bb59f7a7fed58e59f8ac83c76fa8') in 0.057307 seconds
Number of updated asset objects reloaded before import = 0
Number of asset objects unloaded after import = 5
========================================================================
Received Import Request.
  Time since last request: 15.222688 seconds.
  path: Assets/POLYGON city pack/Prefabs
  artifactKey: Guid(55c50c4d813fe7140a42d24d27cfa7fc) Importer(815301076,1909f56bfc062723c751e8b465ee728b)
Start importing Assets/POLYGON city pack/Prefabs using Guid(55c50c4d813fe7140a42d24d27cfa7fc) Importer(815301076,1909f56bfc062723c751e8b465ee728b) [PhysX] Initialized MultithreadedTaskDispatcher with 12 workers.
 -> (artifact id: 'd25480eed3f17774720c520d3b3c1310') in 0.000586 seconds
Number of updated asset objects reloaded before import = 0
Number of asset objects unloaded after import = 0
========================================================================
Received Import Request.
  Time since last request: 0.901870 seconds.
  path: Assets/POLYGON city pack/Meshes,textures
  artifactKey: Guid(c7a7549c349412740b70056f5a09907c) Importer(815301076,1909f56bfc062723c751e8b465ee728b)
Start importing Assets/POLYGON city pack/Meshes,textures using Guid(c7a7549c349412740b70056f5a09907c) Importer(815301076,1909f56bfc062723c751e8b465ee728b) [PhysX] Initialized MultithreadedTaskDispatcher with 12 workers.
 -> (artifact id: '1c38d0de04976c57aabe10b9954a0b52') in 0.000463 seconds
Number of updated asset objects reloaded before import = 0
Number of asset objects unloaded after import = 0
========================================================================
Received Import Request.
  Time since last request: 1.255660 seconds.
  path: Assets/POLYGON city pack/Prefabs/Buildings
  artifactKey: Guid(a56c14f3d9b631d4d8914c91cc3d33f3) Importer(815301076,1909f56bfc062723c751e8b465ee728b)
Start importing Assets/POLYGON city pack/Prefabs/Buildings using Guid(a56c14f3d9b631d4d8914c91cc3d33f3) Importer(815301076,1909f56bfc062723c751e8b465ee728b) [PhysX] Initialized MultithreadedTaskDispatcher with 12 workers.
 -> (artifact id: 'c0e91b44f7a6e6c47cf8d30a3769f1b2') in 0.000444 seconds
Number of updated asset objects reloaded before import = 0
Number of asset objects unloaded after import = 0
========================================================================
Received Import Request.
  Time since last request: 0.122464 seconds.
  path: Assets/POLYGON city pack/Prefabs/Buildings/Bank_prefab.prefab
  artifactKey: Guid(2c1f60045e2f58f48966f8cea8354944) Importer(815301076,1909f56bfc062723c751e8b465ee728b)
Start importing Assets/POLYGON city pack/Prefabs/Buildings/Bank_prefab.prefab using Guid(2c1f60045e2f58f48966f8cea8354944) Importer(815301076,1909f56bfc062723c751e8b465ee728b) [PhysX] Initialized MultithreadedTaskDispatcher with 12 workers.
[PhysX] Initialized MultithreadedTaskDispatcher with 12 workers.
 -> (artifact id: '0de822187202825995bae64302d66bda') in 0.065203 seconds
Number of updated asset objects reloaded before import = 0
Number of asset objects unloaded after import = 20
========================================================================
Received Import Request.
  Time since last request: 0.000016 seconds.
  path: Assets/POLYGON city pack/Prefabs/Buildings/Building_F_prefab.prefab
  artifactKey: Guid(406aca78ed1cb18449485b10b9cffa85) Importer(815301076,1909f56bfc062723c751e8b465ee728b)
Start importing Assets/POLYGON city pack/Prefabs/Buildings/Building_F_prefab.prefab using Guid(406aca78ed1cb18449485b10b9cffa85) Importer(815301076,1909f56bfc062723c751e8b465ee728b) [PhysX] Initialized MultithreadedTaskDispatcher with 12 workers.
[PhysX] Initialized MultithreadedTaskDispatcher with 12 workers.
 -> (artifact id: 'd1e11b7b835fd5e21ca3112ff8c90dc9') in 0.020241 seconds
Number of updated asset objects reloaded before import = 0
Number of asset objects unloaded after import = 19
========================================================================
Received Import Request.
  Time since last request: 0.000021 seconds.
  path: Assets/POLYGON city pack/Prefabs/Buildings/Building_I_1_prefab.prefab
  artifactKey: Guid(931ecb32d754b3f40afc9a688c8cea66) Importer(815301076,1909f56bfc062723c751e8b465ee728b)
Start importing Assets/POLYGON city pack/Prefabs/Buildings/Building_I_1_prefab.prefab using Guid(931ecb32d754b3f40afc9a688c8cea66) Importer(815301076,1909f56bfc062723c751e8b465ee728b) [PhysX] Initialized MultithreadedTaskDispatcher with 12 workers.
[PhysX] Initialized MultithreadedTaskDispatcher with 12 workers.
 -> (artifact id: 'bb98a50acce7ff086870af3a420a8ec3') in 0.021795 seconds
Number of updated asset objects reloaded before import = 0
Number of asset objects unloaded after import = 23
========================================================================
Received Import Request.
  Time since last request: 0.000013 seconds.
  path: Assets/POLYGON city pack/Prefabs/Buildings/Building_B1_prefab.prefab
  artifactKey: Guid(a60988b24f8ff094ba511054edf48a9d) Importer(815301076,1909f56bfc062723c751e8b465ee728b)
Start importing Assets/POLYGON city pack/Prefabs/Buildings/Building_B1_prefab.prefab using Guid(a60988b24f8ff094ba511054edf48a9d) Importer(815301076,1909f56bfc062723c751e8b465ee728b) [PhysX] Initialized MultithreadedTaskDispatcher with 12 workers.
[PhysX] Initialized MultithreadedTaskDispatcher with 12 workers.
 -> (artifact id: 'e0b84f3ba10999ddbdf91df943edb030') in 0.040343 seconds
Number of updated asset objects reloaded before import = 0
Number of asset objects unloaded after import = 17
========================================================================
Received Import Request.
  Time since last request: 0.000013 seconds.
  path: Assets/POLYGON city pack/Prefabs/Buildings/Shop_A_prefab.prefab
  artifactKey: Guid(49e4fbb0397806849a4871cd85eaca26) Importer(815301076,1909f56bfc062723c751e8b465ee728b)
Start importing Assets/POLYGON city pack/Prefabs/Buildings/Shop_A_prefab.prefab using Guid(49e4fbb0397806849a4871cd85eaca26) Importer(815301076,1909f56bfc062723c751e8b465ee728b) [PhysX] Initialized MultithreadedTaskDispatcher with 12 workers.
[PhysX] Initialized MultithreadedTaskDispatcher with 12 workers.
 -> (artifact id: 'e79f124ecb62e583b289caa693dd1561') in 0.042106 seconds
Number of updated asset objects reloaded before import = 0
Number of asset objects unloaded after import = 25
========================================================================
Received Import Request.
  Time since last request: 0.000016 seconds.
  path: Assets/POLYGON city pack/Prefabs/Buildings/Building_N_Prefab.prefab
  artifactKey: Guid(bbad862e7e06efe4a8ad0346a53e3cde) Importer(815301076,1909f56bfc062723c751e8b465ee728b)
Start importing Assets/POLYGON city pack/Prefabs/Buildings/Building_N_Prefab.prefab using Guid(bbad862e7e06efe4a8ad0346a53e3cde) Importer(815301076,1909f56bfc062723c751e8b465ee728b) [PhysX] Initialized MultithreadedTaskDispatcher with 12 workers.
[PhysX] Initialized MultithreadedTaskDispatcher with 12 workers.
 -> (artifact id: 'b5e2921756d63eb7aa373b2f93d440ed') in 0.066469 seconds
Number of updated asset objects reloaded before import = 0
Number of asset objects unloaded after import = 25
========================================================================
Received Import Request.
  Time since last request: 0.000014 seconds.
  path: Assets/POLYGON city pack/Prefabs/Buildings/Building_T_prefab.prefab
  artifactKey: Guid(90045d2ccf59b6f45afd8bab908bb038) Importer(815301076,1909f56bfc062723c751e8b465ee728b)
Start importing Assets/POLYGON city pack/Prefabs/Buildings/Building_T_prefab.prefab using Guid(90045d2ccf59b6f45afd8bab908bb038) Importer(815301076,1909f56bfc062723c751e8b465ee728b) [PhysX] Initialized MultithreadedTaskDispatcher with 12 workers.
[PhysX] Initialized MultithreadedTaskDispatcher with 12 workers.
 -> (artifact id: '18be2581dc3ad24906af1d6e3a7ff1ca') in 0.021414 seconds
Number of updated asset objects reloaded before import = 0
Number of asset objects unloaded after import = 21
========================================================================
Received Import Request.
  Time since last request: 0.000015 seconds.
  path: Assets/POLYGON city pack/Prefabs/Buildings/Building_D1_prefab.prefab
  artifactKey: Guid(f9526b7c12770f14aa830082aa6d9b45) Importer(815301076,1909f56bfc062723c751e8b465ee728b)
Start importing Assets/POLYGON city pack/Prefabs/Buildings/Building_D1_prefab.prefab using Guid(f9526b7c12770f14aa830082aa6d9b45) Importer(815301076,1909f56bfc062723c751e8b465ee728b) [PhysX] Initialized MultithreadedTaskDispatcher with 12 workers.
[PhysX] Initialized MultithreadedTaskDispatcher with 12 workers.
 -> (artifact id: '1bb67f8fffb6dd6cd83d2be618cbd5d5') in 0.014139 seconds
Number of updated asset objects reloaded before import = 0
Number of asset objects unloaded after import = 24
========================================================================
Received Import Request.
  Time since last request: 0.000017 seconds.
  path: Assets/POLYGON city pack/Prefabs/Buildings/Building_O_PREFAB.prefab
  artifactKey: Guid(4410dff019705d648959a9ceea02bfbb) Importer(815301076,1909f56bfc062723c751e8b465ee728b)
Start importing Assets/POLYGON city pack/Prefabs/Buildings/Building_O_PREFAB.prefab using Guid(4410dff019705d648959a9ceea02bfbb) Importer(815301076,1909f56bfc062723c751e8b465ee728b) [PhysX] Initialized MultithreadedTaskDispatcher with 12 workers.
[PhysX] Initialized MultithreadedTaskDispatcher with 12 workers.
 -> (artifact id: '6fbd1684ed319344e23c722fd2f4d14a') in 0.014854 seconds
Number of updated asset objects reloaded before import = 0
Number of asset objects unloaded after import = 24
========================================================================
Received Import Request.
  Time since last request: 0.000017 seconds.
  path: Assets/POLYGON city pack/Prefabs/Buildings/Building_H_prefab.prefab
  artifactKey: Guid(c8c7944afbb63f548bf2b2bddd8a848f) Importer(815301076,1909f56bfc062723c751e8b465ee728b)
Start importing Assets/POLYGON city pack/Prefabs/Buildings/Building_H_prefab.prefab using Guid(c8c7944afbb63f548bf2b2bddd8a848f) Importer(815301076,1909f56bfc062723c751e8b465ee728b) [PhysX] Initialized MultithreadedTaskDispatcher with 12 workers.
[PhysX] Initialized MultithreadedTaskDispatcher with 12 workers.
 -> (artifact id: '3add2d2d946419d1d9a9b90377463383') in 0.014522 seconds
Number of updated asset objects reloaded before import = 0
Number of asset objects unloaded after import = 16
========================================================================
Received Import Request.
  Time since last request: 0.000031 seconds.
  path: Assets/POLYGON city pack/Prefabs/Buildings/Hospital_prefab.prefab
  artifactKey: Guid(03f4debef6f82ef43b174ff67987c532) Importer(815301076,1909f56bfc062723c751e8b465ee728b)
Start importing Assets/POLYGON city pack/Prefabs/Buildings/Hospital_prefab.prefab using Guid(03f4debef6f82ef43b174ff67987c532) Importer(815301076,1909f56bfc062723c751e8b465ee728b) [PhysX] Initialized MultithreadedTaskDispatcher with 12 workers.
[PhysX] Initialized MultithreadedTaskDispatcher with 12 workers.
 -> (artifact id: 'd2a258a886c3bab6372d6a24a971e51c') in 0.013672 seconds
Number of updated asset objects reloaded before import = 0
Number of asset objects unloaded after import = 21
========================================================================
Received Import Request.
  Time since last request: 0.000018 seconds.
  path: Assets/POLYGON city pack/Prefabs/Buildings/Car_repair_prefab.prefab
  artifactKey: Guid(9094aa5ae2e324346997aa2ea9ad7930) Importer(815301076,1909f56bfc062723c751e8b465ee728b)
Start importing Assets/POLYGON city pack/Prefabs/Buildings/Car_repair_prefab.prefab using Guid(9094aa5ae2e324346997aa2ea9ad7930) Importer(815301076,1909f56bfc062723c751e8b465ee728b) [PhysX] Initialized MultithreadedTaskDispatcher with 12 workers.
[PhysX] Initialized MultithreadedTaskDispatcher with 12 workers.
 -> (artifact id: '8a28116c62fa21675d8b93af65b52169') in 0.014800 seconds
Number of updated asset objects reloaded before import = 0
Number of asset objects unloaded after import = 42
========================================================================
Received Import Request.
  Time since last request: 0.000014 seconds.
  path: Assets/POLYGON city pack/Prefabs/Buildings/Building_S_prefab.prefab
  artifactKey: Guid(c637a821140f92a4dbb62e352cf8f140) Importer(815301076,1909f56bfc062723c751e8b465ee728b)
Start importing Assets/POLYGON city pack/Prefabs/Buildings/Building_S_prefab.prefab using Guid(c637a821140f92a4dbb62e352cf8f140) Importer(815301076,1909f56bfc062723c751e8b465ee728b) [PhysX] Initialized MultithreadedTaskDispatcher with 12 workers.
[PhysX] Initialized MultithreadedTaskDispatcher with 12 workers.
 -> (artifact id: '06fbfe116483ea2dd64f4cb237f73e03') in 0.013623 seconds
Number of updated asset objects reloaded before import = 0
Number of asset objects unloaded after import = 17
========================================================================
Received Import Request.
  Time since last request: 0.000018 seconds.
  path: Assets/POLYGON city pack/Prefabs/Buildings/Building_B_prefab.prefab
  artifactKey: Guid(62788775cce139e4abe5fdd7071ead29) Importer(815301076,1909f56bfc062723c751e8b465ee728b)
Start importing Assets/POLYGON city pack/Prefabs/Buildings/Building_B_prefab.prefab using Guid(62788775cce139e4abe5fdd7071ead29) Importer(815301076,1909f56bfc062723c751e8b465ee728b) [PhysX] Initialized MultithreadedTaskDispatcher with 12 workers.
[PhysX] Initialized MultithreadedTaskDispatcher with 12 workers.
 -> (artifact id: 'efb56dbdc6fd462bb9d271e319e0427a') in 0.014914 seconds
Number of updated asset objects reloaded before import = 0
Number of asset objects unloaded after import = 18
========================================================================
Received Import Request.
  Time since last request: 0.000014 seconds.
  path: Assets/POLYGON city pack/Prefabs/Buildings/Building_J_prefab.prefab
  artifactKey: Guid(7d569c6acdec3c2428d7b39889d89720) Importer(815301076,1909f56bfc062723c751e8b465ee728b)
Start importing Assets/POLYGON city pack/Prefabs/Buildings/Building_J_prefab.prefab using Guid(7d569c6acdec3c2428d7b39889d89720) Importer(815301076,1909f56bfc062723c751e8b465ee728b) [PhysX] Initialized MultithreadedTaskDispatcher with 12 workers.
[PhysX] Initialized MultithreadedTaskDispatcher with 12 workers.
 -> (artifact id: 'd2e3c94da99c35081ee1aee2fa43d330') in 0.014513 seconds
Number of updated asset objects reloaded before import = 0
Number of asset objects unloaded after import = 16
========================================================================
Received Import Request.
  Time since last request: 0.000014 seconds.
  path: Assets/POLYGON city pack/Prefabs/Buildings/Building_D_prefab.prefab
  artifactKey: Guid(7df26aa64e4b3fc48933a809e1a48078) Importer(815301076,1909f56bfc062723c751e8b465ee728b)
Start importing Assets/POLYGON city pack/Prefabs/Buildings/Building_D_prefab.prefab using Guid(7df26aa64e4b3fc48933a809e1a48078) Importer(815301076,1909f56bfc062723c751e8b465ee728b) [PhysX] Initialized MultithreadedTaskDispatcher with 12 workers.
[PhysX] Initialized MultithreadedTaskDispatcher with 12 workers.
 -> (artifact id: '8befc93273de03cf87849fb4a413056c') in 0.013816 seconds
Number of updated asset objects reloaded before import = 0
Number of asset objects unloaded after import = 18
========================================================================
Received Import Request.
  Time since last request: 0.000018 seconds.
  path: Assets/POLYGON city pack/Prefabs/Buildings/Building_E_prefab.prefab
  artifactKey: Guid(5b71bcfe27faa8a4a9ec939bb5377114) Importer(815301076,1909f56bfc062723c751e8b465ee728b)
Start importing Assets/POLYGON city pack/Prefabs/Buildings/Building_E_prefab.prefab using Guid(5b71bcfe27faa8a4a9ec939bb5377114) Importer(815301076,1909f56bfc062723c751e8b465ee728b) [PhysX] Initialized MultithreadedTaskDispatcher with 12 workers.
[PhysX] Initialized MultithreadedTaskDispatcher with 12 workers.
 -> (artifact id: '62af2ff21de13be97d6329f46eb2782a') in 0.013845 seconds
Number of updated asset objects reloaded before import = 0
Number of asset objects unloaded after import = 17
========================================================================
Received Import Request.
  Time since last request: 29.861403 seconds.
  path: Assets/POLYGON city pack/Materials
  artifactKey: Guid(25a3e4884eb11774bbce8c47423058ad) Importer(815301076,1909f56bfc062723c751e8b465ee728b)
Start importing Assets/POLYGON city pack/Materials using Guid(25a3e4884eb11774bbce8c47423058ad) Importer(815301076,1909f56bfc062723c751e8b465ee728b) [PhysX] Initialized MultithreadedTaskDispatcher with 12 workers.
 -> (artifact id: 'ce75f4300f2972065b357c9c3c293dab') in 0.000513 seconds
Number of updated asset objects reloaded before import = 0
Number of asset objects unloaded after import = 0
========================================================================
Received Import Request.
  Time since last request: 4.162949 seconds.
  path: Assets/LoafbrrAssets/Interiors_A/prefabs/Floor
  artifactKey: Guid(d1f187d4d8e9563478ca982d126b3737) Importer(815301076,1909f56bfc062723c751e8b465ee728b)
Start importing Assets/LoafbrrAssets/Interiors_A/prefabs/Floor using Guid(d1f187d4d8e9563478ca982d126b3737) Importer(815301076,1909f56bfc062723c751e8b465ee728b) [PhysX] Initialized MultithreadedTaskDispatcher with 12 workers.
 -> (artifact id: 'b37c2e64f60deeaed34db780f7c98d82') in 0.000445 seconds
Number of updated asset objects reloaded before import = 0
Number of asset objects unloaded after import = 0
========================================================================
Received Import Request.
  Time since last request: 0.090324 seconds.
  path: Assets/LoafbrrAssets/Interiors_A/prefabs/Floor/Floor_1x1.prefab
  artifactKey: Guid(4f2089f9a7a76b04784d1eae0d5fdead) Importer(815301076,1909f56bfc062723c751e8b465ee728b)
Start importing Assets/LoafbrrAssets/Interiors_A/prefabs/Floor/Floor_1x1.prefab using Guid(4f2089f9a7a76b04784d1eae0d5fdead) Importer(815301076,1909f56bfc062723c751e8b465ee728b) [PhysX] Initialized MultithreadedTaskDispatcher with 12 workers.
[PhysX] Initialized MultithreadedTaskDispatcher with 12 workers.
 -> (artifact id: 'b4e36f1583210f985c89296f5d20879c') in 0.019739 seconds
Number of updated asset objects reloaded before import = 0
Number of asset objects unloaded after import = 16
========================================================================
Received Import Request.
  Time since last request: 0.000013 seconds.
  path: Assets/LoafbrrAssets/Interiors_A/prefabs/Floor/Floor_1x2_1Side.prefab
  artifactKey: Guid(8a2a81ac0c8694449963abc3dcd32143) Importer(815301076,1909f56bfc062723c751e8b465ee728b)
Start importing Assets/LoafbrrAssets/Interiors_A/prefabs/Floor/Floor_1x2_1Side.prefab using Guid(8a2a81ac0c8694449963abc3dcd32143) Importer(815301076,1909f56bfc062723c751e8b465ee728b) [PhysX] Initialized MultithreadedTaskDispatcher with 12 workers.
[PhysX] Initialized MultithreadedTaskDispatcher with 12 workers.
 -> (artifact id: 'dad5c04f78912ad6df62a1caab858ae3') in 0.015359 seconds
Number of updated asset objects reloaded before import = 0
Number of asset objects unloaded after import = 12
========================================================================
Received Import Request.
  Time since last request: 0.000029 seconds.
  path: Assets/LoafbrrAssets/Interiors_A/prefabs/Floor/Floor_2x3.prefab
  artifactKey: Guid(389cb56cc1b21fa469ab06670aac54b9) Importer(815301076,1909f56bfc062723c751e8b465ee728b)
Start importing Assets/LoafbrrAssets/Interiors_A/prefabs/Floor/Floor_2x3.prefab using Guid(389cb56cc1b21fa469ab06670aac54b9) Importer(815301076,1909f56bfc062723c751e8b465ee728b) [PhysX] Initialized MultithreadedTaskDispatcher with 12 workers.
[PhysX] Initialized MultithreadedTaskDispatcher with 12 workers.
 -> (artifact id: '31209c858570d88c12ddbe65554b6ded') in 0.015638 seconds
Number of updated asset objects reloaded before import = 0
Number of asset objects unloaded after import = 16
========================================================================
Received Import Request.
  Time since last request: 0.000019 seconds.
  path: Assets/LoafbrrAssets/Interiors_A/prefabs/Floor/Floor_Edge_Corner_B.prefab
  artifactKey: Guid(318d21effe89a1345945a6f74c4405e3) Importer(815301076,1909f56bfc062723c751e8b465ee728b)
Start importing Assets/LoafbrrAssets/Interiors_A/prefabs/Floor/Floor_Edge_Corner_B.prefab using Guid(318d21effe89a1345945a6f74c4405e3) Importer(815301076,1909f56bfc062723c751e8b465ee728b) [PhysX] Initialized MultithreadedTaskDispatcher with 12 workers.
[PhysX] Initialized MultithreadedTaskDispatcher with 12 workers.
 -> (artifact id: 'bd4e2aea982d2d8a26befb6026497ef3') in 0.015955 seconds
Number of updated asset objects reloaded before import = 0
Number of asset objects unloaded after import = 16
========================================================================
Received Import Request.
  Time since last request: 0.000013 seconds.
  path: Assets/LoafbrrAssets/Interiors_A/prefabs/Floor/Floor_3x2_1Side.prefab
  artifactKey: Guid(21f90bebff6c4964cbcebcf1cb518ea6) Importer(815301076,1909f56bfc062723c751e8b465ee728b)
Start importing Assets/LoafbrrAssets/Interiors_A/prefabs/Floor/Floor_3x2_1Side.prefab using Guid(21f90bebff6c4964cbcebcf1cb518ea6) Importer(815301076,1909f56bfc062723c751e8b465ee728b) [PhysX] Initialized MultithreadedTaskDispatcher with 12 workers.
[PhysX] Initialized MultithreadedTaskDispatcher with 12 workers.
 -> (artifact id: '4cbae2817afa12d80f0d28fdff1a22c8') in 0.012083 seconds
Number of updated asset objects reloaded before import = 0
Number of asset objects unloaded after import = 12
========================================================================
Received Import Request.
  Time since last request: 0.000036 seconds.
  path: Assets/LoafbrrAssets/Interiors_A/prefabs/Floor/FloorCeiling_1x1.prefab
  artifactKey: Guid(9c2a65116be328d4aa36cd5f97f49bec) Importer(815301076,1909f56bfc062723c751e8b465ee728b)
Start importing Assets/LoafbrrAssets/Interiors_A/prefabs/Floor/FloorCeiling_1x1.prefab using Guid(9c2a65116be328d4aa36cd5f97f49bec) Importer(815301076,1909f56bfc062723c751e8b465ee728b) [PhysX] Initialized MultithreadedTaskDispatcher with 12 workers.
[PhysX] Initialized MultithreadedTaskDispatcher with 12 workers.
 -> (artifact id: 'fafd5b18a744779b34dc7736e08e4106') in 0.019343 seconds
Number of updated asset objects reloaded before import = 0
Number of asset objects unloaded after import = 16
========================================================================
Received Import Request.
  Time since last request: 0.000029 seconds.
  path: Assets/LoafbrrAssets/Interiors_A/prefabs/Floor/Floor_2x1_1Side.prefab
  artifactKey: Guid(3849f2460cc534d40ae452124cb628ff) Importer(815301076,1909f56bfc062723c751e8b465ee728b)
Start importing Assets/LoafbrrAssets/Interiors_A/prefabs/Floor/Floor_2x1_1Side.prefab using Guid(3849f2460cc534d40ae452124cb628ff) Importer(815301076,1909f56bfc062723c751e8b465ee728b) [PhysX] Initialized MultithreadedTaskDispatcher with 12 workers.
[PhysX] Initialized MultithreadedTaskDispatcher with 12 workers.
 -> (artifact id: '5b75ed37bca783447fcc42ebebd8c19d') in 0.013586 seconds
Number of updated asset objects reloaded before import = 0
Number of asset objects unloaded after import = 12
========================================================================
Received Import Request.
  Time since last request: 0.000015 seconds.
  path: Assets/LoafbrrAssets/Interiors_A/prefabs/Floor/FloorCeiling_2x2.prefab
  artifactKey: Guid(30d8f4671211ac742a99b50e180db3ca) Importer(815301076,1909f56bfc062723c751e8b465ee728b)
Start importing Assets/LoafbrrAssets/Interiors_A/prefabs/Floor/FloorCeiling_2x2.prefab using Guid(30d8f4671211ac742a99b50e180db3ca) Importer(815301076,1909f56bfc062723c751e8b465ee728b) [PhysX] Initialized MultithreadedTaskDispatcher with 12 workers.
[PhysX] Initialized MultithreadedTaskDispatcher with 12 workers.
 -> (artifact id: '50a643e0efa24857032be518c65ba771') in 0.017662 seconds
Number of updated asset objects reloaded before import = 0
Number of asset objects unloaded after import = 16
========================================================================
Received Import Request.
  Time since last request: 0.000019 seconds.
  path: Assets/LoafbrrAssets/Interiors_A/prefabs/Floor/FloorCeiling_3x3.prefab
  artifactKey: Guid(9c65ad5d15d130d409157883120b79ae) Importer(815301076,1909f56bfc062723c751e8b465ee728b)
Start importing Assets/LoafbrrAssets/Interiors_A/prefabs/Floor/FloorCeiling_3x3.prefab using Guid(9c65ad5d15d130d409157883120b79ae) Importer(815301076,1909f56bfc062723c751e8b465ee728b) [PhysX] Initialized MultithreadedTaskDispatcher with 12 workers.
[PhysX] Initialized MultithreadedTaskDispatcher with 12 workers.
 -> (artifact id: 'f78b5867ce0f4cd12451782e9ed63422') in 0.018180 seconds
Number of updated asset objects reloaded before import = 0
Number of asset objects unloaded after import = 16
========================================================================
Received Import Request.
  Time since last request: 0.000024 seconds.
  path: Assets/LoafbrrAssets/Interiors_A/prefabs/Floor/Floor_2x1.prefab
  artifactKey: Guid(9d74ad05f6fe91a48945beedb686705b) Importer(815301076,1909f56bfc062723c751e8b465ee728b)
Start importing Assets/LoafbrrAssets/Interiors_A/prefabs/Floor/Floor_2x1.prefab using Guid(9d74ad05f6fe91a48945beedb686705b) Importer(815301076,1909f56bfc062723c751e8b465ee728b) [PhysX] Initialized MultithreadedTaskDispatcher with 12 workers.
[PhysX] Initialized MultithreadedTaskDispatcher with 12 workers.
 -> (artifact id: 'f12b37fdfaf24596ea8d9038275d94f2') in 0.016148 seconds
Number of updated asset objects reloaded before import = 0
Number of asset objects unloaded after import = 16
========================================================================
Received Import Request.
  Time since last request: 0.000057 seconds.
  path: Assets/LoafbrrAssets/Interiors_A/prefabs/Floor/Floor_3x1.prefab
  artifactKey: Guid(be09d1532fdb6514eaa4f8a9d2a0f2e0) Importer(815301076,1909f56bfc062723c751e8b465ee728b)
Start importing Assets/LoafbrrAssets/Interiors_A/prefabs/Floor/Floor_3x1.prefab using Guid(be09d1532fdb6514eaa4f8a9d2a0f2e0) Importer(815301076,1909f56bfc062723c751e8b465ee728b) [PhysX] Initialized MultithreadedTaskDispatcher with 12 workers.
[PhysX] Initialized MultithreadedTaskDispatcher with 12 workers.
 -> (artifact id: '76cf2eb399058707e08faa62396adc16') in 0.014894 seconds
Number of updated asset objects reloaded before import = 0
Number of asset objects unloaded after import = 16
========================================================================
Received Import Request.
  Time since last request: 1.396402 seconds.
  path: Assets/LoafbrrAssets/Interiors_A/Scene/Demo_Grp.prefab
  artifactKey: Guid(d8ab4d72a1a54674499fd8f037d67c5a) Importer(815301076,1909f56bfc062723c751e8b465ee728b)
Start importing Assets/LoafbrrAssets/Interiors_A/Scene/Demo_Grp.prefab using Guid(d8ab4d72a1a54674499fd8f037d67c5a) Importer(815301076,1909f56bfc062723c751e8b465ee728b) [PhysX] Initialized MultithreadedTaskDispatcher with 12 workers.
[PhysX] Initialized MultithreadedTaskDispatcher with 12 workers.
 -> (artifact id: '3cf313dadae803cd8c3731a3a02ed207') in 0.048293 seconds
Number of updated asset objects reloaded before import = 0
Number of asset objects unloaded after import = 50
========================================================================
Received Import Request.
  Time since last request: 106.508530 seconds.
  path: Assets/LoafbrrAssets/Interiors_A/prefabs/Door
  artifactKey: Guid(881566d8df7144f4fac20fccf421110e) Importer(815301076,1909f56bfc062723c751e8b465ee728b)
Start importing Assets/LoafbrrAssets/Interiors_A/prefabs/Door using Guid(881566d8df7144f4fac20fccf421110e) Importer(815301076,1909f56bfc062723c751e8b465ee728b) [PhysX] Initialized MultithreadedTaskDispatcher with 12 workers.
 -> (artifact id: '851abd4ec6c7aff16504259e77d07277') in 0.000550 seconds
Number of updated asset objects reloaded before import = 0
Number of asset objects unloaded after import = 0
========================================================================
Received Import Request.
  Time since last request: 0.080380 seconds.
  path: Assets/LoafbrrAssets/Interiors_A/prefabs/Door/Door_A_Grp.prefab
  artifactKey: Guid(d8c6b00116c384c49a5c0b250df7b89e) Importer(815301076,1909f56bfc062723c751e8b465ee728b)
Start importing Assets/LoafbrrAssets/Interiors_A/prefabs/Door/Door_A_Grp.prefab using Guid(d8c6b00116c384c49a5c0b250df7b89e) Importer(815301076,1909f56bfc062723c751e8b465ee728b) [PhysX] Initialized MultithreadedTaskDispatcher with 12 workers.
[PhysX] Initialized MultithreadedTaskDispatcher with 12 workers.
 -> (artifact id: 'e4cca7ffd42ef593d98aec9d8dfb981b') in 0.018657 seconds
Number of updated asset objects reloaded before import = 0
Number of asset objects unloaded after import = 25
========================================================================
Received Import Request.
  Time since last request: 0.000024 seconds.
  path: Assets/LoafbrrAssets/Interiors_A/prefabs/Door/Door_G_Grp.prefab
  artifactKey: Guid(d6ffa7cfebca99149a17d2c42615ced9) Importer(815301076,1909f56bfc062723c751e8b465ee728b)
Start importing Assets/LoafbrrAssets/Interiors_A/prefabs/Door/Door_G_Grp.prefab using Guid(d6ffa7cfebca99149a17d2c42615ced9) Importer(815301076,1909f56bfc062723c751e8b465ee728b) [PhysX] Initialized MultithreadedTaskDispatcher with 12 workers.
[PhysX] Initialized MultithreadedTaskDispatcher with 12 workers.
 -> (artifact id: '49f22cf03623f41122e158fff87a30e7') in 0.019511 seconds
Number of updated asset objects reloaded before import = 0
Number of asset objects unloaded after import = 22
========================================================================
Received Import Request.
  Time since last request: 0.000016 seconds.
  path: Assets/LoafbrrAssets/Interiors_A/prefabs/Door/Door_I_Grp.prefab
  artifactKey: Guid(8129dfcf8924f274fa50abd8db1f5f90) Importer(815301076,1909f56bfc062723c751e8b465ee728b)
Start importing Assets/LoafbrrAssets/Interiors_A/prefabs/Door/Door_I_Grp.prefab using Guid(8129dfcf8924f274fa50abd8db1f5f90) Importer(815301076,1909f56bfc062723c751e8b465ee728b) [PhysX] Initialized MultithreadedTaskDispatcher with 12 workers.
[PhysX] Initialized MultithreadedTaskDispatcher with 12 workers.
 -> (artifact id: 'b84b4ba14647eca284f96282bfefb925') in 0.025603 seconds
Number of updated asset objects reloaded before import = 0
Number of asset objects unloaded after import = 22
========================================================================
Received Import Request.
  Time since last request: 0.000022 seconds.
  path: Assets/LoafbrrAssets/Interiors_A/prefabs/Door/Door_F_Grp.prefab
  artifactKey: Guid(c0ee31c2922382549829e04cb976bbf3) Importer(815301076,1909f56bfc062723c751e8b465ee728b)
Start importing Assets/LoafbrrAssets/Interiors_A/prefabs/Door/Door_F_Grp.prefab using Guid(c0ee31c2922382549829e04cb976bbf3) Importer(815301076,1909f56bfc062723c751e8b465ee728b) [PhysX] Initialized MultithreadedTaskDispatcher with 12 workers.
[PhysX] Initialized MultithreadedTaskDispatcher with 12 workers.
 -> (artifact id: 'd28c731a064bfce5553bc26bb5fc2518') in 0.025662 seconds
Number of updated asset objects reloaded before import = 0
Number of asset objects unloaded after import = 27
========================================================================
Received Import Request.
  Time since last request: 158.246701 seconds.
  path: Assets/POLYGON city pack/Meshes,textures/lamps fbx
  artifactKey: Guid(1d1b50e188cdf104183861610963226a) Importer(815301076,1909f56bfc062723c751e8b465ee728b)
Start importing Assets/POLYGON city pack/Meshes,textures/lamps fbx using Guid(1d1b50e188cdf104183861610963226a) Importer(815301076,1909f56bfc062723c751e8b465ee728b) [PhysX] Initialized MultithreadedTaskDispatcher with 12 workers.
 -> (artifact id: '752c5cb7f6c33bdcad99e593066970f6') in 0.000566 seconds
Number of updated asset objects reloaded before import = 0
Number of asset objects unloaded after import = 0
========================================================================
Received Import Request.
  Time since last request: 0.119566 seconds.
  path: Assets/POLYGON city pack/Meshes,textures/lamps fbx/Lamp 1.fbx
  artifactKey: Guid(2cdf68410101ccc4cb2930f04309b21e) Importer(815301076,1909f56bfc062723c751e8b465ee728b)
Start importing Assets/POLYGON city pack/Meshes,textures/lamps fbx/Lamp 1.fbx using Guid(2cdf68410101ccc4cb2930f04309b21e) Importer(815301076,1909f56bfc062723c751e8b465ee728b) [PhysX] Initialized MultithreadedTaskDispatcher with 12 workers.
[PhysX] Initialized MultithreadedTaskDispatcher with 12 workers.
[PhysX] Initialized MultithreadedTaskDispatcher with 12 workers.
 -> (artifact id: '78052a2784fd50b091147f3e32aa7ddf') in 0.033728 seconds
Number of updated asset objects reloaded before import = 0
Number of asset objects unloaded after import = 9
========================================================================
Received Import Request.
  Time since last request: 0.000017 seconds.
  path: Assets/POLYGON city pack/Meshes,textures/lamps fbx/Lamp 5.fbx
  artifactKey: Guid(c3de07d6bee166642b817e199683c67a) Importer(815301076,1909f56bfc062723c751e8b465ee728b)
Start importing Assets/POLYGON city pack/Meshes,textures/lamps fbx/Lamp 5.fbx using Guid(c3de07d6bee166642b817e199683c67a) Importer(815301076,1909f56bfc062723c751e8b465ee728b) [PhysX] Initialized MultithreadedTaskDispatcher with 12 workers.
[PhysX] Initialized MultithreadedTaskDispatcher with 12 workers.
[PhysX] Initialized MultithreadedTaskDispatcher with 12 workers.
 -> (artifact id: 'e77b2de808ff842fe9f78f231e666adc') in 0.015172 seconds
Number of updated asset objects reloaded before import = 0
Number of asset objects unloaded after import = 9
========================================================================
Received Import Request.
  Time since last request: 0.000023 seconds.
  path: Assets/POLYGON city pack/Meshes,textures/lamps fbx/Lamp 7.fbx
  artifactKey: Guid(922590532a0cc3747a2ef2ce1f2ceb73) Importer(815301076,1909f56bfc062723c751e8b465ee728b)
Start importing Assets/POLYGON city pack/Meshes,textures/lamps fbx/Lamp 7.fbx using Guid(922590532a0cc3747a2ef2ce1f2ceb73) Importer(815301076,1909f56bfc062723c751e8b465ee728b) [PhysX] Initialized MultithreadedTaskDispatcher with 12 workers.
[PhysX] Initialized MultithreadedTaskDispatcher with 12 workers.
[PhysX] Initialized MultithreadedTaskDispatcher with 12 workers.
 -> (artifact id: '5c8a6b4aaf33adbfca84a20bcef4d408') in 0.015264 seconds
Number of updated asset objects reloaded before import = 0
Number of asset objects unloaded after import = 10
========================================================================
Received Import Request.
  Time since last request: 0.000016 seconds.
  path: Assets/POLYGON city pack/Meshes,textures/lamps fbx/Lamp 3.fbx
  artifactKey: Guid(ccc6016a646d8434d96b70afd783f17b) Importer(815301076,1909f56bfc062723c751e8b465ee728b)
Start importing Assets/POLYGON city pack/Meshes,textures/lamps fbx/Lamp 3.fbx using Guid(ccc6016a646d8434d96b70afd783f17b) Importer(815301076,1909f56bfc062723c751e8b465ee728b) [PhysX] Initialized MultithreadedTaskDispatcher with 12 workers.
[PhysX] Initialized MultithreadedTaskDispatcher with 12 workers.
[PhysX] Initialized MultithreadedTaskDispatcher with 12 workers.
 -> (artifact id: 'df1e239577597b9c6ec76a01dafd5c1f') in 0.014093 seconds
Number of updated asset objects reloaded before import = 0
Number of asset objects unloaded after import = 9
========================================================================
Received Import Request.
  Time since last request: 0.000015 seconds.
  path: Assets/POLYGON city pack/Meshes,textures/lamps fbx/Lamp 6.fbx
  artifactKey: Guid(168f5fc1da295dd45b5042ca60fcdc06) Importer(815301076,1909f56bfc062723c751e8b465ee728b)
Start importing Assets/POLYGON city pack/Meshes,textures/lamps fbx/Lamp 6.fbx using Guid(168f5fc1da295dd45b5042ca60fcdc06) Importer(815301076,1909f56bfc062723c751e8b465ee728b) [PhysX] Initialized MultithreadedTaskDispatcher with 12 workers.
[PhysX] Initialized MultithreadedTaskDispatcher with 12 workers.
[PhysX] Initialized MultithreadedTaskDispatcher with 12 workers.
 -> (artifact id: '6cf23d7ac65753c189bf967230d538a6') in 0.015483 seconds
Number of updated asset objects reloaded before import = 0
Number of asset objects unloaded after import = 9
========================================================================
Received Import Request.
  Time since last request: 0.000017 seconds.
  path: Assets/POLYGON city pack/Meshes,textures/lamps fbx/Lamp 4.fbx
  artifactKey: Guid(f902645b129fcf74a830cdfad1f88865) Importer(815301076,1909f56bfc062723c751e8b465ee728b)
Start importing Assets/POLYGON city pack/Meshes,textures/lamps fbx/Lamp 4.fbx using Guid(f902645b129fcf74a830cdfad1f88865) Importer(815301076,1909f56bfc062723c751e8b465ee728b) [PhysX] Initialized MultithreadedTaskDispatcher with 12 workers.
[PhysX] Initialized MultithreadedTaskDispatcher with 12 workers.
[PhysX] Initialized MultithreadedTaskDispatcher with 12 workers.
 -> (artifact id: 'af1c970c5580545dcfef723c77b2508f') in 0.015386 seconds
Number of updated asset objects reloaded before import = 0
Number of asset objects unloaded after import = 10
========================================================================
Received Import Request.
  Time since last request: 1.993024 seconds.
  path: Assets/POLYGON city pack/Meshes,textures/lamps fbx/Materials
  artifactKey: Guid(6f77953547fdebf41b5b05ed8a4b08b8) Importer(815301076,1909f56bfc062723c751e8b465ee728b)
Start importing Assets/POLYGON city pack/Meshes,textures/lamps fbx/Materials using Guid(6f77953547fdebf41b5b05ed8a4b08b8) Importer(815301076,1909f56bfc062723c751e8b465ee728b) [PhysX] Initialized MultithreadedTaskDispatcher with 12 workers.
 -> (artifact id: '05ed1b0be1f43be4ae3d2794de2f7d46') in 0.000591 seconds
Number of updated asset objects reloaded before import = 0
Number of asset objects unloaded after import = 0
========================================================================
Received Import Request.
  Time since last request: 0.085335 seconds.
  path: Assets/POLYGON city pack/Meshes,textures/lamps fbx/Materials/Material.001.mat
  artifactKey: Guid(6754734f321ba1f45a008d3580566265) Importer(815301076,1909f56bfc062723c751e8b465ee728b)
Start importing Assets/POLYGON city pack/Meshes,textures/lamps fbx/Materials/Material.001.mat using Guid(6754734f321ba1f45a008d3580566265) Importer(815301076,1909f56bfc062723c751e8b465ee728b) [PhysX] Initialized MultithreadedTaskDispatcher with 12 workers.
[PhysX] Initialized MultithreadedTaskDispatcher with 12 workers.
 -> (artifact id: '7118d391f0d21a7e6e54cf0dd3b0864a') in 0.011629 seconds
Number of updated asset objects reloaded before import = 0
Number of asset objects unloaded after import = 1
========================================================================
Received Import Request.
  Time since last request: 0.000016 seconds.
  path: Assets/POLYGON city pack/Meshes,textures/lamps fbx/Materials/Material.009.mat
  artifactKey: Guid(fdec1f7b46d435c4485bc8d2d836cb42) Importer(815301076,1909f56bfc062723c751e8b465ee728b)
Start importing Assets/POLYGON city pack/Meshes,textures/lamps fbx/Materials/Material.009.mat using Guid(fdec1f7b46d435c4485bc8d2d836cb42) Importer(815301076,1909f56bfc062723c751e8b465ee728b) [PhysX] Initialized MultithreadedTaskDispatcher with 12 workers.
[PhysX] Initialized MultithreadedTaskDispatcher with 12 workers.
 -> (artifact id: '9fd679859c32c2b01dd5116135b4ef9c') in 0.010828 seconds
Number of updated asset objects reloaded before import = 0
Number of asset objects unloaded after import = 1
========================================================================
Received Import Request.
  Time since last request: 0.000015 seconds.
  path: Assets/POLYGON city pack/Meshes,textures/lamps fbx/Materials/Material.012.mat
  artifactKey: Guid(e52f3fca3932ca14fb4bd29705f49aa7) Importer(815301076,1909f56bfc062723c751e8b465ee728b)
Start importing Assets/POLYGON city pack/Meshes,textures/lamps fbx/Materials/Material.012.mat using Guid(e52f3fca3932ca14fb4bd29705f49aa7) Importer(815301076,1909f56bfc062723c751e8b465ee728b) [PhysX] Initialized MultithreadedTaskDispatcher with 12 workers.
[PhysX] Initialized MultithreadedTaskDispatcher with 12 workers.
 -> (artifact id: '86ff918e89a86f1afb4179371c51098a') in 0.009545 seconds
Number of updated asset objects reloaded before import = 0
Number of asset objects unloaded after import = 1
========================================================================
Received Import Request.
  Time since last request: 0.000013 seconds.
  path: Assets/POLYGON city pack/Meshes,textures/lamps fbx/Materials/Material.014.mat
  artifactKey: Guid(1349a95e3e1d75145bb55d9fa31f4466) Importer(815301076,1909f56bfc062723c751e8b465ee728b)
Start importing Assets/POLYGON city pack/Meshes,textures/lamps fbx/Materials/Material.014.mat using Guid(1349a95e3e1d75145bb55d9fa31f4466) Importer(815301076,1909f56bfc062723c751e8b465ee728b) [PhysX] Initialized MultithreadedTaskDispatcher with 12 workers.
[PhysX] Initialized MultithreadedTaskDispatcher with 12 workers.
 -> (artifact id: '5f21efa8fa567fdb9a2682fea9131cc6') in 0.009714 seconds
Number of updated asset objects reloaded before import = 0
Number of asset objects unloaded after import = 1
========================================================================
Received Import Request.
  Time since last request: 0.000015 seconds.
  path: Assets/POLYGON city pack/Meshes,textures/lamps fbx/Materials/Material.006.mat
  artifactKey: Guid(e4340600a875367468ad256d47782634) Importer(815301076,1909f56bfc062723c751e8b465ee728b)
Start importing Assets/POLYGON city pack/Meshes,textures/lamps fbx/Materials/Material.006.mat using Guid(e4340600a875367468ad256d47782634) Importer(815301076,1909f56bfc062723c751e8b465ee728b) [PhysX] Initialized MultithreadedTaskDispatcher with 12 workers.
[PhysX] Initialized MultithreadedTaskDispatcher with 12 workers.
 -> (artifact id: 'db88fadfbe09cd0e1e53de565b91d39e') in 0.009671 seconds
Number of updated asset objects reloaded before import = 0
Number of asset objects unloaded after import = 1
========================================================================
Received Import Request.
  Time since last request: 0.000033 seconds.
  path: Assets/POLYGON city pack/Meshes,textures/lamps fbx/Materials/Material.010.mat
  artifactKey: Guid(278a961f8876d67458c6b276fffd66c1) Importer(815301076,1909f56bfc062723c751e8b465ee728b)
Start importing Assets/POLYGON city pack/Meshes,textures/lamps fbx/Materials/Material.010.mat using Guid(278a961f8876d67458c6b276fffd66c1) Importer(815301076,1909f56bfc062723c751e8b465ee728b) [PhysX] Initialized MultithreadedTaskDispatcher with 12 workers.
[PhysX] Initialized MultithreadedTaskDispatcher with 12 workers.
 -> (artifact id: 'ff124f075dd79c0ff6eaaa64fd13ba4f') in 0.009987 seconds
Number of updated asset objects reloaded before import = 0
Number of asset objects unloaded after import = 1
========================================================================
Received Import Request.
  Time since last request: 0.000019 seconds.
  path: Assets/POLYGON city pack/Meshes,textures/lamps fbx/Materials/Material.018.mat
  artifactKey: Guid(eba715dc78bb41e43be907196b991995) Importer(815301076,1909f56bfc062723c751e8b465ee728b)
Start importing Assets/POLYGON city pack/Meshes,textures/lamps fbx/Materials/Material.018.mat using Guid(eba715dc78bb41e43be907196b991995) Importer(815301076,1909f56bfc062723c751e8b465ee728b) [PhysX] Initialized MultithreadedTaskDispatcher with 12 workers.
[PhysX] Initialized MultithreadedTaskDispatcher with 12 workers.
 -> (artifact id: 'd6ecb7dccc399a568aca0fab3ecd9f87') in 0.010187 seconds
Number of updated asset objects reloaded before import = 0
Number of asset objects unloaded after import = 1
========================================================================
Received Import Request.
  Time since last request: 0.000017 seconds.
  path: Assets/POLYGON city pack/Meshes,textures/lamps fbx/Materials/Material.004.mat
  artifactKey: Guid(4e882d15ddb40484e92bd2019384046e) Importer(815301076,1909f56bfc062723c751e8b465ee728b)
Start importing Assets/POLYGON city pack/Meshes,textures/lamps fbx/Materials/Material.004.mat using Guid(4e882d15ddb40484e92bd2019384046e) Importer(815301076,1909f56bfc062723c751e8b465ee728b) [PhysX] Initialized MultithreadedTaskDispatcher with 12 workers.
[PhysX] Initialized MultithreadedTaskDispatcher with 12 workers.
 -> (artifact id: '6a06b3525b690db23715d2edf70a1d28') in 0.010545 seconds
Number of updated asset objects reloaded before import = 0
Number of asset objects unloaded after import = 1
========================================================================
Received Import Request.
  Time since last request: 0.000017 seconds.
  path: Assets/POLYGON city pack/Meshes,textures/lamps fbx/Materials/Material.007.mat
  artifactKey: Guid(573e627fd87603c45a297e66c4ad0e76) Importer(815301076,1909f56bfc062723c751e8b465ee728b)
Start importing Assets/POLYGON city pack/Meshes,textures/lamps fbx/Materials/Material.007.mat using Guid(573e627fd87603c45a297e66c4ad0e76) Importer(815301076,1909f56bfc062723c751e8b465ee728b) [PhysX] Initialized MultithreadedTaskDispatcher with 12 workers.
[PhysX] Initialized MultithreadedTaskDispatcher with 12 workers.
 -> (artifact id: '8cec55a4036ecec7f29e507b9cfb218d') in 0.011233 seconds
Number of updated asset objects reloaded before import = 0
Number of asset objects unloaded after import = 1
========================================================================
Received Import Request.
  Time since last request: 5.616458 seconds.
  path: Assets/POLYGON city pack/Meshes,textures/Letters FBX/Letter_A.fbx
  artifactKey: Guid(ff7a8545b8373424ba22aa7aeac6f8f9) Importer(815301076,1909f56bfc062723c751e8b465ee728b)
Start importing Assets/POLYGON city pack/Meshes,textures/Letters FBX/Letter_A.fbx using Guid(ff7a8545b8373424ba22aa7aeac6f8f9) Importer(815301076,1909f56bfc062723c751e8b465ee728b) [PhysX] Initialized MultithreadedTaskDispatcher with 12 workers.
[PhysX] Initialized MultithreadedTaskDispatcher with 12 workers.
[PhysX] Initialized MultithreadedTaskDispatcher with 12 workers.
[PhysX] Initialized MultithreadedTaskDispatcher with 12 workers.
[PhysX] Initialized MultithreadedTaskDispatcher with 12 workers.
[PhysX] Initialized MultithreadedTaskDispatcher with 12 workers.
 -> (artifact id: 'c5bc78df70e85c1969925932659dae08') in 0.021891 seconds
Number of updated asset objects reloaded before import = 0
Number of asset objects unloaded after import = 15
========================================================================
Received Import Request.
  Time since last request: 0.000015 seconds.
  path: Assets/POLYGON city pack/Meshes,textures/Letters FBX/Letter_J.fbx
  artifactKey: Guid(4a26bb995f0ccb841b1b303323b48e7b) Importer(815301076,1909f56bfc062723c751e8b465ee728b)
Start importing Assets/POLYGON city pack/Meshes,textures/Letters FBX/Letter_J.fbx using Guid(4a26bb995f0ccb841b1b303323b48e7b) Importer(815301076,1909f56bfc062723c751e8b465ee728b) [PhysX] Initialized MultithreadedTaskDispatcher with 12 workers.
[PhysX] Initialized MultithreadedTaskDispatcher with 12 workers.
[PhysX] Initialized MultithreadedTaskDispatcher with 12 workers.
 -> (artifact id: 'e858822452ffc6328406bf445d1caf81') in 0.014536 seconds
Number of updated asset objects reloaded before import = 0
Number of asset objects unloaded after import = 8
========================================================================
Received Import Request.
  Time since last request: 0.000014 seconds.
  path: Assets/POLYGON city pack/Meshes,textures/Letters FBX/Letter_X.fbx
  artifactKey: Guid(7ec51ab96ae715a4d9a760feec3fd5fc) Importer(815301076,1909f56bfc062723c751e8b465ee728b)
Start importing Assets/POLYGON city pack/Meshes,textures/Letters FBX/Letter_X.fbx using Guid(7ec51ab96ae715a4d9a760feec3fd5fc) Importer(815301076,1909f56bfc062723c751e8b465ee728b) [PhysX] Initialized MultithreadedTaskDispatcher with 12 workers.
[PhysX] Initialized MultithreadedTaskDispatcher with 12 workers.
[PhysX] Initialized MultithreadedTaskDispatcher with 12 workers.
 -> (artifact id: '002c8d5370f79a6ef1c85607ceeb0b69') in 0.013709 seconds
Number of updated asset objects reloaded before import = 0
Number of asset objects unloaded after import = 8
========================================================================
Received Import Request.
  Time since last request: 0.000017 seconds.
  path: Assets/POLYGON city pack/Meshes,textures/Letters FBX/Letter_O.fbx
  artifactKey: Guid(beea0a1e7a1816647b2ae9bc651efe8c) Importer(815301076,1909f56bfc062723c751e8b465ee728b)
Start importing Assets/POLYGON city pack/Meshes,textures/Letters FBX/Letter_O.fbx using Guid(beea0a1e7a1816647b2ae9bc651efe8c) Importer(815301076,1909f56bfc062723c751e8b465ee728b) [PhysX] Initialized MultithreadedTaskDispatcher with 12 workers.
[PhysX] Initialized MultithreadedTaskDispatcher with 12 workers.
[PhysX] Initialized MultithreadedTaskDispatcher with 12 workers.
 -> (artifact id: '14230660ca1dec4b5671f1054194343c') in 0.014269 seconds
Number of updated asset objects reloaded before import = 0
Number of asset objects unloaded after import = 8
========================================================================
Received Import Request.
  Time since last request: 0.000018 seconds.
  path: Assets/POLYGON city pack/Meshes,textures/Letters FBX/Letter_L.fbx
  artifactKey: Guid(49b01d2c02539464f98ac2754a163c33) Importer(815301076,1909f56bfc062723c751e8b465ee728b)
Start importing Assets/POLYGON city pack/Meshes,textures/Letters FBX/Letter_L.fbx using Guid(49b01d2c02539464f98ac2754a163c33) Importer(815301076,1909f56bfc062723c751e8b465ee728b) [PhysX] Initialized MultithreadedTaskDispatcher with 12 workers.
[PhysX] Initialized MultithreadedTaskDispatcher with 12 workers.
[PhysX] Initialized MultithreadedTaskDispatcher with 12 workers.
 -> (artifact id: '79aeaa0410385a85526171c459be023f') in 0.015784 seconds
Number of updated asset objects reloaded before import = 0
Number of asset objects unloaded after import = 8
========================================================================
Received Import Request.
  Time since last request: 0.000018 seconds.
  path: Assets/POLYGON city pack/Meshes,textures/Letters FBX/Letter_N.fbx
  artifactKey: Guid(cb4303d8f5ed37b4bbb860221d9be6e6) Importer(815301076,1909f56bfc062723c751e8b465ee728b)
Start importing Assets/POLYGON city pack/Meshes,textures/Letters FBX/Letter_N.fbx using Guid(cb4303d8f5ed37b4bbb860221d9be6e6) Importer(815301076,1909f56bfc062723c751e8b465ee728b) [PhysX] Initialized MultithreadedTaskDispatcher with 12 workers.
[PhysX] Initialized MultithreadedTaskDispatcher with 12 workers.
[PhysX] Initialized MultithreadedTaskDispatcher with 12 workers.
 -> (artifact id: 'b6d0d7194deb1dc487604c563b1f6e3b') in 0.016197 seconds
Number of updated asset objects reloaded before import = 0
Number of asset objects unloaded after import = 8
========================================================================
Received Import Request.
  Time since last request: 0.000025 seconds.
  path: Assets/POLYGON city pack/Meshes,textures/Letters FBX/Letter_W.fbx
  artifactKey: Guid(2569398b72098bf4a9e61e87eefcfa78) Importer(815301076,1909f56bfc062723c751e8b465ee728b)
Start importing Assets/POLYGON city pack/Meshes,textures/Letters FBX/Letter_W.fbx using Guid(2569398b72098bf4a9e61e87eefcfa78) Importer(815301076,1909f56bfc062723c751e8b465ee728b) [PhysX] Initialized MultithreadedTaskDispatcher with 12 workers.
[PhysX] Initialized MultithreadedTaskDispatcher with 12 workers.
[PhysX] Initialized MultithreadedTaskDispatcher with 12 workers.
 -> (artifact id: '2981424dc6cf594e7e53a72e6ca60393') in 0.014792 seconds
Number of updated asset objects reloaded before import = 0
Number of asset objects unloaded after import = 8
========================================================================
Received Import Request.
  Time since last request: 0.000017 seconds.
  path: Assets/POLYGON city pack/Meshes,textures/Letters FBX/Letter_E.fbx
  artifactKey: Guid(f2a2569c67177d54c8edfc4ce3cc77ff) Importer(815301076,1909f56bfc062723c751e8b465ee728b)
Start importing Assets/POLYGON city pack/Meshes,textures/Letters FBX/Letter_E.fbx using Guid(f2a2569c67177d54c8edfc4ce3cc77ff) Importer(815301076,1909f56bfc062723c751e8b465ee728b) [PhysX] Initialized MultithreadedTaskDispatcher with 12 workers.
[PhysX] Initialized MultithreadedTaskDispatcher with 12 workers.
[PhysX] Initialized MultithreadedTaskDispatcher with 12 workers.
[PhysX] Initialized MultithreadedTaskDispatcher with 12 workers.
[PhysX] Initialized MultithreadedTaskDispatcher with 12 workers.
[PhysX] Initialized MultithreadedTaskDispatcher with 12 workers.
 -> (artifact id: 'a694ad4748701c8df4a1aea7777a18cd') in 0.021290 seconds
Number of updated asset objects reloaded before import = 0
Number of asset objects unloaded after import = 15
========================================================================
Received Import Request.
  Time since last request: 0.000014 seconds.
  path: Assets/POLYGON city pack/Meshes,textures/Letters FBX/Letter_U.fbx
  artifactKey: Guid(958c36b54f0e6f743b434738726556c0) Importer(815301076,1909f56bfc062723c751e8b465ee728b)
Start importing Assets/POLYGON city pack/Meshes,textures/Letters FBX/Letter_U.fbx using Guid(958c36b54f0e6f743b434738726556c0) Importer(815301076,1909f56bfc062723c751e8b465ee728b) [PhysX] Initialized MultithreadedTaskDispatcher with 12 workers.
[PhysX] Initialized MultithreadedTaskDispatcher with 12 workers.
[PhysX] Initialized MultithreadedTaskDispatcher with 12 workers.
 -> (artifact id: '10f63c8615b97323b163d8cbff4f484c') in 0.013679 seconds
Number of updated asset objects reloaded before import = 0
Number of asset objects unloaded after import = 8
========================================================================
Received Import Request.
  Time since last request: 0.000018 seconds.
  path: Assets/POLYGON city pack/Meshes,textures/Letters FBX/Letter_I.fbx
  artifactKey: Guid(d4524599ea74ffc42909c20b4ae0e86b) Importer(815301076,1909f56bfc062723c751e8b465ee728b)
Start importing Assets/POLYGON city pack/Meshes,textures/Letters FBX/Letter_I.fbx using Guid(d4524599ea74ffc42909c20b4ae0e86b) Importer(815301076,1909f56bfc062723c751e8b465ee728b) [PhysX] Initialized MultithreadedTaskDispatcher with 12 workers.
[PhysX] Initialized MultithreadedTaskDispatcher with 12 workers.
[PhysX] Initialized MultithreadedTaskDispatcher with 12 workers.
 -> (artifact id: '84c65c14fe7c0b31a18e205a99d0dde8') in 0.016842 seconds
Number of updated asset objects reloaded before import = 0
Number of asset objects unloaded after import = 8
========================================================================
Received Import Request.
  Time since last request: 0.000017 seconds.
  path: Assets/POLYGON city pack/Meshes,textures/Letters FBX/Letter_P.fbx
  artifactKey: Guid(5d5a8afebdfffa946aecda152a732b42) Importer(815301076,1909f56bfc062723c751e8b465ee728b)
Start importing Assets/POLYGON city pack/Meshes,textures/Letters FBX/Letter_P.fbx using Guid(5d5a8afebdfffa946aecda152a732b42) Importer(815301076,1909f56bfc062723c751e8b465ee728b) [PhysX] Initialized MultithreadedTaskDispatcher with 12 workers.
[PhysX] Initialized MultithreadedTaskDispatcher with 12 workers.
[PhysX] Initialized MultithreadedTaskDispatcher with 12 workers.
 -> (artifact id: '343a0827713161bdb2d2ccc9eca9f9b1') in 0.015557 seconds
Number of updated asset objects reloaded before import = 0
Number of asset objects unloaded after import = 8
========================================================================
Received Import Request.
  Time since last request: 3.520344 seconds.
  path: Assets/POLYGON city pack/Meshes,textures/ways_FBX/grass.png
  artifactKey: Guid(761fcc9b74a11dc4097e656edc402314) Importer(815301076,1909f56bfc062723c751e8b465ee728b)
Start importing Assets/POLYGON city pack/Meshes,textures/ways_FBX/grass.png using Guid(761fcc9b74a11dc4097e656edc402314) Importer(815301076,1909f56bfc062723c751e8b465ee728b) [PhysX] Initialized MultithreadedTaskDispatcher with 12 workers.
[PhysX] Initialized MultithreadedTaskDispatcher with 12 workers.
 -> (artifact id: '2f0bc1b7c5886ab89eb1f51c8c0ebd4f') in 0.013069 seconds
Number of updated asset objects reloaded before import = 0
Number of asset objects unloaded after import = 2
========================================================================
Received Import Request.
  Time since last request: 0.000019 seconds.
  path: Assets/POLYGON city pack/Meshes,textures/ways_FBX/Street_13.png
  artifactKey: Guid(0330ce59f36cc2e46b53d06c827b4e18) Importer(815301076,1909f56bfc062723c751e8b465ee728b)
Start importing Assets/POLYGON city pack/Meshes,textures/ways_FBX/Street_13.png using Guid(0330ce59f36cc2e46b53d06c827b4e18) Importer(815301076,1909f56bfc062723c751e8b465ee728b) [PhysX] Initialized MultithreadedTaskDispatcher with 12 workers.
[PhysX] Initialized MultithreadedTaskDispatcher with 12 workers.
 -> (artifact id: '58cba28199c2f61b6bc4f453b8c5ed3e') in 0.010396 seconds
Number of updated asset objects reloaded before import = 0
Number of asset objects unloaded after import = 2
========================================================================
Received Import Request.
  Time since last request: 0.000017 seconds.
  path: Assets/POLYGON city pack/Meshes,textures/ways_FBX/Street.png
  artifactKey: Guid(3dff680b780a2bf4898db59c61713bc8) Importer(815301076,1909f56bfc062723c751e8b465ee728b)
Start importing Assets/POLYGON city pack/Meshes,textures/ways_FBX/Street.png using Guid(3dff680b780a2bf4898db59c61713bc8) Importer(815301076,1909f56bfc062723c751e8b465ee728b) [PhysX] Initialized MultithreadedTaskDispatcher with 12 workers.
[PhysX] Initialized MultithreadedTaskDispatcher with 12 workers.
 -> (artifact id: '20efc11059dcb6ba81e93d0b7ce61180') in 0.010698 seconds
Number of updated asset objects reloaded before import = 0
Number of asset objects unloaded after import = 2
========================================================================
Received Import Request.
  Time since last request: 0.000013 seconds.
  path: Assets/POLYGON city pack/Meshes,textures/ways_FBX/Sidewalk_07.fbx
  artifactKey: Guid(4182ff7738f67c040a0d1657460afb50) Importer(815301076,1909f56bfc062723c751e8b465ee728b)
Start importing Assets/POLYGON city pack/Meshes,textures/ways_FBX/Sidewalk_07.fbx using Guid(4182ff7738f67c040a0d1657460afb50) Importer(815301076,1909f56bfc062723c751e8b465ee728b) [PhysX] Initialized MultithreadedTaskDispatcher with 12 workers.
[PhysX] Initialized MultithreadedTaskDispatcher with 12 workers.
[PhysX] Initialized MultithreadedTaskDispatcher with 12 workers.
 -> (artifact id: 'de421a60ab55c12438eaeee8982578d6') in 0.019452 seconds
Number of updated asset objects reloaded before import = 0
Number of asset objects unloaded after import = 10
========================================================================
Received Import Request.
  Time since last request: 0.000016 seconds.
  path: Assets/POLYGON city pack/Meshes,textures/ways_FBX/Street_21.png
  artifactKey: Guid(ee38df303c31c87478af52f4821cae02) Importer(815301076,1909f56bfc062723c751e8b465ee728b)
Start importing Assets/POLYGON city pack/Meshes,textures/ways_FBX/Street_21.png using Guid(ee38df303c31c87478af52f4821cae02) Importer(815301076,1909f56bfc062723c751e8b465ee728b) [PhysX] Initialized MultithreadedTaskDispatcher with 12 workers.
[PhysX] Initialized MultithreadedTaskDispatcher with 12 workers.
 -> (artifact id: 'b68e62d881eec281efff69b141fad3bf') in 0.012161 seconds
Number of updated asset objects reloaded before import = 0
Number of asset objects unloaded after import = 2
========================================================================
Received Import Request.
  Time since last request: 0.000018 seconds.
  path: Assets/POLYGON city pack/Meshes,textures/ways_FBX/Street_06.png
  artifactKey: Guid(08aeea4bea88cb149b9d1b6dd1d95632) Importer(815301076,1909f56bfc062723c751e8b465ee728b)
Start importing Assets/POLYGON city pack/Meshes,textures/ways_FBX/Street_06.png using Guid(08aeea4bea88cb149b9d1b6dd1d95632) Importer(815301076,1909f56bfc062723c751e8b465ee728b) [PhysX] Initialized MultithreadedTaskDispatcher with 12 workers.
[PhysX] Initialized MultithreadedTaskDispatcher with 12 workers.
 -> (artifact id: '2817ac479a2c0e27ef4abf2fcd1e3524') in 0.010227 seconds
Number of updated asset objects reloaded before import = 0
Number of asset objects unloaded after import = 2
========================================================================
Received Import Request.
  Time since last request: 0.000018 seconds.
  path: Assets/POLYGON city pack/Meshes,textures/ways_FBX/StoneWay_03.fbx
  artifactKey: Guid(64ee37e177ba4664a9ea99ddef04cc3b) Importer(815301076,1909f56bfc062723c751e8b465ee728b)
Start importing Assets/POLYGON city pack/Meshes,textures/ways_FBX/StoneWay_03.fbx using Guid(64ee37e177ba4664a9ea99ddef04cc3b) Importer(815301076,1909f56bfc062723c751e8b465ee728b) [PhysX] Initialized MultithreadedTaskDispatcher with 12 workers.
[PhysX] Initialized MultithreadedTaskDispatcher with 12 workers.
[PhysX] Initialized MultithreadedTaskDispatcher with 12 workers.
 -> (artifact id: 'b912fccb3071e89d84ee223c1eba5e6b') in 0.014339 seconds
Number of updated asset objects reloaded before import = 0
Number of asset objects unloaded after import = 8
========================================================================
Received Import Request.
  Time since last request: 0.000014 seconds.
  path: Assets/POLYGON city pack/Meshes,textures/ways_FBX/Street_10.png
  artifactKey: Guid(9dbb0934ce8bbc74fab652316a5c0a0b) Importer(815301076,1909f56bfc062723c751e8b465ee728b)
Start importing Assets/POLYGON city pack/Meshes,textures/ways_FBX/Street_10.png using Guid(9dbb0934ce8bbc74fab652316a5c0a0b) Importer(815301076,1909f56bfc062723c751e8b465ee728b) [PhysX] Initialized MultithreadedTaskDispatcher with 12 workers.
[PhysX] Initialized MultithreadedTaskDispatcher with 12 workers.
 -> (artifact id: 'e18122c6bf9e9be1ddfd2a4bc3cf5947') in 0.011090 seconds
Number of updated asset objects reloaded before import = 0
Number of asset objects unloaded after import = 2
========================================================================
Received Import Request.
  Time since last request: 0.000020 seconds.
  path: Assets/POLYGON city pack/Meshes,textures/ways_FBX/WalkWay_01.fbx
  artifactKey: Guid(09154e56d80caab4a88063d4853c1b11) Importer(815301076,1909f56bfc062723c751e8b465ee728b)
Start importing Assets/POLYGON city pack/Meshes,textures/ways_FBX/WalkWay_01.fbx using Guid(09154e56d80caab4a88063d4853c1b11) Importer(815301076,1909f56bfc062723c751e8b465ee728b) [PhysX] Initialized MultithreadedTaskDispatcher with 12 workers.
[PhysX] Initialized MultithreadedTaskDispatcher with 12 workers.
[PhysX] Initialized MultithreadedTaskDispatcher with 12 workers.
 -> (artifact id: '5c660cceef060c8688b59e853eca498f') in 0.015782 seconds
Number of updated asset objects reloaded before import = 0
Number of asset objects unloaded after import = 9
========================================================================
Received Import Request.
  Time since last request: 0.000015 seconds.
  path: Assets/POLYGON city pack/Meshes,textures/ways_FBX/Street_02.png
  artifactKey: Guid(6c92bbd88ca95564cbdeefe69536944f) Importer(815301076,1909f56bfc062723c751e8b465ee728b)
Start importing Assets/POLYGON city pack/Meshes,textures/ways_FBX/Street_02.png using Guid(6c92bbd88ca95564cbdeefe69536944f) Importer(815301076,1909f56bfc062723c751e8b465ee728b) [PhysX] Initialized MultithreadedTaskDispatcher with 12 workers.
[PhysX] Initialized MultithreadedTaskDispatcher with 12 workers.
 -> (artifact id: 'a5c9e072bf4587f97b7a2ca9a126775a') in 0.009822 seconds
Number of updated asset objects reloaded before import = 0
Number of asset objects unloaded after import = 2
========================================================================
Received Import Request.
  Time since last request: 0.000017 seconds.
  path: Assets/POLYGON city pack/Meshes,textures/ways_FBX/Sidewalk_05.fbx
  artifactKey: Guid(5b37bebced2befa4cb0fa7e92016e465) Importer(815301076,1909f56bfc062723c751e8b465ee728b)
Start importing Assets/POLYGON city pack/Meshes,textures/ways_FBX/Sidewalk_05.fbx using Guid(5b37bebced2befa4cb0fa7e92016e465) Importer(815301076,1909f56bfc062723c751e8b465ee728b) [PhysX] Initialized MultithreadedTaskDispatcher with 12 workers.
[PhysX] Initialized MultithreadedTaskDispatcher with 12 workers.
[PhysX] Initialized MultithreadedTaskDispatcher with 12 workers.
 -> (artifact id: 'e2133d13255b4d9af033557a2c0b0d78') in 0.013898 seconds
Number of updated asset objects reloaded before import = 0
Number of asset objects unloaded after import = 9
========================================================================
Received Import Request.
  Time since last request: 0.000013 seconds.
  path: Assets/POLYGON city pack/Meshes,textures/ways_FBX/StoneWay_02.fbx
  artifactKey: Guid(4e3e059c89323914fb36eb8b12ecc6ba) Importer(815301076,1909f56bfc062723c751e8b465ee728b)
Start importing Assets/POLYGON city pack/Meshes,textures/ways_FBX/StoneWay_02.fbx using Guid(4e3e059c89323914fb36eb8b12ecc6ba) Importer(815301076,1909f56bfc062723c751e8b465ee728b) [PhysX] Initialized MultithreadedTaskDispatcher with 12 workers.
[PhysX] Initialized MultithreadedTaskDispatcher with 12 workers.
[PhysX] Initialized MultithreadedTaskDispatcher with 12 workers.
 -> (artifact id: 'a4fc23e7ea554f64a2a00d2d244759c5') in 0.014707 seconds
Number of updated asset objects reloaded before import = 0
Number of asset objects unloaded after import = 9
========================================================================
Received Import Request.
  Time since last request: 0.000020 seconds.
  path: Assets/POLYGON city pack/Meshes,textures/ways_FBX/WalkWay_02.fbx
  artifactKey: Guid(82f4eb25e074d5046be961abf9216a71) Importer(815301076,1909f56bfc062723c751e8b465ee728b)
Start importing Assets/POLYGON city pack/Meshes,textures/ways_FBX/WalkWay_02.fbx using Guid(82f4eb25e074d5046be961abf9216a71) Importer(815301076,1909f56bfc062723c751e8b465ee728b) [PhysX] Initialized MultithreadedTaskDispatcher with 12 workers.
[PhysX] Initialized MultithreadedTaskDispatcher with 12 workers.
[PhysX] Initialized MultithreadedTaskDispatcher with 12 workers.
 -> (artifact id: '047300bba3cc3b54750e06535180c299') in 0.016165 seconds
Number of updated asset objects reloaded before import = 0
Number of asset objects unloaded after import = 9
========================================================================
Received Import Request.
  Time since last request: 0.000026 seconds.
  path: Assets/POLYGON city pack/Meshes,textures/ways_FBX/Sidewalk_02.fbx
  artifactKey: Guid(5cda09505d63c3648948754884a882d1) Importer(815301076,1909f56bfc062723c751e8b465ee728b)
Start importing Assets/POLYGON city pack/Meshes,textures/ways_FBX/Sidewalk_02.fbx using Guid(5cda09505d63c3648948754884a882d1) Importer(815301076,1909f56bfc062723c751e8b465ee728b) [PhysX] Initialized MultithreadedTaskDispatcher with 12 workers.
[PhysX] Initialized MultithreadedTaskDispatcher with 12 workers.
[PhysX] Initialized MultithreadedTaskDispatcher with 12 workers.
 -> (artifact id: '380f795ea6c0ebde0d0bb71eda484827') in 0.016466 seconds
Number of updated asset objects reloaded before import = 0
Number of asset objects unloaded after import = 9
========================================================================
Received Import Request.
  Time since last request: 0.000017 seconds.
  path: Assets/POLYGON city pack/Meshes,textures/ways_FBX/Street_14.png
  artifactKey: Guid(6419c6715f214574780b4df6e404ccdc) Importer(815301076,1909f56bfc062723c751e8b465ee728b)
Start importing Assets/POLYGON city pack/Meshes,textures/ways_FBX/Street_14.png using Guid(6419c6715f214574780b4df6e404ccdc) Importer(815301076,1909f56bfc062723c751e8b465ee728b) [PhysX] Initialized MultithreadedTaskDispatcher with 12 workers.
[PhysX] Initialized MultithreadedTaskDispatcher with 12 workers.
 -> (artifact id: '2f6a80ebbf0b69b7a5f7fee5602000b9') in 0.010443 seconds
Number of updated asset objects reloaded before import = 0
Number of asset objects unloaded after import = 2
========================================================================
Received Import Request.
  Time since last request: 0.000017 seconds.
  path: Assets/POLYGON city pack/Meshes,textures/ways_FBX/Sidewalk_texture.png
  artifactKey: Guid(1128a08027af2aa4eb774377b46c3064) Importer(815301076,1909f56bfc062723c751e8b465ee728b)
Start importing Assets/POLYGON city pack/Meshes,textures/ways_FBX/Sidewalk_texture.png using Guid(1128a08027af2aa4eb774377b46c3064) Importer(815301076,1909f56bfc062723c751e8b465ee728b) [PhysX] Initialized MultithreadedTaskDispatcher with 12 workers.
[PhysX] Initialized MultithreadedTaskDispatcher with 12 workers.
 -> (artifact id: '586fc5ba444b86d9c2e04cf0c8b93119') in 0.009909 seconds
Number of updated asset objects reloaded before import = 0
Number of asset objects unloaded after import = 2
========================================================================
Received Import Request.
  Time since last request: 0.000018 seconds.
  path: Assets/POLYGON city pack/Meshes,textures/ways_FBX/Street_01.png
  artifactKey: Guid(e827ea08b3f1f9c4ca6b18cc6f37d829) Importer(815301076,1909f56bfc062723c751e8b465ee728b)
Start importing Assets/POLYGON city pack/Meshes,textures/ways_FBX/Street_01.png using Guid(e827ea08b3f1f9c4ca6b18cc6f37d829) Importer(815301076,1909f56bfc062723c751e8b465ee728b) [PhysX] Initialized MultithreadedTaskDispatcher with 12 workers.
[PhysX] Initialized MultithreadedTaskDispatcher with 12 workers.
 -> (artifact id: '448ded0707046f1f7e85c57238149d91') in 0.010444 seconds
Number of updated asset objects reloaded before import = 0
Number of asset objects unloaded after import = 2
========================================================================
Received Import Request.
  Time since last request: 10.543377 seconds.
  path: Assets/POLYGON city pack/Meshes,textures/props_FBX/air conditioner roof.fbx
  artifactKey: Guid(06b852202e5e751499c5616a4fa78d6d) Importer(815301076,1909f56bfc062723c751e8b465ee728b)
Start importing Assets/POLYGON city pack/Meshes,textures/props_FBX/air conditioner roof.fbx using Guid(06b852202e5e751499c5616a4fa78d6d) Importer(815301076,1909f56bfc062723c751e8b465ee728b) [PhysX] Initialized MultithreadedTaskDispatcher with 12 workers.
[PhysX] Initialized MultithreadedTaskDispatcher with 12 workers.
[PhysX] Initialized MultithreadedTaskDispatcher with 12 workers.
 -> (artifact id: '0f67f3d44c41eebd742940a9db848806') in 0.015443 seconds
Number of updated asset objects reloaded before import = 0
Number of asset objects unloaded after import = 9
========================================================================
Received Import Request.
  Time since last request: 0.000013 seconds.
  path: Assets/POLYGON city pack/Meshes,textures/props_FBX/fence 3 texture 1.png
  artifactKey: Guid(d7cdb093285c68e438496ba197a85005) Importer(815301076,1909f56bfc062723c751e8b465ee728b)
Start importing Assets/POLYGON city pack/Meshes,textures/props_FBX/fence 3 texture 1.png using Guid(d7cdb093285c68e438496ba197a85005) Importer(815301076,1909f56bfc062723c751e8b465ee728b) [PhysX] Initialized MultithreadedTaskDispatcher with 12 workers.
[PhysX] Initialized MultithreadedTaskDispatcher with 12 workers.
 -> (artifact id: 'e2627f4ee0b72a7a31922b94a9af4478') in 0.009340 seconds
Number of updated asset objects reloaded before import = 0
Number of asset objects unloaded after import = 2
========================================================================
Received Import Request.
  Time since last request: 0.000016 seconds.
  path: Assets/POLYGON city pack/Meshes,textures/props_FBX/Fence_B_2.fbx
  artifactKey: Guid(89cfb2ee63c9de8428925a177ddf0559) Importer(815301076,1909f56bfc062723c751e8b465ee728b)
Start importing Assets/POLYGON city pack/Meshes,textures/props_FBX/Fence_B_2.fbx using Guid(89cfb2ee63c9de8428925a177ddf0559) Importer(815301076,1909f56bfc062723c751e8b465ee728b) [PhysX] Initialized MultithreadedTaskDispatcher with 12 workers.
[PhysX] Initialized MultithreadedTaskDispatcher with 12 workers.
[PhysX] Initialized MultithreadedTaskDispatcher with 12 workers.
 -> (artifact id: 'a4d34c49d615ace57f1348f966d60439') in 0.233341 seconds
Number of updated asset objects reloaded before import = 0
Number of asset objects unloaded after import = 9
========================================================================
Received Import Request.
  Time since last request: 0.000016 seconds.
  path: Assets/POLYGON city pack/Meshes,textures/props_FBX/Bin.fbx
  artifactKey: Guid(351972a663232de45b6282c7140dc272) Importer(815301076,1909f56bfc062723c751e8b465ee728b)
Start importing Assets/POLYGON city pack/Meshes,textures/props_FBX/Bin.fbx using Guid(351972a663232de45b6282c7140dc272) Importer(815301076,1909f56bfc062723c751e8b465ee728b) [PhysX] Initialized MultithreadedTaskDispatcher with 12 workers.
[PhysX] Initialized MultithreadedTaskDispatcher with 12 workers.
[PhysX] Initialized MultithreadedTaskDispatcher with 12 workers.
 -> (artifact id: 'a03215da76e2a6510adf661022764a63') in 0.013274 seconds
Number of updated asset objects reloaded before import = 0
Number of asset objects unloaded after import = 8
========================================================================
Received Import Request.
  Time since last request: 0.000024 seconds.
  path: Assets/POLYGON city pack/Meshes,textures/props_FBX/Fence_B_1.fbx
  artifactKey: Guid(bfc6f79cd64e73d408685f05930b9105) Importer(815301076,1909f56bfc062723c751e8b465ee728b)
Start importing Assets/POLYGON city pack/Meshes,textures/props_FBX/Fence_B_1.fbx using Guid(bfc6f79cd64e73d408685f05930b9105) Importer(815301076,1909f56bfc062723c751e8b465ee728b) [PhysX] Initialized MultithreadedTaskDispatcher with 12 workers.
[PhysX] Initialized MultithreadedTaskDispatcher with 12 workers.
[PhysX] Initialized MultithreadedTaskDispatcher with 12 workers.
 -> (artifact id: 'ac3b45a3d3c7139fd517acb32dc3fcf2') in 0.014340 seconds
Number of updated asset objects reloaded before import = 0
Number of asset objects unloaded after import = 8
========================================================================
Received Import Request.
  Time since last request: 0.000023 seconds.
  path: Assets/POLYGON city pack/Meshes,textures/props_FBX/bush leafes.png
  artifactKey: Guid(f022620d8f31ed446a220a043d553f79) Importer(815301076,1909f56bfc062723c751e8b465ee728b)
Start importing Assets/POLYGON city pack/Meshes,textures/props_FBX/bush leafes.png using Guid(f022620d8f31ed446a220a043d553f79) Importer(815301076,1909f56bfc062723c751e8b465ee728b) [PhysX] Initialized MultithreadedTaskDispatcher with 12 workers.
[PhysX] Initialized MultithreadedTaskDispatcher with 12 workers.
 -> (artifact id: '86338bae79b087c3913f584cf3628c5d') in 0.022428 seconds
Number of updated asset objects reloaded before import = 0
Number of asset objects unloaded after import = 2
========================================================================
Received Import Request.
  Time since last request: 0.000019 seconds.
  path: Assets/POLYGON city pack/Meshes,textures/props_FBX/drink_machine_texture.png
  artifactKey: Guid(5bf66335a37f8c449b9d5b901659057a) Importer(815301076,1909f56bfc062723c751e8b465ee728b)
Start importing Assets/POLYGON city pack/Meshes,textures/props_FBX/drink_machine_texture.png using Guid(5bf66335a37f8c449b9d5b901659057a) Importer(815301076,1909f56bfc062723c751e8b465ee728b) [PhysX] Initialized MultithreadedTaskDispatcher with 12 workers.
[PhysX] Initialized MultithreadedTaskDispatcher with 12 workers.
 -> (artifact id: '4dcad5e17aa9b97c122c8d324aae499e') in 0.011373 seconds
Number of updated asset objects reloaded before import = 0
Number of asset objects unloaded after import = 2
========================================================================
Received Import Request.
  Time since last request: 0.000015 seconds.
  path: Assets/POLYGON city pack/Meshes,textures/props_FBX/air conditioner wall.fbx
  artifactKey: Guid(ae9812275f0412b4c9f838a2e16f8f83) Importer(815301076,1909f56bfc062723c751e8b465ee728b)
Start importing Assets/POLYGON city pack/Meshes,textures/props_FBX/air conditioner wall.fbx using Guid(ae9812275f0412b4c9f838a2e16f8f83) Importer(815301076,1909f56bfc062723c751e8b465ee728b) [PhysX] Initialized MultithreadedTaskDispatcher with 12 workers.
[PhysX] Initialized MultithreadedTaskDispatcher with 12 workers.
[PhysX] Initialized MultithreadedTaskDispatcher with 12 workers.
 -> (artifact id: '736bcfa7f14f891bf7c374fb9c5a1a21') in 0.013139 seconds
Number of updated asset objects reloaded before import = 0
Number of asset objects unloaded after import = 9
========================================================================
Received Import Request.
  Time since last request: 0.000015 seconds.
  path: Assets/POLYGON city pack/Meshes,textures/props_FBX/ATM.fbx
  artifactKey: Guid(ffb33e8324df18545a589ed2d6777750) Importer(815301076,1909f56bfc062723c751e8b465ee728b)
Start importing Assets/POLYGON city pack/Meshes,textures/props_FBX/ATM.fbx using Guid(ffb33e8324df18545a589ed2d6777750) Importer(815301076,1909f56bfc062723c751e8b465ee728b) [PhysX] Initialized MultithreadedTaskDispatcher with 12 workers.
[PhysX] Initialized MultithreadedTaskDispatcher with 12 workers.
[PhysX] Initialized MultithreadedTaskDispatcher with 12 workers.
 -> (artifact id: '0937339bc409ccd5e91492015a5431b6') in 0.016002 seconds
Number of updated asset objects reloaded before import = 0
Number of asset objects unloaded after import = 9
========================================================================
Received Import Request.
  Time since last request: 0.000017 seconds.
  path: Assets/POLYGON city pack/Meshes,textures/props_FBX/Flower 1 blue mix 1.png
  artifactKey: Guid(b653acd680f9560409ac1a07029a24a7) Importer(815301076,1909f56bfc062723c751e8b465ee728b)
Start importing Assets/POLYGON city pack/Meshes,textures/props_FBX/Flower 1 blue mix 1.png using Guid(b653acd680f9560409ac1a07029a24a7) Importer(815301076,1909f56bfc062723c751e8b465ee728b) [PhysX] Initialized MultithreadedTaskDispatcher with 12 workers.
[PhysX] Initialized MultithreadedTaskDispatcher with 12 workers.
 -> (artifact id: '1c002eb19c0e8fc9d1750c6e74a85407') in 0.008969 seconds
Number of updated asset objects reloaded before import = 0
Number of asset objects unloaded after import = 2
========================================================================
Received Import Request.
  Time since last request: 0.584873 seconds.
  path: Assets/POLYGON city pack/Meshes,textures/props_FBX/Glass cola.png
  artifactKey: Guid(8f128199af4062c49be793cbcf3d6b01) Importer(815301076,1909f56bfc062723c751e8b465ee728b)
Start importing Assets/POLYGON city pack/Meshes,textures/props_FBX/Glass cola.png using Guid(8f128199af4062c49be793cbcf3d6b01) Importer(815301076,1909f56bfc062723c751e8b465ee728b) [PhysX] Initialized MultithreadedTaskDispatcher with 12 workers.
[PhysX] Initialized MultithreadedTaskDispatcher with 12 workers.
 -> (artifact id: '23ba6f180eb8c9a556cbe9af4a70b7af') in 0.010982 seconds
Number of updated asset objects reloaded before import = 0
Number of asset objects unloaded after import = 2
========================================================================
Received Import Request.
  Time since last request: 0.000015 seconds.
  path: Assets/POLYGON city pack/Meshes,textures/props_FBX/hot dog texture.png
  artifactKey: Guid(55d169df77322ea4a86a39acf74b3189) Importer(815301076,1909f56bfc062723c751e8b465ee728b)
Start importing Assets/POLYGON city pack/Meshes,textures/props_FBX/hot dog texture.png using Guid(55d169df77322ea4a86a39acf74b3189) Importer(815301076,1909f56bfc062723c751e8b465ee728b) [PhysX] Initialized MultithreadedTaskDispatcher with 12 workers.
[PhysX] Initialized MultithreadedTaskDispatcher with 12 workers.
 -> (artifact id: '03627586655d4031341a9d8c36776471') in 0.010656 seconds
Number of updated asset objects reloaded before import = 0
Number of asset objects unloaded after import = 2
========================================================================
Received Import Request.
  Time since last request: 0.000015 seconds.
  path: Assets/POLYGON city pack/Meshes,textures/props_FBX/hedge 1.png
  artifactKey: Guid(f60f9778f4f0448468efe5dcce4a3c46) Importer(815301076,1909f56bfc062723c751e8b465ee728b)
Start importing Assets/POLYGON city pack/Meshes,textures/props_FBX/hedge 1.png using Guid(f60f9778f4f0448468efe5dcce4a3c46) Importer(815301076,1909f56bfc062723c751e8b465ee728b) [PhysX] Initialized MultithreadedTaskDispatcher with 12 workers.
[PhysX] Initialized MultithreadedTaskDispatcher with 12 workers.
 -> (artifact id: '8a0d0fd78a8869b49dfe11ce426ceb32') in 0.009292 seconds
Number of updated asset objects reloaded before import = 0
Number of asset objects unloaded after import = 2
========================================================================
Received Import Request.
  Time since last request: 0.000030 seconds.
  path: Assets/POLYGON city pack/Meshes,textures/props_FBX/hedge.fbx
  artifactKey: Guid(b18688407a41db44eb3a0f085e9b0e9f) Importer(815301076,1909f56bfc062723c751e8b465ee728b)
Start importing Assets/POLYGON city pack/Meshes,textures/props_FBX/hedge.fbx using Guid(b18688407a41db44eb3a0f085e9b0e9f) Importer(815301076,1909f56bfc062723c751e8b465ee728b) [PhysX] Initialized MultithreadedTaskDispatcher with 12 workers.
[PhysX] Initialized MultithreadedTaskDispatcher with 12 workers.
[PhysX] Initialized MultithreadedTaskDispatcher with 12 workers.
 -> (artifact id: '96c34a4ba259be118c6cc182b1975261') in 0.040241 seconds
Number of updated asset objects reloaded before import = 0
Number of asset objects unloaded after import = 8
========================================================================
Received Import Request.
  Time since last request: 0.000017 seconds.
  path: Assets/POLYGON city pack/Meshes,textures/props_FBX/parking meter.fbx
  artifactKey: Guid(2ca0bd20238426440ba70c810c606484) Importer(815301076,1909f56bfc062723c751e8b465ee728b)
Start importing Assets/POLYGON city pack/Meshes,textures/props_FBX/parking meter.fbx using Guid(2ca0bd20238426440ba70c810c606484) Importer(815301076,1909f56bfc062723c751e8b465ee728b) [PhysX] Initialized MultithreadedTaskDispatcher with 12 workers.
[PhysX] Initialized MultithreadedTaskDispatcher with 12 workers.
[PhysX] Initialized MultithreadedTaskDispatcher with 12 workers.
 -> (artifact id: '3266ced29dface83ee67e9fe73c9a972') in 0.016201 seconds
Number of updated asset objects reloaded before import = 0
Number of asset objects unloaded after import = 9
========================================================================
Received Import Request.
  Time since last request: 0.000016 seconds.
  path: Assets/POLYGON city pack/Meshes,textures/props_FBX/parking meter texture .png
  artifactKey: Guid(ddb217a86dc23df4ab1f680ebe7b10f0) Importer(815301076,1909f56bfc062723c751e8b465ee728b)
Start importing Assets/POLYGON city pack/Meshes,textures/props_FBX/parking meter texture .png using Guid(ddb217a86dc23df4ab1f680ebe7b10f0) Importer(815301076,1909f56bfc062723c751e8b465ee728b) [PhysX] Initialized MultithreadedTaskDispatcher with 12 workers.
[PhysX] Initialized MultithreadedTaskDispatcher with 12 workers.
 -> (artifact id: '86351c963d4a29e4435e1fc2eec7975b') in 0.011525 seconds
Number of updated asset objects reloaded before import = 0
Number of asset objects unloaded after import = 2
========================================================================
Received Import Request.
  Time since last request: 0.000018 seconds.
  path: Assets/POLYGON city pack/Meshes,textures/props_FBX/phone booth texture.png
  artifactKey: Guid(f5055e107bbec9343b74e3438416fa0f) Importer(815301076,1909f56bfc062723c751e8b465ee728b)
Start importing Assets/POLYGON city pack/Meshes,textures/props_FBX/phone booth texture.png using Guid(f5055e107bbec9343b74e3438416fa0f) Importer(815301076,1909f56bfc062723c751e8b465ee728b) [PhysX] Initialized MultithreadedTaskDispatcher with 12 workers.
[PhysX] Initialized MultithreadedTaskDispatcher with 12 workers.
 -> (artifact id: '3a53f53835e05598c9c0f833edf0d44f') in 0.009800 seconds
Number of updated asset objects reloaded before import = 0
Number of asset objects unloaded after import = 2
========================================================================
Received Import Request.
  Time since last request: 0.000015 seconds.
  path: Assets/POLYGON city pack/Meshes,textures/props_FBX/mayonnaiseKetchup.fbx
  artifactKey: Guid(422b5f1666a111d43b5540963e88a549) Importer(815301076,1909f56bfc062723c751e8b465ee728b)
Start importing Assets/POLYGON city pack/Meshes,textures/props_FBX/mayonnaiseKetchup.fbx using Guid(422b5f1666a111d43b5540963e88a549) Importer(815301076,1909f56bfc062723c751e8b465ee728b) [PhysX] Initialized MultithreadedTaskDispatcher with 12 workers.
[PhysX] Initialized MultithreadedTaskDispatcher with 12 workers.
[PhysX] Initialized MultithreadedTaskDispatcher with 12 workers.
 -> (artifact id: '21b960763ec03e601e3eaf7adbeb790a') in 0.014101 seconds
Number of updated asset objects reloaded before import = 0
Number of asset objects unloaded after import = 8
========================================================================
Received Import Request.
  Time since last request: 0.000014 seconds.
  path: Assets/POLYGON city pack/Meshes,textures/props_FBX/Parking_barrier.fbx
  artifactKey: Guid(81d92c4201383874b8075ac817d10d49) Importer(815301076,1909f56bfc062723c751e8b465ee728b)
Start importing Assets/POLYGON city pack/Meshes,textures/props_FBX/Parking_barrier.fbx using Guid(81d92c4201383874b8075ac817d10d49) Importer(815301076,1909f56bfc062723c751e8b465ee728b) [PhysX] Initialized MultithreadedTaskDispatcher with 12 workers.
[PhysX] Initialized MultithreadedTaskDispatcher with 12 workers.
[PhysX] Initialized MultithreadedTaskDispatcher with 12 workers.
[PhysX] Initialized MultithreadedTaskDispatcher with 12 workers.
[PhysX] Initialized MultithreadedTaskDispatcher with 12 workers.
 -> (artifact id: '1d34096e8478ed15ab9e620d205a4109') in 0.022008 seconds
Number of updated asset objects reloaded before import = 0
Number of asset objects unloaded after import = 18
========================================================================
Received Import Request.
  Time since last request: 0.000022 seconds.
  path: Assets/POLYGON city pack/Meshes,textures/props_FBX/platt 5 sign part.fbx
  artifactKey: Guid(5cef84201ea937d44973d68b5cde132c) Importer(815301076,1909f56bfc062723c751e8b465ee728b)
Start importing Assets/POLYGON city pack/Meshes,textures/props_FBX/platt 5 sign part.fbx using Guid(5cef84201ea937d44973d68b5cde132c) Importer(815301076,1909f56bfc062723c751e8b465ee728b) [PhysX] Initialized MultithreadedTaskDispatcher with 12 workers.
[PhysX] Initialized MultithreadedTaskDispatcher with 12 workers.
[PhysX] Initialized MultithreadedTaskDispatcher with 12 workers.
 -> (artifact id: '20ce1e7b1f46141feeb245a5691a9a78') in 0.016069 seconds
Number of updated asset objects reloaded before import = 0
Number of asset objects unloaded after import = 9
========================================================================
Received Import Request.
  Time since last request: 0.000028 seconds.
  path: Assets/POLYGON city pack/Meshes,textures/props_FBX/platt 2 sign part.fbx
  artifactKey: Guid(a99224871948ce64aaee48cf13266f97) Importer(815301076,1909f56bfc062723c751e8b465ee728b)
Start importing Assets/POLYGON city pack/Meshes,textures/props_FBX/platt 2 sign part.fbx using Guid(a99224871948ce64aaee48cf13266f97) Importer(815301076,1909f56bfc062723c751e8b465ee728b) [PhysX] Initialized MultithreadedTaskDispatcher with 12 workers.
[PhysX] Initialized MultithreadedTaskDispatcher with 12 workers.
[PhysX] Initialized MultithreadedTaskDispatcher with 12 workers.
 -> (artifact id: 'b91a208daa501a3d76743ac4b7167d48') in 0.015975 seconds
Number of updated asset objects reloaded before import = 0
Number of asset objects unloaded after import = 9
========================================================================
Received Import Request.
  Time since last request: 0.000018 seconds.
  path: Assets/POLYGON city pack/Meshes,textures/props_FBX/plant 1 texture.png
  artifactKey: Guid(dbb9622425df75d49a2c827edb579d5a) Importer(815301076,1909f56bfc062723c751e8b465ee728b)
Start importing Assets/POLYGON city pack/Meshes,textures/props_FBX/plant 1 texture.png using Guid(dbb9622425df75d49a2c827edb579d5a) Importer(815301076,1909f56bfc062723c751e8b465ee728b) [PhysX] Initialized MultithreadedTaskDispatcher with 12 workers.
[PhysX] Initialized MultithreadedTaskDispatcher with 12 workers.
 -> (artifact id: 'cf241dcb66165a1d09d77e4ca1f57f14') in 0.010973 seconds
Number of updated asset objects reloaded before import = 0
Number of asset objects unloaded after import = 2
========================================================================
Received Import Request.
  Time since last request: 0.000018 seconds.
  path: Assets/POLYGON city pack/Meshes,textures/props_FBX/Mailbox-texture.png
  artifactKey: Guid(a29b9777d0414154886bb0f3c7de7bbd) Importer(815301076,1909f56bfc062723c751e8b465ee728b)
Start importing Assets/POLYGON city pack/Meshes,textures/props_FBX/Mailbox-texture.png using Guid(a29b9777d0414154886bb0f3c7de7bbd) Importer(815301076,1909f56bfc062723c751e8b465ee728b) [PhysX] Initialized MultithreadedTaskDispatcher with 12 workers.
[PhysX] Initialized MultithreadedTaskDispatcher with 12 workers.
 -> (artifact id: '7a1e415fc950e79950bcd1c590ea9616') in 0.011697 seconds
Number of updated asset objects reloaded before import = 0
Number of asset objects unloaded after import = 2
========================================================================
Received Import Request.
  Time since last request: 0.000018 seconds.
  path: Assets/POLYGON city pack/Meshes,textures/props_FBX/phone booth.fbx
  artifactKey: Guid(47dd631950f5a63469f7e697b46ea537) Importer(815301076,1909f56bfc062723c751e8b465ee728b)
Start importing Assets/POLYGON city pack/Meshes,textures/props_FBX/phone booth.fbx using Guid(47dd631950f5a63469f7e697b46ea537) Importer(815301076,1909f56bfc062723c751e8b465ee728b) [PhysX] Initialized MultithreadedTaskDispatcher with 12 workers.
[PhysX] Initialized MultithreadedTaskDispatcher with 12 workers.
[PhysX] Initialized MultithreadedTaskDispatcher with 12 workers.
 -> (artifact id: '4eb6641b58900ea0e181b420df7f8549') in 0.015661 seconds
Number of updated asset objects reloaded before import = 0
Number of asset objects unloaded after import = 9
========================================================================
Received Import Request.
  Time since last request: 0.479037 seconds.
  path: Assets/POLYGON city pack/Meshes,textures/props_FBX/Pole_part_sign.fbx
  artifactKey: Guid(82d84d72fe4340c42adb14084e794c4a) Importer(815301076,1909f56bfc062723c751e8b465ee728b)
Start importing Assets/POLYGON city pack/Meshes,textures/props_FBX/Pole_part_sign.fbx using Guid(82d84d72fe4340c42adb14084e794c4a) Importer(815301076,1909f56bfc062723c751e8b465ee728b) [PhysX] Initialized MultithreadedTaskDispatcher with 12 workers.
[PhysX] Initialized MultithreadedTaskDispatcher with 12 workers.
[PhysX] Initialized MultithreadedTaskDispatcher with 12 workers.
 -> (artifact id: '440f6c8a581ca9bc5581e393b075f9ba') in 0.014169 seconds
Number of updated asset objects reloaded before import = 0
Number of asset objects unloaded after import = 8
========================================================================
Received Import Request.
  Time since last request: 0.000013 seconds.
  path: Assets/POLYGON city pack/Meshes,textures/props_FBX/StoneStreet.fbx
  artifactKey: Guid(5c4528ddaa8635047b3adcd62e70ac12) Importer(815301076,1909f56bfc062723c751e8b465ee728b)
Start importing Assets/POLYGON city pack/Meshes,textures/props_FBX/StoneStreet.fbx using Guid(5c4528ddaa8635047b3adcd62e70ac12) Importer(815301076,1909f56bfc062723c751e8b465ee728b) [PhysX] Initialized MultithreadedTaskDispatcher with 12 workers.
[PhysX] Initialized MultithreadedTaskDispatcher with 12 workers.
[PhysX] Initialized MultithreadedTaskDispatcher with 12 workers.
 -> (artifact id: '9f220a50684fb5070099120f37292747') in 0.014429 seconds
Number of updated asset objects reloaded before import = 0
Number of asset objects unloaded after import = 8
========================================================================
Received Import Request.
  Time since last request: 0.000023 seconds.
  path: Assets/POLYGON city pack/Meshes,textures/props_FBX/stone 3.fbx
  artifactKey: Guid(f3559f5b8197ad54e917b105496b2d62) Importer(815301076,1909f56bfc062723c751e8b465ee728b)
Start importing Assets/POLYGON city pack/Meshes,textures/props_FBX/stone 3.fbx using Guid(f3559f5b8197ad54e917b105496b2d62) Importer(815301076,1909f56bfc062723c751e8b465ee728b) [PhysX] Initialized MultithreadedTaskDispatcher with 12 workers.
[PhysX] Initialized MultithreadedTaskDispatcher with 12 workers.
[PhysX] Initialized MultithreadedTaskDispatcher with 12 workers.
 -> (artifact id: 'ab5f4dda77ca0ddda34e3c576b74d637') in 0.014764 seconds
Number of updated asset objects reloaded before import = 0
Number of asset objects unloaded after import = 8
========================================================================
Received Import Request.
  Time since last request: 0.000017 seconds.
  path: Assets/POLYGON city pack/Meshes,textures/props_FBX/StreetSellerStand.fbx
  artifactKey: Guid(73f4b5d89013f594d90e403b7f63f114) Importer(815301076,1909f56bfc062723c751e8b465ee728b)
Start importing Assets/POLYGON city pack/Meshes,textures/props_FBX/StreetSellerStand.fbx using Guid(73f4b5d89013f594d90e403b7f63f114) Importer(815301076,1909f56bfc062723c751e8b465ee728b) [PhysX] Initialized MultithreadedTaskDispatcher with 12 workers.
[PhysX] Initialized MultithreadedTaskDispatcher with 12 workers.
[PhysX] Initialized MultithreadedTaskDispatcher with 12 workers.
 -> (artifact id: '6cc09c8587708bf3600fd3b2fe5fa0d9') in 0.014914 seconds
Number of updated asset objects reloaded before import = 0
Number of asset objects unloaded after import = 10
========================================================================
Received Import Request.
  Time since last request: 0.000017 seconds.
  path: Assets/POLYGON city pack/Meshes,textures/props_FBX/Wall 1.fbx
  artifactKey: Guid(9a05625357b90ae48975e35e1dd3b51b) Importer(815301076,1909f56bfc062723c751e8b465ee728b)
Start importing Assets/POLYGON city pack/Meshes,textures/props_FBX/Wall 1.fbx using Guid(9a05625357b90ae48975e35e1dd3b51b) Importer(815301076,1909f56bfc062723c751e8b465ee728b) [PhysX] Initialized MultithreadedTaskDispatcher with 12 workers.
[PhysX] Initialized MultithreadedTaskDispatcher with 12 workers.
[PhysX] Initialized MultithreadedTaskDispatcher with 12 workers.
 -> (artifact id: '688e6af3a79c11e7c552d3fc2078807b') in 0.014257 seconds
Number of updated asset objects reloaded before import = 0
Number of asset objects unloaded after import = 9
========================================================================
Received Import Request.
  Time since last request: 0.000018 seconds.
  path: Assets/POLYGON city pack/Meshes,textures/props_FBX/Wall 5.fbx
  artifactKey: Guid(6791b849a3d0f47438bdf4189a8aa68a) Importer(815301076,1909f56bfc062723c751e8b465ee728b)
Start importing Assets/POLYGON city pack/Meshes,textures/props_FBX/Wall 5.fbx using Guid(6791b849a3d0f47438bdf4189a8aa68a) Importer(815301076,1909f56bfc062723c751e8b465ee728b) [PhysX] Initialized MultithreadedTaskDispatcher with 12 workers.
[PhysX] Initialized MultithreadedTaskDispatcher with 12 workers.
[PhysX] Initialized MultithreadedTaskDispatcher with 12 workers.
 -> (artifact id: '96cb27b28d142e69480ed0171944d8b9') in 0.013068 seconds
Number of updated asset objects reloaded before import = 0
Number of asset objects unloaded after import = 9
========================================================================
Received Import Request.
  Time since last request: 0.000025 seconds.
  path: Assets/POLYGON city pack/Meshes,textures/props_FBX/traffic_warning_stand.fbx
  artifactKey: Guid(dff570513d335cf45b713cacfeec9873) Importer(815301076,1909f56bfc062723c751e8b465ee728b)
Start importing Assets/POLYGON city pack/Meshes,textures/props_FBX/traffic_warning_stand.fbx using Guid(dff570513d335cf45b713cacfeec9873) Importer(815301076,1909f56bfc062723c751e8b465ee728b) [PhysX] Initialized MultithreadedTaskDispatcher with 12 workers.
[PhysX] Initialized MultithreadedTaskDispatcher with 12 workers.
[PhysX] Initialized MultithreadedTaskDispatcher with 12 workers.
 -> (artifact id: 'b27c27502a95e1ac4912ec775af32e37') in 0.013921 seconds
Number of updated asset objects reloaded before import = 0
Number of asset objects unloaded after import = 9
========================================================================
Received Import Request.
  Time since last request: 0.000014 seconds.
  path: Assets/POLYGON city pack/Meshes,textures/props_FBX/street_lamp 1.fbx
  artifactKey: Guid(be2c575b59c07d54e937a759af1f404e) Importer(815301076,1909f56bfc062723c751e8b465ee728b)
Start importing Assets/POLYGON city pack/Meshes,textures/props_FBX/street_lamp 1.fbx using Guid(be2c575b59c07d54e937a759af1f404e) Importer(815301076,1909f56bfc062723c751e8b465ee728b) [PhysX] Initialized MultithreadedTaskDispatcher with 12 workers.
[PhysX] Initialized MultithreadedTaskDispatcher with 12 workers.
[PhysX] Initialized MultithreadedTaskDispatcher with 12 workers.
 -> (artifact id: '85dc90cb138fedf9461d1f3cc488306d') in 0.014193 seconds
Number of updated asset objects reloaded before import = 0
Number of asset objects unloaded after import = 9
========================================================================
Received Import Request.
  Time since last request: 0.000016 seconds.
  path: Assets/POLYGON city pack/Meshes,textures/props_FBX/traffic light texture.png
  artifactKey: Guid(9f44cf8f90622db4295d8c1ca8ab7dd5) Importer(815301076,1909f56bfc062723c751e8b465ee728b)
Start importing Assets/POLYGON city pack/Meshes,textures/props_FBX/traffic light texture.png using Guid(9f44cf8f90622db4295d8c1ca8ab7dd5) Importer(815301076,1909f56bfc062723c751e8b465ee728b) [PhysX] Initialized MultithreadedTaskDispatcher with 12 workers.
[PhysX] Initialized MultithreadedTaskDispatcher with 12 workers.
 -> (artifact id: 'accf218748fc16f58cebf21a404315d4') in 0.009112 seconds
Number of updated asset objects reloaded before import = 0
Number of asset objects unloaded after import = 2
========================================================================
Received Import Request.
  Time since last request: 0.000021 seconds.
  path: Assets/POLYGON city pack/Meshes,textures/props_FBX/Power pole texture.png
  artifactKey: Guid(17f86e4dd36b70049bfc6eed25860e71) Importer(815301076,1909f56bfc062723c751e8b465ee728b)
Start importing Assets/POLYGON city pack/Meshes,textures/props_FBX/Power pole texture.png using Guid(17f86e4dd36b70049bfc6eed25860e71) Importer(815301076,1909f56bfc062723c751e8b465ee728b) [PhysX] Initialized MultithreadedTaskDispatcher with 12 workers.
[PhysX] Initialized MultithreadedTaskDispatcher with 12 workers.
 -> (artifact id: 'b454045959028f65cbd76e9908db58ad') in 0.009546 seconds
Number of updated asset objects reloaded before import = 0
Number of asset objects unloaded after import = 2
========================================================================
Received Import Request.
  Time since last request: 0.000016 seconds.
  path: Assets/POLYGON city pack/Meshes,textures/props_FBX/Traffic_pot.fbx
  artifactKey: Guid(f953947958be93a41813dc4743464dda) Importer(815301076,1909f56bfc062723c751e8b465ee728b)
Start importing Assets/POLYGON city pack/Meshes,textures/props_FBX/Traffic_pot.fbx using Guid(f953947958be93a41813dc4743464dda) Importer(815301076,1909f56bfc062723c751e8b465ee728b) [PhysX] Initialized MultithreadedTaskDispatcher with 12 workers.
[PhysX] Initialized MultithreadedTaskDispatcher with 12 workers.
[PhysX] Initialized MultithreadedTaskDispatcher with 12 workers.
 -> (artifact id: 'd5fb565f187b195bf168e57d6d99e213') in 0.016778 seconds
Number of updated asset objects reloaded before import = 0
Number of asset objects unloaded after import = 9
========================================================================
Received Import Request.
  Time since last request: 0.000017 seconds.
  path: Assets/POLYGON city pack/Meshes,textures/props_FBX/trashcan.fbx
  artifactKey: Guid(901896ebeb8cc8a44abafb328c6f7d77) Importer(815301076,1909f56bfc062723c751e8b465ee728b)
Start importing Assets/POLYGON city pack/Meshes,textures/props_FBX/trashcan.fbx using Guid(901896ebeb8cc8a44abafb328c6f7d77) Importer(815301076,1909f56bfc062723c751e8b465ee728b) [PhysX] Initialized MultithreadedTaskDispatcher with 12 workers.
[PhysX] Initialized MultithreadedTaskDispatcher with 12 workers.
[PhysX] Initialized MultithreadedTaskDispatcher with 12 workers.
 -> (artifact id: '75d6a9f13f8c630178978147b85104ec') in 0.014809 seconds
Number of updated asset objects reloaded before import = 0
Number of asset objects unloaded after import = 9
========================================================================
Received Import Request.
  Time since last request: 0.000013 seconds.
  path: Assets/POLYGON city pack/Meshes,textures/props_FBX/televserion antenna.fbx
  artifactKey: Guid(2338a2f923ad2f446b6404cc972632b8) Importer(815301076,1909f56bfc062723c751e8b465ee728b)
Start importing Assets/POLYGON city pack/Meshes,textures/props_FBX/televserion antenna.fbx using Guid(2338a2f923ad2f446b6404cc972632b8) Importer(815301076,1909f56bfc062723c751e8b465ee728b) [PhysX] Initialized MultithreadedTaskDispatcher with 12 workers.
[PhysX] Initialized MultithreadedTaskDispatcher with 12 workers.
[PhysX] Initialized MultithreadedTaskDispatcher with 12 workers.
 -> (artifact id: '3c26d0cfa9e72a0174afb809c96ef683') in 0.013469 seconds
Number of updated asset objects reloaded before import = 0
Number of asset objects unloaded after import = 9
========================================================================
Received Import Request.
  Time since last request: 0.000014 seconds.
  path: Assets/POLYGON city pack/Meshes,textures/props_FBX/Traffic_light_3.fbx
  artifactKey: Guid(3a4cae9c6e2634940bf673434c1580d3) Importer(815301076,1909f56bfc062723c751e8b465ee728b)
Start importing Assets/POLYGON city pack/Meshes,textures/props_FBX/Traffic_light_3.fbx using Guid(3a4cae9c6e2634940bf673434c1580d3) Importer(815301076,1909f56bfc062723c751e8b465ee728b) [PhysX] Initialized MultithreadedTaskDispatcher with 12 workers.
[PhysX] Initialized MultithreadedTaskDispatcher with 12 workers.
[PhysX] Initialized MultithreadedTaskDispatcher with 12 workers.
 -> (artifact id: '0fc9da9ccb7db8e74af95dcbf5104164') in 0.018655 seconds
Number of updated asset objects reloaded before import = 0
Number of asset objects unloaded after import = 15
========================================================================
Received Import Request.
  Time since last request: 0.000028 seconds.
  path: Assets/POLYGON city pack/Meshes,textures/props_FBX/street lamp 2.fbx
  artifactKey: Guid(c676bc2cbcce204439e758464c03bcc1) Importer(815301076,1909f56bfc062723c751e8b465ee728b)
Start importing Assets/POLYGON city pack/Meshes,textures/props_FBX/street lamp 2.fbx using Guid(c676bc2cbcce204439e758464c03bcc1) Importer(815301076,1909f56bfc062723c751e8b465ee728b) [PhysX] Initialized MultithreadedTaskDispatcher with 12 workers.
[PhysX] Initialized MultithreadedTaskDispatcher with 12 workers.
[PhysX] Initialized MultithreadedTaskDispatcher with 12 workers.
 -> (artifact id: 'c5a36601d00c51e5963df7e865fec3f2') in 0.015851 seconds
Number of updated asset objects reloaded before import = 0
Number of asset objects unloaded after import = 9
========================================================================
Received Import Request.
  Time since last request: 0.522623 seconds.
  path: Assets/POLYGON city pack/Meshes,textures/props_FBX/water tank texture.png
  artifactKey: Guid(d4715bc242d5ec7479e85762e7bb650b) Importer(815301076,1909f56bfc062723c751e8b465ee728b)
Start importing Assets/POLYGON city pack/Meshes,textures/props_FBX/water tank texture.png using Guid(d4715bc242d5ec7479e85762e7bb650b) Importer(815301076,1909f56bfc062723c751e8b465ee728b) [PhysX] Initialized MultithreadedTaskDispatcher with 12 workers.
[PhysX] Initialized MultithreadedTaskDispatcher with 12 workers.
 -> (artifact id: 'c10a08371144b36e4965b81e7e72f2dc') in 0.010832 seconds
Number of updated asset objects reloaded before import = 0
Number of asset objects unloaded after import = 2
========================================================================
Received Import Request.
  Time since last request: 0.000014 seconds.
  path: Assets/POLYGON city pack/Meshes,textures/props_FBX/wrench.fbx
  artifactKey: Guid(4d7659eaa2dbe2e46a70e6a4a2a8bf1a) Importer(815301076,1909f56bfc062723c751e8b465ee728b)
Start importing Assets/POLYGON city pack/Meshes,textures/props_FBX/wrench.fbx using Guid(4d7659eaa2dbe2e46a70e6a4a2a8bf1a) Importer(815301076,1909f56bfc062723c751e8b465ee728b) [PhysX] Initialized MultithreadedTaskDispatcher with 12 workers.
[PhysX] Initialized MultithreadedTaskDispatcher with 12 workers.
[PhysX] Initialized MultithreadedTaskDispatcher with 12 workers.
 -> (artifact id: 'f35cb45163589c5db0306625e46f031c') in 0.013854 seconds
Number of updated asset objects reloaded before import = 0
Number of asset objects unloaded after import = 8
========================================================================
Received Import Request.
  Time since last request: 3.782973 seconds.
  path: Assets/POLYGON city pack/Meshes,textures/Buildings_FBX/Build_G-Left.fbx
  artifactKey: Guid(304125dc564333d4598543ef0fa739ef) Importer(815301076,1909f56bfc062723c751e8b465ee728b)
Start importing Assets/POLYGON city pack/Meshes,textures/Buildings_FBX/Build_G-Left.fbx using Guid(304125dc564333d4598543ef0fa739ef) Importer(815301076,1909f56bfc062723c751e8b465ee728b) [PhysX] Initialized MultithreadedTaskDispatcher with 12 workers.
[PhysX] Initialized MultithreadedTaskDispatcher with 12 workers.
[PhysX] Initialized MultithreadedTaskDispatcher with 12 workers.
 -> (artifact id: '2b97066e15be7f98250a35295b922de0') in 0.018717 seconds
Number of updated asset objects reloaded before import = 0
Number of asset objects unloaded after import = 19
========================================================================
Received Import Request.
  Time since last request: 0.000017 seconds.
  path: Assets/POLYGON city pack/Meshes,textures/Buildings_FBX/Building_Q.fbx
  artifactKey: Guid(ae99bed506348de4d83879e6cc70874e) Importer(815301076,1909f56bfc062723c751e8b465ee728b)
Start importing Assets/POLYGON city pack/Meshes,textures/Buildings_FBX/Building_Q.fbx using Guid(ae99bed506348de4d83879e6cc70874e) Importer(815301076,1909f56bfc062723c751e8b465ee728b) [PhysX] Initialized MultithreadedTaskDispatcher with 12 workers.
[PhysX] Initialized MultithreadedTaskDispatcher with 12 workers.
[PhysX] Initialized MultithreadedTaskDispatcher with 12 workers.
 -> (artifact id: 'fbccf2aceeb15b44058e7fdedfb34839') in 0.018096 seconds
Number of updated asset objects reloaded before import = 0
Number of asset objects unloaded after import = 20
========================================================================
Received Import Request.
  Time since last request: 0.000022 seconds.
  path: Assets/POLYGON city pack/Meshes,textures/Buildings_FBX/Building_c.fbx
  artifactKey: Guid(a0028d3f7d4817641a9717e662aec378) Importer(815301076,1909f56bfc062723c751e8b465ee728b)
Start importing Assets/POLYGON city pack/Meshes,textures/Buildings_FBX/Building_c.fbx using Guid(a0028d3f7d4817641a9717e662aec378) Importer(815301076,1909f56bfc062723c751e8b465ee728b) [PhysX] Initialized MultithreadedTaskDispatcher with 12 workers.
[PhysX] Initialized MultithreadedTaskDispatcher with 12 workers.
[PhysX] Initialized MultithreadedTaskDispatcher with 12 workers.
 -> (artifact id: '0ff5f51db18237073645d2d568760f20') in 0.016472 seconds
Number of updated asset objects reloaded before import = 0
Number of asset objects unloaded after import = 18
========================================================================
Received Import Request.
  Time since last request: 0.000015 seconds.
  path: Assets/POLYGON city pack/Meshes,textures/Buildings_FBX/Building_V.fbx
  artifactKey: Guid(558bbea23f640ae4192711124ba66db2) Importer(815301076,1909f56bfc062723c751e8b465ee728b)
Start importing Assets/POLYGON city pack/Meshes,textures/Buildings_FBX/Building_V.fbx using Guid(558bbea23f640ae4192711124ba66db2) Importer(815301076,1909f56bfc062723c751e8b465ee728b) [PhysX] Initialized MultithreadedTaskDispatcher with 12 workers.
[PhysX] Initialized MultithreadedTaskDispatcher with 12 workers.
[PhysX] Initialized MultithreadedTaskDispatcher with 12 workers.
 -> (artifact id: '9f2d9bf4c7d12a873bb34b6b244fca5a') in 0.017758 seconds
Number of updated asset objects reloaded before import = 0
Number of asset objects unloaded after import = 15
========================================================================
Received Import Request.
  Time since last request: 0.000015 seconds.
  path: Assets/POLYGON city pack/Meshes,textures/Buildings_FBX/Building_D1.png
  artifactKey: Guid(03ddf15dc911409408ff074ec0bb199a) Importer(815301076,1909f56bfc062723c751e8b465ee728b)
Start importing Assets/POLYGON city pack/Meshes,textures/Buildings_FBX/Building_D1.png using Guid(03ddf15dc911409408ff074ec0bb199a) Importer(815301076,1909f56bfc062723c751e8b465ee728b) [PhysX] Initialized MultithreadedTaskDispatcher with 12 workers.
[PhysX] Initialized MultithreadedTaskDispatcher with 12 workers.
 -> (artifact id: '12ca72b2f6779c90a573b3d766a7f360') in 0.010236 seconds
Number of updated asset objects reloaded before import = 0
Number of asset objects unloaded after import = 2
========================================================================
Received Import Request.
  Time since last request: 0.000014 seconds.
  path: Assets/POLYGON city pack/Meshes,textures/Buildings_FBX/Motel.fbx
  artifactKey: Guid(6efe3076d9dfcb24e9623a78b56b2cca) Importer(815301076,1909f56bfc062723c751e8b465ee728b)
Start importing Assets/POLYGON city pack/Meshes,textures/Buildings_FBX/Motel.fbx using Guid(6efe3076d9dfcb24e9623a78b56b2cca) Importer(815301076,1909f56bfc062723c751e8b465ee728b) [PhysX] Initialized MultithreadedTaskDispatcher with 12 workers.
[PhysX] Initialized MultithreadedTaskDispatcher with 12 workers.
[PhysX] Initialized MultithreadedTaskDispatcher with 12 workers.
 -> (artifact id: '56877853a617902c370cbb98d5f02b69') in 0.020293 seconds
Number of updated asset objects reloaded before import = 0
Number of asset objects unloaded after import = 23
========================================================================
Received Import Request.
  Time since last request: 0.000015 seconds.
  path: Assets/POLYGON city pack/Meshes,textures/Buildings_FBX/Building_I_1.fbx
  artifactKey: Guid(a31ede3a68c1fc642a73d7ab6870b43e) Importer(815301076,1909f56bfc062723c751e8b465ee728b)
Start importing Assets/POLYGON city pack/Meshes,textures/Buildings_FBX/Building_I_1.fbx using Guid(a31ede3a68c1fc642a73d7ab6870b43e) Importer(815301076,1909f56bfc062723c751e8b465ee728b) [PhysX] Initialized MultithreadedTaskDispatcher with 12 workers.
[PhysX] Initialized MultithreadedTaskDispatcher with 12 workers.
[PhysX] Initialized MultithreadedTaskDispatcher with 12 workers.
[PhysX] Initialized MultithreadedTaskDispatcher with 12 workers.
[PhysX] Initialized MultithreadedTaskDispatcher with 12 workers.
 -> (artifact id: '856f679676158c86a85a7ee3c6856ec1') in 0.024056 seconds
Number of updated asset objects reloaded before import = 0
Number of asset objects unloaded after import = 32
========================================================================
Received Import Request.
  Time since last request: 0.000013 seconds.
  path: Assets/POLYGON city pack/Meshes,textures/Buildings_FBX/Building_R.fbx
  artifactKey: Guid(b99069b3e2b648e4cb8f1d409aa99914) Importer(815301076,1909f56bfc062723c751e8b465ee728b)
Start importing Assets/POLYGON city pack/Meshes,textures/Buildings_FBX/Building_R.fbx using Guid(b99069b3e2b648e4cb8f1d409aa99914) Importer(815301076,1909f56bfc062723c751e8b465ee728b) [PhysX] Initialized MultithreadedTaskDispatcher with 12 workers.
[PhysX] Initialized MultithreadedTaskDispatcher with 12 workers.
[PhysX] Initialized MultithreadedTaskDispatcher with 12 workers.
 -> (artifact id: '8eb61468855fc62b72d9042892d0364e') in 0.017296 seconds
Number of updated asset objects reloaded before import = 0
Number of asset objects unloaded after import = 19
========================================================================
Received Import Request.
  Time since last request: 0.000015 seconds.
  path: Assets/POLYGON city pack/Meshes,textures/Buildings_FBX/Hospital.fbx
  artifactKey: Guid(44bfb99e17f0b5a4ebfcdecba2921495) Importer(815301076,1909f56bfc062723c751e8b465ee728b)
Start importing Assets/POLYGON city pack/Meshes,textures/Buildings_FBX/Hospital.fbx using Guid(44bfb99e17f0b5a4ebfcdecba2921495) Importer(815301076,1909f56bfc062723c751e8b465ee728b) [PhysX] Initialized MultithreadedTaskDispatcher with 12 workers.
[PhysX] Initialized MultithreadedTaskDispatcher with 12 workers.
[PhysX] Initialized MultithreadedTaskDispatcher with 12 workers.
 -> (artifact id: '70c3450f3a5818e0cfd027340d3d4432') in 0.021402 seconds
Number of updated asset objects reloaded before import = 0
Number of asset objects unloaded after import = 21
========================================================================
Received Import Request.
  Time since last request: 0.000019 seconds.
  path: Assets/POLYGON city pack/Meshes,textures/Buildings_FBX/Building_I_3.fbx
  artifactKey: Guid(5f301a1810c24654091e4f8bcbff39c2) Importer(815301076,1909f56bfc062723c751e8b465ee728b)
Start importing Assets/POLYGON city pack/Meshes,textures/Buildings_FBX/Building_I_3.fbx using Guid(5f301a1810c24654091e4f8bcbff39c2) Importer(815301076,1909f56bfc062723c751e8b465ee728b) [PhysX] Initialized MultithreadedTaskDispatcher with 12 workers.
[PhysX] Initialized MultithreadedTaskDispatcher with 12 workers.
[PhysX] Initialized MultithreadedTaskDispatcher with 12 workers.
[PhysX] Initialized MultithreadedTaskDispatcher with 12 workers.
[PhysX] Initialized MultithreadedTaskDispatcher with 12 workers.
 -> (artifact id: 'd6b482070f29edc7fc99236b49181edf') in 0.024690 seconds
Number of updated asset objects reloaded before import = 0
Number of asset objects unloaded after import = 27
========================================================================
Received Import Request.
  Time since last request: 0.000015 seconds.
  path: Assets/POLYGON city pack/Meshes,textures/Buildings_FBX/Building_W.fbx
  artifactKey: Guid(ee171171cf1e6bc46a3aa94123b229cc) Importer(815301076,1909f56bfc062723c751e8b465ee728b)
Start importing Assets/POLYGON city pack/Meshes,textures/Buildings_FBX/Building_W.fbx using Guid(ee171171cf1e6bc46a3aa94123b229cc) Importer(815301076,1909f56bfc062723c751e8b465ee728b) [PhysX] Initialized MultithreadedTaskDispatcher with 12 workers.
[PhysX] Initialized MultithreadedTaskDispatcher with 12 workers.
[PhysX] Initialized MultithreadedTaskDispatcher with 12 workers.
 -> (artifact id: 'da50b25489f542df45fa53dc026e5846') in 0.017074 seconds
Number of updated asset objects reloaded before import = 0
Number of asset objects unloaded after import = 18
========================================================================
Received Import Request.
  Time since last request: 0.000015 seconds.
  path: Assets/POLYGON city pack/Meshes,textures/Buildings_FBX/Building_u.fbx
  artifactKey: Guid(35ce32ffea177fb4db15a088cc468505) Importer(815301076,1909f56bfc062723c751e8b465ee728b)
Start importing Assets/POLYGON city pack/Meshes,textures/Buildings_FBX/Building_u.fbx using Guid(35ce32ffea177fb4db15a088cc468505) Importer(815301076,1909f56bfc062723c751e8b465ee728b) [PhysX] Initialized MultithreadedTaskDispatcher with 12 workers.
[PhysX] Initialized MultithreadedTaskDispatcher with 12 workers.
[PhysX] Initialized MultithreadedTaskDispatcher with 12 workers.
 -> (artifact id: '8c470851b109104b9deeba1413a9eb48') in 0.017253 seconds
Number of updated asset objects reloaded before import = 0
Number of asset objects unloaded after import = 19
========================================================================
Received Import Request.
  Time since last request: 0.000015 seconds.
  path: Assets/POLYGON city pack/Meshes,textures/Buildings_FBX/Building_N.fbx
  artifactKey: Guid(55ca7edad2f1e3b40b4dc5801b9f454b) Importer(815301076,1909f56bfc062723c751e8b465ee728b)
Start importing Assets/POLYGON city pack/Meshes,textures/Buildings_FBX/Building_N.fbx using Guid(55ca7edad2f1e3b40b4dc5801b9f454b) Importer(815301076,1909f56bfc062723c751e8b465ee728b) [PhysX] Initialized MultithreadedTaskDispatcher with 12 workers.
[PhysX] Initialized MultithreadedTaskDispatcher with 12 workers.
[PhysX] Initialized MultithreadedTaskDispatcher with 12 workers.
 -> (artifact id: '9df644e9625b405bfd9045f08f58b3bd') in 0.021276 seconds
Number of updated asset objects reloaded before import = 0
Number of asset objects unloaded after import = 19
========================================================================
Received Import Request.
  Time since last request: 0.000017 seconds.
  path: Assets/POLYGON city pack/Meshes,textures/Buildings_FBX/Building_B1.fbx
  artifactKey: Guid(58dc609a263a7af4990b33b3be735e9a) Importer(815301076,1909f56bfc062723c751e8b465ee728b)
Start importing Assets/POLYGON city pack/Meshes,textures/Buildings_FBX/Building_B1.fbx using Guid(58dc609a263a7af4990b33b3be735e9a) Importer(815301076,1909f56bfc062723c751e8b465ee728b) [PhysX] Initialized MultithreadedTaskDispatcher with 12 workers.
[PhysX] Initialized MultithreadedTaskDispatcher with 12 workers.
[PhysX] Initialized MultithreadedTaskDispatcher with 12 workers.
 -> (artifact id: 'e915b32124c1b727be11369142e0b05e') in 0.017924 seconds
Number of updated asset objects reloaded before import = 0
Number of asset objects unloaded after import = 18
========================================================================
Received Import Request.
  Time since last request: 7.977128 seconds.
  path: Assets/POLYGON city pack/Prefabs/Floor/Grass_stone_2_prefab.prefab
  artifactKey: Guid(4752f864e3118e64482c22f7a8d21b01) Importer(815301076,1909f56bfc062723c751e8b465ee728b)
Start importing Assets/POLYGON city pack/Prefabs/Floor/Grass_stone_2_prefab.prefab using Guid(4752f864e3118e64482c22f7a8d21b01) Importer(815301076,1909f56bfc062723c751e8b465ee728b) [PhysX] Initialized MultithreadedTaskDispatcher with 12 workers.
[PhysX] Initialized MultithreadedTaskDispatcher with 12 workers.
 -> (artifact id: '287e876ed0ea18aa996f3cd686aa1225') in 0.012431 seconds
Number of updated asset objects reloaded before import = 0
Number of asset objects unloaded after import = 13
========================================================================
Received Import Request.
  Time since last request: 0.000016 seconds.
  path: Assets/POLYGON city pack/Prefabs/Floor/Street 6 Prefab.prefab
  artifactKey: Guid(9cf6fe41a87aee14499e9aa67b6e1e2b) Importer(815301076,1909f56bfc062723c751e8b465ee728b)
Start importing Assets/POLYGON city pack/Prefabs/Floor/Street 6 Prefab.prefab using Guid(9cf6fe41a87aee14499e9aa67b6e1e2b) Importer(815301076,1909f56bfc062723c751e8b465ee728b) [PhysX] Initialized MultithreadedTaskDispatcher with 12 workers.
[PhysX] Initialized MultithreadedTaskDispatcher with 12 workers.
 -> (artifact id: '3d5e87ba39bbb41cc6dc08924ea12add') in 0.010801 seconds
Number of updated asset objects reloaded before import = 0
Number of asset objects unloaded after import = 12
========================================================================
Received Import Request.
  Time since last request: 0.000013 seconds.
  path: Assets/POLYGON city pack/Prefabs/Floor/Street 11 Prefab.prefab
  artifactKey: Guid(40f811db462dd7b4db94f7634d68e2aa) Importer(815301076,1909f56bfc062723c751e8b465ee728b)
Start importing Assets/POLYGON city pack/Prefabs/Floor/Street 11 Prefab.prefab using Guid(40f811db462dd7b4db94f7634d68e2aa) Importer(815301076,1909f56bfc062723c751e8b465ee728b) [PhysX] Initialized MultithreadedTaskDispatcher with 12 workers.
[PhysX] Initialized MultithreadedTaskDispatcher with 12 workers.
 -> (artifact id: '230c7944f5bf25136fc038c7ea52cf9a') in 0.010797 seconds
Number of updated asset objects reloaded before import = 0
Number of asset objects unloaded after import = 12
========================================================================
Received Import Request.
  Time since last request: 0.000014 seconds.
  path: Assets/POLYGON city pack/Prefabs/Floor/Street 4 Prefab.prefab
  artifactKey: Guid(adb55fed5a5012b458c398a0b618390c) Importer(815301076,1909f56bfc062723c751e8b465ee728b)
Start importing Assets/POLYGON city pack/Prefabs/Floor/Street 4 Prefab.prefab using Guid(adb55fed5a5012b458c398a0b618390c) Importer(815301076,1909f56bfc062723c751e8b465ee728b) [PhysX] Initialized MultithreadedTaskDispatcher with 12 workers.
[PhysX] Initialized MultithreadedTaskDispatcher with 12 workers.
 -> (artifact id: 'af4bc98f5cf0903a9ab23743b67442c1') in 0.011115 seconds
Number of updated asset objects reloaded before import = 0
Number of asset objects unloaded after import = 12
========================================================================
Received Import Request.
  Time since last request: 0.000014 seconds.
  path: Assets/POLYGON city pack/Prefabs/Floor/Street 4 grey 2M prefab.prefab
  artifactKey: Guid(21a7832e115724d42974d61698102f71) Importer(815301076,1909f56bfc062723c751e8b465ee728b)
Start importing Assets/POLYGON city pack/Prefabs/Floor/Street 4 grey 2M prefab.prefab using Guid(21a7832e115724d42974d61698102f71) Importer(815301076,1909f56bfc062723c751e8b465ee728b) [PhysX] Initialized MultithreadedTaskDispatcher with 12 workers.
[PhysX] Initialized MultithreadedTaskDispatcher with 12 workers.
 -> (artifact id: '29de6190da13f569751b40a3e2f71c6d') in 0.010523 seconds
Number of updated asset objects reloaded before import = 0
Number of asset objects unloaded after import = 11
========================================================================
Received Import Request.
  Time since last request: 0.000017 seconds.
  path: Assets/POLYGON city pack/Prefabs/Floor/Sideway 11 prefab.prefab
  artifactKey: Guid(0d994adf9f1bb3048b05c73f76d42756) Importer(815301076,1909f56bfc062723c751e8b465ee728b)
Start importing Assets/POLYGON city pack/Prefabs/Floor/Sideway 11 prefab.prefab using Guid(0d994adf9f1bb3048b05c73f76d42756) Importer(815301076,1909f56bfc062723c751e8b465ee728b) [PhysX] Initialized MultithreadedTaskDispatcher with 12 workers.
[PhysX] Initialized MultithreadedTaskDispatcher with 12 workers.
 -> (artifact id: 'b32a2d054f808c59315aeccbad32f893') in 0.011774 seconds
Number of updated asset objects reloaded before import = 0
Number of asset objects unloaded after import = 12
========================================================================
Received Import Request.
  Time since last request: 0.000014 seconds.
  path: Assets/POLYGON city pack/Prefabs/Floor/Street 5 Prefab.prefab
  artifactKey: Guid(bb22ea4214c77784c96ecc3cb6bc0608) Importer(815301076,1909f56bfc062723c751e8b465ee728b)
Start importing Assets/POLYGON city pack/Prefabs/Floor/Street 5 Prefab.prefab using Guid(bb22ea4214c77784c96ecc3cb6bc0608) Importer(815301076,1909f56bfc062723c751e8b465ee728b) [PhysX] Initialized MultithreadedTaskDispatcher with 12 workers.
[PhysX] Initialized MultithreadedTaskDispatcher with 12 workers.
 -> (artifact id: 'b73a3096e7962f97f13a18d0a361ed5a') in 0.010731 seconds
Number of updated asset objects reloaded before import = 0
Number of asset objects unloaded after import = 12
========================================================================
Received Import Request.
  Time since last request: 0.000015 seconds.
  path: Assets/POLYGON city pack/Prefabs/Floor/Street 12 Prefab.prefab
  artifactKey: Guid(18f25be2998f44b408dcd9ba703fd231) Importer(815301076,1909f56bfc062723c751e8b465ee728b)
Start importing Assets/POLYGON city pack/Prefabs/Floor/Street 12 Prefab.prefab using Guid(18f25be2998f44b408dcd9ba703fd231) Importer(815301076,1909f56bfc062723c751e8b465ee728b) [PhysX] Initialized MultithreadedTaskDispatcher with 12 workers.
[PhysX] Initialized MultithreadedTaskDispatcher with 12 workers.
 -> (artifact id: '6e92522b9e572c78c09aaf5850cf2658') in 0.011001 seconds
Number of updated asset objects reloaded before import = 0
Number of asset objects unloaded after import = 12
========================================================================
Received Import Request.
  Time since last request: 0.000015 seconds.
  path: Assets/POLYGON city pack/Prefabs/Floor/Street 15 Prefab.prefab
  artifactKey: Guid(d9d6037adf22fd1488b7deceb439e078) Importer(815301076,1909f56bfc062723c751e8b465ee728b)
Start importing Assets/POLYGON city pack/Prefabs/Floor/Street 15 Prefab.prefab using Guid(d9d6037adf22fd1488b7deceb439e078) Importer(815301076,1909f56bfc062723c751e8b465ee728b) [PhysX] Initialized MultithreadedTaskDispatcher with 12 workers.
[PhysX] Initialized MultithreadedTaskDispatcher with 12 workers.
 -> (artifact id: '654850ef82a5613a1053cb3081b28d12') in 0.011005 seconds
Number of updated asset objects reloaded before import = 0
Number of asset objects unloaded after import = 12
========================================================================
Received Import Request.
  Time since last request: 0.000017 seconds.
  path: Assets/POLYGON city pack/Prefabs/Floor/Walkway 4 Prefab.prefab
  artifactKey: Guid(f05e5e37b07893d42b4d91839e7299d0) Importer(815301076,1909f56bfc062723c751e8b465ee728b)
Start importing Assets/POLYGON city pack/Prefabs/Floor/Walkway 4 Prefab.prefab using Guid(f05e5e37b07893d42b4d91839e7299d0) Importer(815301076,1909f56bfc062723c751e8b465ee728b) [PhysX] Initialized MultithreadedTaskDispatcher with 12 workers.
[PhysX] Initialized MultithreadedTaskDispatcher with 12 workers.
 -> (artifact id: 'd553238aa961189e933e85df2823b288') in 0.011717 seconds
Number of updated asset objects reloaded before import = 0
Number of asset objects unloaded after import = 14
========================================================================
Received Import Request.
  Time since last request: 0.000015 seconds.
  path: Assets/POLYGON city pack/Prefabs/Floor/Sideway 7 prefab.prefab
  artifactKey: Guid(8ca0a36b96d9a434b8fb9fc9a5d87b27) Importer(815301076,1909f56bfc062723c751e8b465ee728b)
Start importing Assets/POLYGON city pack/Prefabs/Floor/Sideway 7 prefab.prefab using Guid(8ca0a36b96d9a434b8fb9fc9a5d87b27) Importer(815301076,1909f56bfc062723c751e8b465ee728b) [PhysX] Initialized MultithreadedTaskDispatcher with 12 workers.
[PhysX] Initialized MultithreadedTaskDispatcher with 12 workers.
 -> (artifact id: '514acc5bfc7abb87227093cdcd1bb198') in 0.011931 seconds
Number of updated asset objects reloaded before import = 0
Number of asset objects unloaded after import = 15
========================================================================
Received Import Request.
  Time since last request: 0.000018 seconds.
  path: Assets/POLYGON city pack/Prefabs/Floor/Sideway 6 prefab.prefab
  artifactKey: Guid(493d8fb14af461f45a7d50aaa60a7a37) Importer(815301076,1909f56bfc062723c751e8b465ee728b)
Start importing Assets/POLYGON city pack/Prefabs/Floor/Sideway 6 prefab.prefab using Guid(493d8fb14af461f45a7d50aaa60a7a37) Importer(815301076,1909f56bfc062723c751e8b465ee728b) [PhysX] Initialized MultithreadedTaskDispatcher with 12 workers.
[PhysX] Initialized MultithreadedTaskDispatcher with 12 workers.
 -> (artifact id: 'fe2626612fd72c3e1087ffb09e547100') in 0.012625 seconds
Number of updated asset objects reloaded before import = 0
Number of asset objects unloaded after import = 15
========================================================================
Received Import Request.
  Time since last request: 0.000018 seconds.
  path: Assets/POLYGON city pack/Prefabs/Floor/Street 21 Prefab.prefab
  artifactKey: Guid(8e333c3d9aca5ec419b24e89d083d1e0) Importer(815301076,1909f56bfc062723c751e8b465ee728b)
Start importing Assets/POLYGON city pack/Prefabs/Floor/Street 21 Prefab.prefab using Guid(8e333c3d9aca5ec419b24e89d083d1e0) Importer(815301076,1909f56bfc062723c751e8b465ee728b) [PhysX] Initialized MultithreadedTaskDispatcher with 12 workers.
[PhysX] Initialized MultithreadedTaskDispatcher with 12 workers.
 -> (artifact id: '1138a334e9c7687c9388108db1ad0d2b') in 0.011998 seconds
Number of updated asset objects reloaded before import = 0
Number of asset objects unloaded after import = 12
========================================================================
Received Import Request.
  Time since last request: 0.000013 seconds.
  path: Assets/POLYGON city pack/Prefabs/Floor/Sideway 9 prefab.prefab
  artifactKey: Guid(3e51558bab861cb4abd5698ff3cc1a4e) Importer(815301076,1909f56bfc062723c751e8b465ee728b)
Start importing Assets/POLYGON city pack/Prefabs/Floor/Sideway 9 prefab.prefab using Guid(3e51558bab861cb4abd5698ff3cc1a4e) Importer(815301076,1909f56bfc062723c751e8b465ee728b) [PhysX] Initialized MultithreadedTaskDispatcher with 12 workers.
[PhysX] Initialized MultithreadedTaskDispatcher with 12 workers.
 -> (artifact id: '0aaa49e3d32a89d6b38ea74288b22850') in 0.011600 seconds
Number of updated asset objects reloaded before import = 0
Number of asset objects unloaded after import = 15
========================================================================
Received Import Request.
  Time since last request: 0.000018 seconds.
  path: Assets/POLYGON city pack/Prefabs/Floor/Street 8 Prefab.prefab
  artifactKey: Guid(45374165b7b045b498462bc2d3987a31) Importer(815301076,1909f56bfc062723c751e8b465ee728b)
Start importing Assets/POLYGON city pack/Prefabs/Floor/Street 8 Prefab.prefab using Guid(45374165b7b045b498462bc2d3987a31) Importer(815301076,1909f56bfc062723c751e8b465ee728b) [PhysX] Initialized MultithreadedTaskDispatcher with 12 workers.
[PhysX] Initialized MultithreadedTaskDispatcher with 12 workers.
 -> (artifact id: 'da547059ef46599a2c9f26d93094852c') in 0.010168 seconds
Number of updated asset objects reloaded before import = 0
Number of asset objects unloaded after import = 12
========================================================================
Received Import Request.
  Time since last request: 0.000018 seconds.
  path: Assets/POLYGON city pack/Prefabs/Floor/Street 18 Prefab.prefab
  artifactKey: Guid(c48fd6e7775d8e740a5b6f7fb5e4bdc3) Importer(815301076,1909f56bfc062723c751e8b465ee728b)
Start importing Assets/POLYGON city pack/Prefabs/Floor/Street 18 Prefab.prefab using Guid(c48fd6e7775d8e740a5b6f7fb5e4bdc3) Importer(815301076,1909f56bfc062723c751e8b465ee728b) [PhysX] Initialized MultithreadedTaskDispatcher with 12 workers.
[PhysX] Initialized MultithreadedTaskDispatcher with 12 workers.
 -> (artifact id: '49fdf83804d54c8592e529a8b745e337') in 0.012349 seconds
Number of updated asset objects reloaded before import = 0
Number of asset objects unloaded after import = 12
========================================================================
Received Import Request.
  Time since last request: 2331.139176 seconds.
  path: Assets/POLYGON city pack/Materials/Night.mat
  artifactKey: Guid(2693a75b9cc71fb4bae0674a2e512e59) Importer(815301076,1909f56bfc062723c751e8b465ee728b)
Start importing Assets/POLYGON city pack/Materials/Night.mat using Guid(2693a75b9cc71fb4bae0674a2e512e59) Importer(815301076,1909f56bfc062723c751e8b465ee728b) [PhysX] Initialized MultithreadedTaskDispatcher with 12 workers.
[PhysX] Initialized MultithreadedTaskDispatcher with 12 workers.
 -> (artifact id: '3471dca78eae7ecabcafdfc2ff11b892') in 0.094682 seconds
Number of updated asset objects reloaded before import = 0
Number of asset objects unloaded after import = 1
========================================================================
Received Import Request.
  Time since last request: 2.321605 seconds.
  path: Assets/POLYGON city pack/Materials/Material_meshs/air conditioner wall.mat
  artifactKey: Guid(cb6d4b2eccab7624ea771ecdd72639d5) Importer(815301076,1909f56bfc062723c751e8b465ee728b)
Start importing Assets/POLYGON city pack/Materials/Material_meshs/air conditioner wall.mat using Guid(cb6d4b2eccab7624ea771ecdd72639d5) Importer(815301076,1909f56bfc062723c751e8b465ee728b) [PhysX] Initialized MultithreadedTaskDispatcher with 12 workers.
[PhysX] Initialized MultithreadedTaskDispatcher with 12 workers.
 -> (artifact id: 'c6de8d4fd6218dd6d5af5638252f8ff5') in 0.013105 seconds
Number of updated asset objects reloaded before import = 0
Number of asset objects unloaded after import = 2
========================================================================
Received Import Request.
  Time since last request: 0.000014 seconds.
  path: Assets/POLYGON city pack/Materials/Material_meshs/Burger.mat
  artifactKey: Guid(33a67e35c77a3cf40a53db27268cc44e) Importer(815301076,1909f56bfc062723c751e8b465ee728b)
Start importing Assets/POLYGON city pack/Materials/Material_meshs/Burger.mat using Guid(33a67e35c77a3cf40a53db27268cc44e) Importer(815301076,1909f56bfc062723c751e8b465ee728b) [PhysX] Initialized MultithreadedTaskDispatcher with 12 workers.
[PhysX] Initialized MultithreadedTaskDispatcher with 12 workers.
 -> (artifact id: '3689ab6c4d706a69ea8ee3c1e335e133') in 0.014084 seconds
Number of updated asset objects reloaded before import = 0
Number of asset objects unloaded after import = 2
========================================================================
Received Import Request.
  Time since last request: 0.000015 seconds.
  path: Assets/POLYGON city pack/Materials/Material_meshs/flower 1 A.mat
  artifactKey: Guid(efa2ffc1b27c4ea44b60666ce2206332) Importer(815301076,1909f56bfc062723c751e8b465ee728b)
Start importing Assets/POLYGON city pack/Materials/Material_meshs/flower 1 A.mat using Guid(efa2ffc1b27c4ea44b60666ce2206332) Importer(815301076,1909f56bfc062723c751e8b465ee728b) [PhysX] Initialized MultithreadedTaskDispatcher with 12 workers.
[PhysX] Initialized MultithreadedTaskDispatcher with 12 workers.
 -> (artifact id: '23a0e141741a2780aa39189e8b0ef5bb') in 0.193927 seconds
Number of updated asset objects reloaded before import = 0
Number of asset objects unloaded after import = 2
========================================================================
Received Import Request.
  Time since last request: 0.000021 seconds.
  path: Assets/POLYGON city pack/Materials/Material_meshs/Bus stop pole texture.mat
  artifactKey: Guid(e96d9e6034aaaaf48907b0c14fce898f) Importer(815301076,1909f56bfc062723c751e8b465ee728b)
Start importing Assets/POLYGON city pack/Materials/Material_meshs/Bus stop pole texture.mat using Guid(e96d9e6034aaaaf48907b0c14fce898f) Importer(815301076,1909f56bfc062723c751e8b465ee728b) [PhysX] Initialized MultithreadedTaskDispatcher with 12 workers.
[PhysX] Initialized MultithreadedTaskDispatcher with 12 workers.
 -> (artifact id: '4f2c2a5b217e116da0e27622d902d0db') in 0.009975 seconds
Number of updated asset objects reloaded before import = 0
Number of asset objects unloaded after import = 2
========================================================================
Received Import Request.
  Time since last request: 0.000024 seconds.
  path: Assets/POLYGON city pack/Materials/Material_meshs/flower 2.mat
  artifactKey: Guid(48aacf39f53ce994b8b53de064f860e8) Importer(815301076,1909f56bfc062723c751e8b465ee728b)
Start importing Assets/POLYGON city pack/Materials/Material_meshs/flower 2.mat using Guid(48aacf39f53ce994b8b53de064f860e8) Importer(815301076,1909f56bfc062723c751e8b465ee728b) [PhysX] Initialized MultithreadedTaskDispatcher with 12 workers.
[PhysX] Initialized MultithreadedTaskDispatcher with 12 workers.
 -> (artifact id: '4130b4b11a41d14f117556718a7ab43e') in 0.011738 seconds
Number of updated asset objects reloaded before import = 0
Number of asset objects unloaded after import = 2
========================================================================
Received Import Request.
  Time since last request: 0.000013 seconds.
  path: Assets/POLYGON city pack/Materials/Material_meshs/drain 1.mat
  artifactKey: Guid(189e04874afa8ee4abde0a253fda9cee) Importer(815301076,1909f56bfc062723c751e8b465ee728b)
Start importing Assets/POLYGON city pack/Materials/Material_meshs/drain 1.mat using Guid(189e04874afa8ee4abde0a253fda9cee) Importer(815301076,1909f56bfc062723c751e8b465ee728b) [PhysX] Initialized MultithreadedTaskDispatcher with 12 workers.
[PhysX] Initialized MultithreadedTaskDispatcher with 12 workers.
 -> (artifact id: 'b327e1db85ca978f9d7e195b70fd0f37') in 0.011551 seconds
Number of updated asset objects reloaded before import = 0
Number of asset objects unloaded after import = 2
========================================================================
Received Import Request.
  Time since last request: 0.000017 seconds.
  path: Assets/POLYGON city pack/Materials/Material_meshs/Grid.mat
  artifactKey: Guid(f2f02f2d34418854d80798cb0fa82bc7) Importer(815301076,1909f56bfc062723c751e8b465ee728b)
Start importing Assets/POLYGON city pack/Materials/Material_meshs/Grid.mat using Guid(f2f02f2d34418854d80798cb0fa82bc7) Importer(815301076,1909f56bfc062723c751e8b465ee728b) [PhysX] Initialized MultithreadedTaskDispatcher with 12 workers.
[PhysX] Initialized MultithreadedTaskDispatcher with 12 workers.
 -> (artifact id: 'c2c5d16ba0fa398fe0a5f510f3508106') in 0.015158 seconds
Number of updated asset objects reloaded before import = 0
Number of asset objects unloaded after import = 2
========================================================================
Received Import Request.
  Time since last request: 0.000032 seconds.
  path: Assets/POLYGON city pack/Materials/Material_meshs/dirt walkWay.mat
  artifactKey: Guid(a6eaccbb2fcd42a44ae956659d71890a) Importer(815301076,1909f56bfc062723c751e8b465ee728b)
Start importing Assets/POLYGON city pack/Materials/Material_meshs/dirt walkWay.mat using Guid(a6eaccbb2fcd42a44ae956659d71890a) Importer(815301076,1909f56bfc062723c751e8b465ee728b) [PhysX] Initialized MultithreadedTaskDispatcher with 12 workers.
[PhysX] Initialized MultithreadedTaskDispatcher with 12 workers.
 -> (artifact id: 'dfa0c90a5a1b0a8c0884802e0d2aa989') in 0.011403 seconds
Number of updated asset objects reloaded before import = 0
Number of asset objects unloaded after import = 2
========================================================================
Received Import Request.
  Time since last request: 0.000013 seconds.
  path: Assets/POLYGON city pack/Materials/Material_meshs/Dynamic_power_pole_cable.mat
  artifactKey: Guid(b4d33c7475d01404aa68494ec4c9f00b) Importer(815301076,1909f56bfc062723c751e8b465ee728b)
Start importing Assets/POLYGON city pack/Materials/Material_meshs/Dynamic_power_pole_cable.mat using Guid(b4d33c7475d01404aa68494ec4c9f00b) Importer(815301076,1909f56bfc062723c751e8b465ee728b) [PhysX] Initialized MultithreadedTaskDispatcher with 12 workers.
[PhysX] Initialized MultithreadedTaskDispatcher with 12 workers.
 -> (artifact id: 'c444a4efc9c0f9ba118ad770083c000e') in 0.009488 seconds
Number of updated asset objects reloaded before import = 0
Number of asset objects unloaded after import = 2
========================================================================
Received Import Request.
  Time since last request: 0.000015 seconds.
  path: Assets/POLYGON city pack/Materials/Material_meshs/Glass.mat
  artifactKey: Guid(28048d114c6803248a3c46e2207e3b69) Importer(815301076,1909f56bfc062723c751e8b465ee728b)
Start importing Assets/POLYGON city pack/Materials/Material_meshs/Glass.mat using Guid(28048d114c6803248a3c46e2207e3b69) Importer(815301076,1909f56bfc062723c751e8b465ee728b) [PhysX] Initialized MultithreadedTaskDispatcher with 12 workers.
[PhysX] Initialized MultithreadedTaskDispatcher with 12 workers.
 -> (artifact id: '1d0f9f409e1e889988d7def32914d76b') in 0.010152 seconds
Number of updated asset objects reloaded before import = 0
Number of asset objects unloaded after import = 1
========================================================================
Received Import Request.
  Time since last request: 0.000018 seconds.
  path: Assets/POLYGON city pack/Materials/Material_meshs/Big_trash_bin.mat
  artifactKey: Guid(b6e4dbecc938a2948b3839b7d1409514) Importer(815301076,1909f56bfc062723c751e8b465ee728b)
Start importing Assets/POLYGON city pack/Materials/Material_meshs/Big_trash_bin.mat using Guid(b6e4dbecc938a2948b3839b7d1409514) Importer(815301076,1909f56bfc062723c751e8b465ee728b) [PhysX] Initialized MultithreadedTaskDispatcher with 12 workers.
[PhysX] Initialized MultithreadedTaskDispatcher with 12 workers.
 -> (artifact id: '589d0d1d0f5082117a60f53a5ec584ad') in 0.010878 seconds
Number of updated asset objects reloaded before import = 0
Number of asset objects unloaded after import = 2
========================================================================
Received Import Request.
  Time since last request: 0.000017 seconds.
  path: Assets/POLYGON city pack/Materials/Material_meshs/Pot_tree.mat
  artifactKey: Guid(3b40b8ee00299524ea7fc922043f7454) Importer(815301076,1909f56bfc062723c751e8b465ee728b)
Start importing Assets/POLYGON city pack/Materials/Material_meshs/Pot_tree.mat using Guid(3b40b8ee00299524ea7fc922043f7454) Importer(815301076,1909f56bfc062723c751e8b465ee728b) [PhysX] Initialized MultithreadedTaskDispatcher with 12 workers.
[PhysX] Initialized MultithreadedTaskDispatcher with 12 workers.
 -> (artifact id: '6cc10b360743961581a734bc1f110f91') in 0.011999 seconds
Number of updated asset objects reloaded before import = 0
Number of asset objects unloaded after import = 2
========================================================================
Received Import Request.
  Time since last request: 0.000015 seconds.
  path: Assets/POLYGON city pack/Materials/Material_meshs/flower 1 A 6.mat
  artifactKey: Guid(7b2d534e6ffebce4a9c64d348150f99b) Importer(815301076,1909f56bfc062723c751e8b465ee728b)
Start importing Assets/POLYGON city pack/Materials/Material_meshs/flower 1 A 6.mat using Guid(7b2d534e6ffebce4a9c64d348150f99b) Importer(815301076,1909f56bfc062723c751e8b465ee728b) [PhysX] Initialized MultithreadedTaskDispatcher with 12 workers.
[PhysX] Initialized MultithreadedTaskDispatcher with 12 workers.
 -> (artifact id: 'd4f29cf309bbb398dd1a46e5ae08dcca') in 0.009782 seconds
Number of updated asset objects reloaded before import = 0
Number of asset objects unloaded after import = 2
========================================================================
Received Import Request.
  Time since last request: 0.000013 seconds.
  path: Assets/POLYGON city pack/Materials/Material_meshs/gas pump.mat
  artifactKey: Guid(1f3aed826d0deb142ae61d35be7f4ff8) Importer(815301076,1909f56bfc062723c751e8b465ee728b)
Start importing Assets/POLYGON city pack/Materials/Material_meshs/gas pump.mat using Guid(1f3aed826d0deb142ae61d35be7f4ff8) Importer(815301076,1909f56bfc062723c751e8b465ee728b) [PhysX] Initialized MultithreadedTaskDispatcher with 12 workers.
[PhysX] Initialized MultithreadedTaskDispatcher with 12 workers.
 -> (artifact id: 'a76fd1b7d91e3061e6a57a138723d2d1') in 0.010558 seconds
Number of updated asset objects reloaded before import = 0
Number of asset objects unloaded after import = 2
========================================================================
Received Import Request.
  Time since last request: 0.000014 seconds.
  path: Assets/POLYGON city pack/Materials/Material_meshs/i4.mat
  artifactKey: Guid(c2cd0d24c1534964ea6cfaeb51f2b9d6) Importer(815301076,1909f56bfc062723c751e8b465ee728b)
Start importing Assets/POLYGON city pack/Materials/Material_meshs/i4.mat using Guid(c2cd0d24c1534964ea6cfaeb51f2b9d6) Importer(815301076,1909f56bfc062723c751e8b465ee728b) [PhysX] Initialized MultithreadedTaskDispatcher with 12 workers.
[PhysX] Initialized MultithreadedTaskDispatcher with 12 workers.
 -> (artifact id: '1f2a0b72ef4fd4e8c70c38e3072b99c5') in 0.011700 seconds
Number of updated asset objects reloaded before import = 0
Number of asset objects unloaded after import = 2
========================================================================
Received Import Request.
  Time since last request: 0.000014 seconds.
  path: Assets/POLYGON city pack/Materials/Material_meshs/BurgerSho_Sign.mat
  artifactKey: Guid(b3e3e670762d9c941b09bd6e7a5789f4) Importer(815301076,1909f56bfc062723c751e8b465ee728b)
Start importing Assets/POLYGON city pack/Materials/Material_meshs/BurgerSho_Sign.mat using Guid(b3e3e670762d9c941b09bd6e7a5789f4) Importer(815301076,1909f56bfc062723c751e8b465ee728b) [PhysX] Initialized MultithreadedTaskDispatcher with 12 workers.
[PhysX] Initialized MultithreadedTaskDispatcher with 12 workers.
 -> (artifact id: '0288056d64c1aa5d9c0a10807df3c2ff') in 0.010904 seconds
Number of updated asset objects reloaded before import = 0
Number of asset objects unloaded after import = 2
========================================================================
Received Import Request.
  Time since last request: 0.000017 seconds.
  path: Assets/POLYGON city pack/Materials/Material_meshs/hedge.mat
  artifactKey: Guid(00481b12d8fb567408d3f4f4f7dcb2e8) Importer(815301076,1909f56bfc062723c751e8b465ee728b)
Start importing Assets/POLYGON city pack/Materials/Material_meshs/hedge.mat using Guid(00481b12d8fb567408d3f4f4f7dcb2e8) Importer(815301076,1909f56bfc062723c751e8b465ee728b) [PhysX] Initialized MultithreadedTaskDispatcher with 12 workers.
[PhysX] Initialized MultithreadedTaskDispatcher with 12 workers.
 -> (artifact id: 'b36e42f498308f4700c5db5dfb6ce4b9') in 0.010250 seconds
Number of updated asset objects reloaded before import = 0
Number of asset objects unloaded after import = 2
========================================================================
Received Import Request.
  Time since last request: 0.000012 seconds.
  path: Assets/POLYGON city pack/Materials/Material_meshs/ATM.mat
  artifactKey: Guid(bebb1324c06709a45a60fa4db2eb003b) Importer(815301076,1909f56bfc062723c751e8b465ee728b)
Start importing Assets/POLYGON city pack/Materials/Material_meshs/ATM.mat using Guid(bebb1324c06709a45a60fa4db2eb003b) Importer(815301076,1909f56bfc062723c751e8b465ee728b) [PhysX] Initialized MultithreadedTaskDispatcher with 12 workers.
[PhysX] Initialized MultithreadedTaskDispatcher with 12 workers.
 -> (artifact id: 'adde4dc5f92da78f3bf76921d29ab01c') in 0.012765 seconds
Number of updated asset objects reloaded before import = 0
Number of asset objects unloaded after import = 2
========================================================================
Received Import Request.
  Time since last request: 0.000015 seconds.
  path: Assets/POLYGON city pack/Materials/Material_meshs/flower 1 A 7.mat
  artifactKey: Guid(fb2bb9e1b7d05ad46b93caf71c65d8b9) Importer(815301076,1909f56bfc062723c751e8b465ee728b)
Start importing Assets/POLYGON city pack/Materials/Material_meshs/flower 1 A 7.mat using Guid(fb2bb9e1b7d05ad46b93caf71c65d8b9) Importer(815301076,1909f56bfc062723c751e8b465ee728b) [PhysX] Initialized MultithreadedTaskDispatcher with 12 workers.
[PhysX] Initialized MultithreadedTaskDispatcher with 12 workers.
 -> (artifact id: '458a36f1a8165a159b50049743b97297') in 0.010084 seconds
Number of updated asset objects reloaded before import = 0
Number of asset objects unloaded after import = 2
========================================================================
Received Import Request.
  Time since last request: 0.000016 seconds.
  path: Assets/POLYGON city pack/Materials/Material_meshs/flower 1 A 2.mat
  artifactKey: Guid(c220d94282545cc4282620c1b16e6417) Importer(815301076,1909f56bfc062723c751e8b465ee728b)
Start importing Assets/POLYGON city pack/Materials/Material_meshs/flower 1 A 2.mat using Guid(c220d94282545cc4282620c1b16e6417) Importer(815301076,1909f56bfc062723c751e8b465ee728b) [PhysX] Initialized MultithreadedTaskDispatcher with 12 workers.
[PhysX] Initialized MultithreadedTaskDispatcher with 12 workers.
 -> (artifact id: '167047c2b6d75fa24807807cfba9d0d6') in 0.011162 seconds
Number of updated asset objects reloaded before import = 0
Number of asset objects unloaded after import = 2
========================================================================
Received Import Request.
  Time since last request: 0.000016 seconds.
  path: Assets/POLYGON city pack/Materials/Material_meshs/bush.mat
  artifactKey: Guid(a765fa6fea65d0b41b6a72dbc5d23407) Importer(815301076,1909f56bfc062723c751e8b465ee728b)
Start importing Assets/POLYGON city pack/Materials/Material_meshs/bush.mat using Guid(a765fa6fea65d0b41b6a72dbc5d23407) Importer(815301076,1909f56bfc062723c751e8b465ee728b) [PhysX] Initialized MultithreadedTaskDispatcher with 12 workers.
[PhysX] Initialized MultithreadedTaskDispatcher with 12 workers.
 -> (artifact id: 'eb3e9e5e4196e5768f1c3ad7b037f704') in 0.011480 seconds
Number of updated asset objects reloaded before import = 0
Number of asset objects unloaded after import = 2
========================================================================
Received Import Request.
  Time since last request: 0.000017 seconds.
  path: Assets/POLYGON city pack/Materials/Material_meshs/Hotdog.mat
  artifactKey: Guid(bd9bec7cf2974734483242b0897728e0) Importer(815301076,1909f56bfc062723c751e8b465ee728b)
Start importing Assets/POLYGON city pack/Materials/Material_meshs/Hotdog.mat using Guid(bd9bec7cf2974734483242b0897728e0) Importer(815301076,1909f56bfc062723c751e8b465ee728b) [PhysX] Initialized MultithreadedTaskDispatcher with 12 workers.
[PhysX] Initialized MultithreadedTaskDispatcher with 12 workers.
 -> (artifact id: '23d8b60db258fc1b225b4101dc3fcdd3') in 0.011961 seconds
Number of updated asset objects reloaded before import = 0
Number of asset objects unloaded after import = 2
========================================================================
Received Import Request.
  Time since last request: 0.000017 seconds.
  path: Assets/POLYGON city pack/Materials/Material_meshs/Mail_box.mat
  artifactKey: Guid(544852be24715f24894730d110ba2a8f) Importer(815301076,1909f56bfc062723c751e8b465ee728b)
Start importing Assets/POLYGON city pack/Materials/Material_meshs/Mail_box.mat using Guid(544852be24715f24894730d110ba2a8f) Importer(815301076,1909f56bfc062723c751e8b465ee728b) [PhysX] Initialized MultithreadedTaskDispatcher with 12 workers.
[PhysX] Initialized MultithreadedTaskDispatcher with 12 workers.
 -> (artifact id: '7d39630aed19136b0b1cb2c68fa6e9bc') in 0.011177 seconds
Number of updated asset objects reloaded before import = 0
Number of asset objects unloaded after import = 2
========================================================================
Received Import Request.
  Time since last request: 0.000025 seconds.
  path: Assets/POLYGON city pack/Materials/Material_meshs/bench.mat
  artifactKey: Guid(0cfe2f16ddac5b04b8acda9e8f8cb3ee) Importer(815301076,1909f56bfc062723c751e8b465ee728b)
Start importing Assets/POLYGON city pack/Materials/Material_meshs/bench.mat using Guid(0cfe2f16ddac5b04b8acda9e8f8cb3ee) Importer(815301076,1909f56bfc062723c751e8b465ee728b) [PhysX] Initialized MultithreadedTaskDispatcher with 12 workers.
[PhysX] Initialized MultithreadedTaskDispatcher with 12 workers.
 -> (artifact id: 'b1ac8dabff0dd7b2965136805e3f49a4') in 0.010499 seconds
Number of updated asset objects reloaded before import = 0
Number of asset objects unloaded after import = 2
========================================================================
Received Import Request.
  Time since last request: 0.000016 seconds.
  path: Assets/POLYGON city pack/Materials/Material_meshs/Bush 2.mat
  artifactKey: Guid(2246b9d119e72a540b54840c32733fbb) Importer(815301076,1909f56bfc062723c751e8b465ee728b)
Start importing Assets/POLYGON city pack/Materials/Material_meshs/Bush 2.mat using Guid(2246b9d119e72a540b54840c32733fbb) Importer(815301076,1909f56bfc062723c751e8b465ee728b) [PhysX] Initialized MultithreadedTaskDispatcher with 12 workers.
[PhysX] Initialized MultithreadedTaskDispatcher with 12 workers.
 -> (artifact id: 'fae8b3465d3c18508977d9b00d0df154') in 0.010529 seconds
Number of updated asset objects reloaded before import = 0
Number of asset objects unloaded after import = 2
========================================================================
Received Import Request.
  Time since last request: 0.000018 seconds.
  path: Assets/POLYGON city pack/Materials/Material_meshs/shop b.mat
  artifactKey: Guid(d2ece15c27b1b3e42af178de8034e3be) Importer(815301076,1909f56bfc062723c751e8b465ee728b)
Start importing Assets/POLYGON city pack/Materials/Material_meshs/shop b.mat using Guid(d2ece15c27b1b3e42af178de8034e3be) Importer(815301076,1909f56bfc062723c751e8b465ee728b) [PhysX] Initialized MultithreadedTaskDispatcher with 12 workers.
[PhysX] Initialized MultithreadedTaskDispatcher with 12 workers.
 -> (artifact id: '11450e97407cf8632c68c2076b14a963') in 0.011380 seconds
Number of updated asset objects reloaded before import = 0
Number of asset objects unloaded after import = 2
========================================================================
Received Import Request.
  Time since last request: 0.000018 seconds.
  path: Assets/POLYGON city pack/Materials/Material_meshs/flower 1 A 4.mat
  artifactKey: Guid(f17c18bcf50050e4b932cbfdec2b84da) Importer(815301076,1909f56bfc062723c751e8b465ee728b)
Start importing Assets/POLYGON city pack/Materials/Material_meshs/flower 1 A 4.mat using Guid(f17c18bcf50050e4b932cbfdec2b84da) Importer(815301076,1909f56bfc062723c751e8b465ee728b) [PhysX] Initialized MultithreadedTaskDispatcher with 12 workers.
[PhysX] Initialized MultithreadedTaskDispatcher with 12 workers.
 -> (artifact id: '935c951af3e221585a563788d8dd3517') in 0.012198 seconds
Number of updated asset objects reloaded before import = 0
Number of asset objects unloaded after import = 2
========================================================================
Received Import Request.
  Time since last request: 2.346997 seconds.
  path: Assets/POLYGON city pack/Materials/Material_meshs/Sideway.mat
  artifactKey: Guid(ade4d9b3b14d5b045884be40b327deb1) Importer(815301076,1909f56bfc062723c751e8b465ee728b)
Start importing Assets/POLYGON city pack/Materials/Material_meshs/Sideway.mat using Guid(ade4d9b3b14d5b045884be40b327deb1) Importer(815301076,1909f56bfc062723c751e8b465ee728b) [PhysX] Initialized MultithreadedTaskDispatcher with 12 workers.
[PhysX] Initialized MultithreadedTaskDispatcher with 12 workers.
 -> (artifact id: 'af28e2b146096cd86aaeb0023fbce71f') in 0.011175 seconds
Number of updated asset objects reloaded before import = 0
Number of asset objects unloaded after import = 2
========================================================================
Received Import Request.
  Time since last request: 0.000016 seconds.
  path: Assets/POLYGON city pack/Materials/Material_meshs/Sign_traffic 4.mat
  artifactKey: Guid(6211d6c20e4e0f7468c34706610697bc) Importer(815301076,1909f56bfc062723c751e8b465ee728b)
Start importing Assets/POLYGON city pack/Materials/Material_meshs/Sign_traffic 4.mat using Guid(6211d6c20e4e0f7468c34706610697bc) Importer(815301076,1909f56bfc062723c751e8b465ee728b) [PhysX] Initialized MultithreadedTaskDispatcher with 12 workers.
[PhysX] Initialized MultithreadedTaskDispatcher with 12 workers.
 -> (artifact id: '0fd0dc51a503efee950de7eee680d08f') in 0.011499 seconds
Number of updated asset objects reloaded before import = 0
Number of asset objects unloaded after import = 2
========================================================================
Received Import Request.
  Time since last request: 0.000017 seconds.
  path: Assets/POLYGON city pack/Materials/Material_meshs/Sign_speed_100.mat
  artifactKey: Guid(a4a40e7c355f38a4881ec26872523781) Importer(815301076,1909f56bfc062723c751e8b465ee728b)
Start importing Assets/POLYGON city pack/Materials/Material_meshs/Sign_speed_100.mat using Guid(a4a40e7c355f38a4881ec26872523781) Importer(815301076,1909f56bfc062723c751e8b465ee728b) [PhysX] Initialized MultithreadedTaskDispatcher with 12 workers.
[PhysX] Initialized MultithreadedTaskDispatcher with 12 workers.
 -> (artifact id: '86536807708509daecafef8baa8110f7') in 0.010500 seconds
Number of updated asset objects reloaded before import = 0
Number of asset objects unloaded after import = 2
========================================================================
Received Import Request.
  Time since last request: 0.000015 seconds.
  path: Assets/POLYGON city pack/Materials/Material_meshs/Sign_ traffic raod.mat
  artifactKey: Guid(1bf9a498b08aac042ac9add9b9a635cd) Importer(815301076,1909f56bfc062723c751e8b465ee728b)
Start importing Assets/POLYGON city pack/Materials/Material_meshs/Sign_ traffic raod.mat using Guid(1bf9a498b08aac042ac9add9b9a635cd) Importer(815301076,1909f56bfc062723c751e8b465ee728b) [PhysX] Initialized MultithreadedTaskDispatcher with 12 workers.
[PhysX] Initialized MultithreadedTaskDispatcher with 12 workers.
 -> (artifact id: '659081437c49bb0f58c51c5c7d3fa523') in 0.014966 seconds
Number of updated asset objects reloaded before import = 0
Number of asset objects unloaded after import = 2
========================================================================
Received Import Request.
  Time since last request: 0.000014 seconds.
  path: Assets/POLYGON city pack/Materials/Material_meshs/Sign_speed_10.mat
  artifactKey: Guid(61cea1addb183bb4e8d982811f186a3d) Importer(815301076,1909f56bfc062723c751e8b465ee728b)
Start importing Assets/POLYGON city pack/Materials/Material_meshs/Sign_speed_10.mat using Guid(61cea1addb183bb4e8d982811f186a3d) Importer(815301076,1909f56bfc062723c751e8b465ee728b) [PhysX] Initialized MultithreadedTaskDispatcher with 12 workers.
[PhysX] Initialized MultithreadedTaskDispatcher with 12 workers.
 -> (artifact id: 'a17d3965aa6a3434d3c65c0c37deba99') in 0.010924 seconds
Number of updated asset objects reloaded before import = 0
Number of asset objects unloaded after import = 2
========================================================================
Received Import Request.
  Time since last request: 0.000016 seconds.
  path: Assets/POLYGON city pack/Materials/Material_meshs/Sign_parking.mat
  artifactKey: Guid(9b60638852f2e1c46a28db8be414a5ea) Importer(815301076,1909f56bfc062723c751e8b465ee728b)
Start importing Assets/POLYGON city pack/Materials/Material_meshs/Sign_parking.mat using Guid(9b60638852f2e1c46a28db8be414a5ea) Importer(815301076,1909f56bfc062723c751e8b465ee728b) [PhysX] Initialized MultithreadedTaskDispatcher with 12 workers.
[PhysX] Initialized MultithreadedTaskDispatcher with 12 workers.
 -> (artifact id: 'c700a8c23211a2f588e3ba8ba9ae19a6') in 0.012172 seconds
Number of updated asset objects reloaded before import = 0
Number of asset objects unloaded after import = 2
========================================================================
Received Import Request.
  Time since last request: 0.000017 seconds.
  path: Assets/POLYGON city pack/Materials/Material_meshs/Sign_traffic 3.mat
  artifactKey: Guid(6de6fe3ba14a14848a5014692825ee59) Importer(815301076,1909f56bfc062723c751e8b465ee728b)
Start importing Assets/POLYGON city pack/Materials/Material_meshs/Sign_traffic 3.mat using Guid(6de6fe3ba14a14848a5014692825ee59) Importer(815301076,1909f56bfc062723c751e8b465ee728b) [PhysX] Initialized MultithreadedTaskDispatcher with 12 workers.
[PhysX] Initialized MultithreadedTaskDispatcher with 12 workers.
 -> (artifact id: '233109f2ee8f49051cf0b52f38d11c3c') in 0.011750 seconds
Number of updated asset objects reloaded before import = 0
Number of asset objects unloaded after import = 2
========================================================================
Received Import Request.
  Time since last request: 14.225039 seconds.
  path: Assets/POLYGON city pack/Materials/Material_meshs/speed_limit_sign_50.mat
  artifactKey: Guid(90dd11efc0b3efc40a8903f17cbb72a2) Importer(815301076,1909f56bfc062723c751e8b465ee728b)
Start importing Assets/POLYGON city pack/Materials/Material_meshs/speed_limit_sign_50.mat using Guid(90dd11efc0b3efc40a8903f17cbb72a2) Importer(815301076,1909f56bfc062723c751e8b465ee728b) [PhysX] Initialized MultithreadedTaskDispatcher with 12 workers.
[PhysX] Initialized MultithreadedTaskDispatcher with 12 workers.
 -> (artifact id: '131ca9f3cb59f7c833803d9fd9970538') in 0.011881 seconds
Number of updated asset objects reloaded before import = 0
Number of asset objects unloaded after import = 2
========================================================================
Received Import Request.
  Time since last request: 0.000016 seconds.
  path: Assets/POLYGON city pack/Materials/Material_meshs/street 2.mat
  artifactKey: Guid(af0582a2d4252d44e947c6cffcd45186) Importer(815301076,1909f56bfc062723c751e8b465ee728b)
Start importing Assets/POLYGON city pack/Materials/Material_meshs/street 2.mat using Guid(af0582a2d4252d44e947c6cffcd45186) Importer(815301076,1909f56bfc062723c751e8b465ee728b) [PhysX] Initialized MultithreadedTaskDispatcher with 12 workers.
[PhysX] Initialized MultithreadedTaskDispatcher with 12 workers.
 -> (artifact id: '89ea6f7ee7db0ce0375d60757a8c99ba') in 0.011059 seconds
Number of updated asset objects reloaded before import = 0
Number of asset objects unloaded after import = 2
========================================================================
Received Import Request.
  Time since last request: 0.000018 seconds.
  path: Assets/POLYGON city pack/Materials/Material_meshs/street 3.mat
  artifactKey: Guid(7e20040aa26e36443b2ae6d45e7b8ff6) Importer(815301076,1909f56bfc062723c751e8b465ee728b)
Start importing Assets/POLYGON city pack/Materials/Material_meshs/street 3.mat using Guid(7e20040aa26e36443b2ae6d45e7b8ff6) Importer(815301076,1909f56bfc062723c751e8b465ee728b) [PhysX] Initialized MultithreadedTaskDispatcher with 12 workers.
[PhysX] Initialized MultithreadedTaskDispatcher with 12 workers.
 -> (artifact id: '67e0b47716514632082fcbde22a3e4cf') in 0.010250 seconds
Number of updated asset objects reloaded before import = 0
Number of asset objects unloaded after import = 2
========================================================================
Received Import Request.
  Time since last request: 0.000027 seconds.
  path: Assets/POLYGON city pack/Materials/Material_meshs/street 11.mat
  artifactKey: Guid(6ccb05ecd9cd79b4fbc6cf7019198d6b) Importer(815301076,1909f56bfc062723c751e8b465ee728b)
Start importing Assets/POLYGON city pack/Materials/Material_meshs/street 11.mat using Guid(6ccb05ecd9cd79b4fbc6cf7019198d6b) Importer(815301076,1909f56bfc062723c751e8b465ee728b) [PhysX] Initialized MultithreadedTaskDispatcher with 12 workers.
[PhysX] Initialized MultithreadedTaskDispatcher with 12 workers.
 -> (artifact id: 'ed95c9d67685ffe41384e8dd6997955b') in 0.011265 seconds
Number of updated asset objects reloaded before import = 0
Number of asset objects unloaded after import = 2
========================================================================
Received Import Request.
  Time since last request: 0.000014 seconds.
  path: Assets/POLYGON city pack/Materials/Material_meshs/street 8.mat
  artifactKey: Guid(f66625c0d638e4441aad72b0e59126c2) Importer(815301076,1909f56bfc062723c751e8b465ee728b)
Start importing Assets/POLYGON city pack/Materials/Material_meshs/street 8.mat using Guid(f66625c0d638e4441aad72b0e59126c2) Importer(815301076,1909f56bfc062723c751e8b465ee728b) [PhysX] Initialized MultithreadedTaskDispatcher with 12 workers.
[PhysX] Initialized MultithreadedTaskDispatcher with 12 workers.
 -> (artifact id: 'ab76a55f68fe9ed1a5ef7a23a6cc780a') in 0.011054 seconds
Number of updated asset objects reloaded before import = 0
Number of asset objects unloaded after import = 2
========================================================================
Received Import Request.
  Time since last request: 0.000020 seconds.
  path: Assets/POLYGON city pack/Materials/Material_meshs/street 6.mat
  artifactKey: Guid(be8e1d853d066054791a5c07f41a04ae) Importer(815301076,1909f56bfc062723c751e8b465ee728b)
Start importing Assets/POLYGON city pack/Materials/Material_meshs/street 6.mat using Guid(be8e1d853d066054791a5c07f41a04ae) Importer(815301076,1909f56bfc062723c751e8b465ee728b) [PhysX] Initialized MultithreadedTaskDispatcher with 12 workers.
[PhysX] Initialized MultithreadedTaskDispatcher with 12 workers.
 -> (artifact id: 'f0509ada5a114ce3a367e3667a9f3f9d') in 0.011366 seconds
Number of updated asset objects reloaded before import = 0
Number of asset objects unloaded after import = 2
========================================================================
Received Import Request.
  Time since last request: 0.000018 seconds.
  path: Assets/POLYGON city pack/Materials/Material_meshs/street 9.mat
  artifactKey: Guid(44e6f6a31667a0c46a4d3741b5e879d9) Importer(815301076,1909f56bfc062723c751e8b465ee728b)
Start importing Assets/POLYGON city pack/Materials/Material_meshs/street 9.mat using Guid(44e6f6a31667a0c46a4d3741b5e879d9) Importer(815301076,1909f56bfc062723c751e8b465ee728b) [PhysX] Initialized MultithreadedTaskDispatcher with 12 workers.
[PhysX] Initialized MultithreadedTaskDispatcher with 12 workers.
 -> (artifact id: 'e28adeee64213d1ac4526350a1ab8c96') in 0.011630 seconds
Number of updated asset objects reloaded before import = 0
Number of asset objects unloaded after import = 2
========================================================================
Received Import Request.
  Time since last request: 1.365464 seconds.
  path: Assets/POLYGON city pack/Materials/Material_meshs/street 13.mat
  artifactKey: Guid(34ec53f412bdc5545a2722b7b5a1f277) Importer(815301076,1909f56bfc062723c751e8b465ee728b)
Start importing Assets/POLYGON city pack/Materials/Material_meshs/street 13.mat using Guid(34ec53f412bdc5545a2722b7b5a1f277) Importer(815301076,1909f56bfc062723c751e8b465ee728b) [PhysX] Initialized MultithreadedTaskDispatcher with 12 workers.
[PhysX] Initialized MultithreadedTaskDispatcher with 12 workers.
 -> (artifact id: '31d031c35de18ee5f16524d58986d542') in 0.014180 seconds
Number of updated asset objects reloaded before import = 0
Number of asset objects unloaded after import = 2
========================================================================
Received Import Request.
  Time since last request: 0.000015 seconds.
  path: Assets/POLYGON city pack/Materials/Material_meshs/televserion antenna.mat
  artifactKey: Guid(ec7a0e608e3ad6040b3cfa171659ca44) Importer(815301076,1909f56bfc062723c751e8b465ee728b)
Start importing Assets/POLYGON city pack/Materials/Material_meshs/televserion antenna.mat using Guid(ec7a0e608e3ad6040b3cfa171659ca44) Importer(815301076,1909f56bfc062723c751e8b465ee728b) [PhysX] Initialized MultithreadedTaskDispatcher with 12 workers.
[PhysX] Initialized MultithreadedTaskDispatcher with 12 workers.
 -> (artifact id: '5d19f6d9f3493d95367dd259187ed0e8') in 0.010738 seconds
Number of updated asset objects reloaded before import = 0
Number of asset objects unloaded after import = 2
========================================================================
Received Import Request.
  Time since last request: 0.000016 seconds.
  path: Assets/POLYGON city pack/Materials/Material_meshs/traffic_obj.mat
  artifactKey: Guid(f4acfc13e074a6e43bc89c69d707c810) Importer(815301076,1909f56bfc062723c751e8b465ee728b)
Start importing Assets/POLYGON city pack/Materials/Material_meshs/traffic_obj.mat using Guid(f4acfc13e074a6e43bc89c69d707c810) Importer(815301076,1909f56bfc062723c751e8b465ee728b) [PhysX] Initialized MultithreadedTaskDispatcher with 12 workers.
[PhysX] Initialized MultithreadedTaskDispatcher with 12 workers.
 -> (artifact id: 'f5fd11cc52899c4d90e03ca621ab496c') in 0.012042 seconds
Number of updated asset objects reloaded before import = 0
Number of asset objects unloaded after import = 2
========================================================================
Received Import Request.
  Time since last request: 0.000017 seconds.
  path: Assets/POLYGON city pack/Materials/Material_meshs/trashbag.mat
  artifactKey: Guid(920171991f9b62c41b9f2b275bd5e169) Importer(815301076,1909f56bfc062723c751e8b465ee728b)
Start importing Assets/POLYGON city pack/Materials/Material_meshs/trashbag.mat using Guid(920171991f9b62c41b9f2b275bd5e169) Importer(815301076,1909f56bfc062723c751e8b465ee728b) [PhysX] Initialized MultithreadedTaskDispatcher with 12 workers.
[PhysX] Initialized MultithreadedTaskDispatcher with 12 workers.
 -> (artifact id: '23e44c9ce2809d24cbc8633e721c0f12') in 0.014115 seconds
Number of updated asset objects reloaded before import = 0
Number of asset objects unloaded after import = 2
========================================================================
Received Import Request.
  Time since last request: 0.000032 seconds.
  path: Assets/POLYGON city pack/Materials/Material_meshs/street 19.mat
  artifactKey: Guid(f8c0e9b4d11bff14da607053f5012175) Importer(815301076,1909f56bfc062723c751e8b465ee728b)
Start importing Assets/POLYGON city pack/Materials/Material_meshs/street 19.mat using Guid(f8c0e9b4d11bff14da607053f5012175) Importer(815301076,1909f56bfc062723c751e8b465ee728b) [PhysX] Initialized MultithreadedTaskDispatcher with 12 workers.
[PhysX] Initialized MultithreadedTaskDispatcher with 12 workers.
 -> (artifact id: 'b3c9f3c0969f4e99e5a871e9bfcff994') in 0.011224 seconds
Number of updated asset objects reloaded before import = 0
Number of asset objects unloaded after import = 2
========================================================================
Received Import Request.
  Time since last request: 0.000016 seconds.
  path: Assets/POLYGON city pack/Materials/Material_meshs/street 21.mat
  artifactKey: Guid(b104df4148bcf294b9ec4a842c8e5b51) Importer(815301076,1909f56bfc062723c751e8b465ee728b)
Start importing Assets/POLYGON city pack/Materials/Material_meshs/street 21.mat using Guid(b104df4148bcf294b9ec4a842c8e5b51) Importer(815301076,1909f56bfc062723c751e8b465ee728b) [PhysX] Initialized MultithreadedTaskDispatcher with 12 workers.
[PhysX] Initialized MultithreadedTaskDispatcher with 12 workers.
 -> (artifact id: '7cf370dc6f2a58504d2c13d83e5e2ea8') in 0.014353 seconds
Number of updated asset objects reloaded before import = 0
Number of asset objects unloaded after import = 2
========================================================================
Received Import Request.
  Time since last request: 0.000017 seconds.
  path: Assets/POLYGON city pack/Materials/Material_meshs/StreetSellerStand AD.mat
  artifactKey: Guid(a772bcb58f8935449a3219ec0e4bffa8) Importer(815301076,1909f56bfc062723c751e8b465ee728b)
Start importing Assets/POLYGON city pack/Materials/Material_meshs/StreetSellerStand AD.mat using Guid(a772bcb58f8935449a3219ec0e4bffa8) Importer(815301076,1909f56bfc062723c751e8b465ee728b) [PhysX] Initialized MultithreadedTaskDispatcher with 12 workers.
[PhysX] Initialized MultithreadedTaskDispatcher with 12 workers.
 -> (artifact id: '03edc295f55f42dd187ef74c4ba3f975') in 0.012135 seconds
Number of updated asset objects reloaded before import = 0
Number of asset objects unloaded after import = 2
========================================================================
Received Import Request.
  Time since last request: 0.000014 seconds.
  path: Assets/POLYGON city pack/Materials/Material_meshs/street 17.mat
  artifactKey: Guid(d600fec226ddb23418f8e8d742e5a551) Importer(815301076,1909f56bfc062723c751e8b465ee728b)
Start importing Assets/POLYGON city pack/Materials/Material_meshs/street 17.mat using Guid(d600fec226ddb23418f8e8d742e5a551) Importer(815301076,1909f56bfc062723c751e8b465ee728b) [PhysX] Initialized MultithreadedTaskDispatcher with 12 workers.
[PhysX] Initialized MultithreadedTaskDispatcher with 12 workers.
 -> (artifact id: '6639a8371b7dba0902b9eed7377efc85') in 0.011997 seconds
Number of updated asset objects reloaded before import = 0
Number of asset objects unloaded after import = 2
========================================================================
Received Import Request.
  Time since last request: 399.744658 seconds.
  path: Assets/POLYGON city pack/Prefabs/Floor/Grass_stone_2_prefab.prefab
  artifactKey: Guid(4752f864e3118e64482c22f7a8d21b01) Importer(815301076,1909f56bfc062723c751e8b465ee728b)
Start importing Assets/POLYGON city pack/Prefabs/Floor/Grass_stone_2_prefab.prefab using Guid(4752f864e3118e64482c22f7a8d21b01) Importer(815301076,1909f56bfc062723c751e8b465ee728b) [PhysX] Initialized MultithreadedTaskDispatcher with 12 workers.
[PhysX] Initialized MultithreadedTaskDispatcher with 12 workers.
 -> (artifact id: '3dc057d54351912cf6c2acf82dccf3b5') in 0.027821 seconds
Number of updated asset objects reloaded before import = 0
Number of asset objects unloaded after import = 13
========================================================================
Received Import Request.
  Time since last request: 0.000018 seconds.
  path: Assets/POLYGON city pack/Prefabs/Floor/Walkway 3 Prefab.prefab
  artifactKey: Guid(502d6f0e64b66424794fb5bab97b89a9) Importer(815301076,1909f56bfc062723c751e8b465ee728b)
Start importing Assets/POLYGON city pack/Prefabs/Floor/Walkway 3 Prefab.prefab using Guid(502d6f0e64b66424794fb5bab97b89a9) Importer(815301076,1909f56bfc062723c751e8b465ee728b) [PhysX] Initialized MultithreadedTaskDispatcher with 12 workers.
[PhysX] Initialized MultithreadedTaskDispatcher with 12 workers.
 -> (artifact id: 'aea519b5789a3888f3036128ed581aa4') in 0.014729 seconds
Number of updated asset objects reloaded before import = 0
Number of asset objects unloaded after import = 14
========================================================================
Received Import Request.
  Time since last request: 0.000019 seconds.
  path: Assets/POLYGON city pack/Prefabs/Floor/WalkWay 6 prefab.prefab
  artifactKey: Guid(ac61809f89d132d4b85c3d14a3725846) Importer(815301076,1909f56bfc062723c751e8b465ee728b)
Start importing Assets/POLYGON city pack/Prefabs/Floor/WalkWay 6 prefab.prefab using Guid(ac61809f89d132d4b85c3d14a3725846) Importer(815301076,1909f56bfc062723c751e8b465ee728b) [PhysX] Initialized MultithreadedTaskDispatcher with 12 workers.
[PhysX] Initialized MultithreadedTaskDispatcher with 12 workers.
 -> (artifact id: '6efd241578eb23b3526d239c015fe581') in 0.013097 seconds
Number of updated asset objects reloaded before import = 0
Number of asset objects unloaded after import = 14
========================================================================
Received Import Request.
  Time since last request: 0.000020 seconds.
  path: Assets/POLYGON city pack/Prefabs/Floor/Walkway 4 Prefab.prefab
  artifactKey: Guid(f05e5e37b07893d42b4d91839e7299d0) Importer(815301076,1909f56bfc062723c751e8b465ee728b)
Start importing Assets/POLYGON city pack/Prefabs/Floor/Walkway 4 Prefab.prefab using Guid(f05e5e37b07893d42b4d91839e7299d0) Importer(815301076,1909f56bfc062723c751e8b465ee728b) [PhysX] Initialized MultithreadedTaskDispatcher with 12 workers.
[PhysX] Initialized MultithreadedTaskDispatcher with 12 workers.
 -> (artifact id: '99d627cbcbacaedec61136ff6662debf') in 0.011177 seconds
Number of updated asset objects reloaded before import = 0
Number of asset objects unloaded after import = 14
